<?xml version="1.0" encoding="UTF-8"?>
<beans xmlns="http://www.springframework.org/schema/beans"
    xmlns:tx="http://www.springframework.org/schema/tx"
    xmlns:xsi="http://www.w3.org/2001/XMLSchema-instance"
    xsi:schemaLocation="http://www.springframework.org/schema/beans
    http://www.springframework.org/schema/beans/spring-beans.xsd
    http://www.springframework.org/schema/tx
    http://www.springframework.org/schema/tx/spring-tx.xsd">

    <tx:annotation-driven/>

    <bean id="transactionManager" class="org.springframework.jdbc.datasource.DataSourceTransactionManager">
        <property name="dataSource" ref="dataSource"/>
    </bean>

    <bean id="dataSource" class="org.springframework.jdbc.datasource.DriverManagerDataSource">
        <property name="driverClassName" value="com.mysql.jdbc.Driver"/>
        <property name="url" value="jdbc:mysql://localhost:3306/acltest?characterEncoding=UTF-8&amp;characterSetResults=UTF-8"/>
        <property name="username" value="root"/>
        <property name="password" value="123456"/>
    </bean>

    <bean id="cacheManager" class="org.springframework.cache.ehcache.EhCacheManagerFactoryBean"/>

    <bean id="messageService" class="net.kentop.acl.object.MessageService">
        <property name="mutableAclService" ref="aclService"/>
    </bean>

</beans>
