<?xml version="1.0" encoding="UTF-8"?>
<beans:beans xmlns="http://www.springframework.org/schema/security"
	xmlns:beans="http://www.springframework.org/schema/beans" xmlns:sec="http://www.springframework.org/schema/security"
	xmlns:xsi="http://www.w3.org/2001/XMLSchema-instance"
	xsi:schemaLocation="http://www.springframework.org/schema/beans
    http://www.springframework.org/schema/beans/spring-beans.xsd
                     http://www.springframework.org/schema/security 
                     http://www.springframework.org/schema/security/spring-security-3.0.4.xsd ">

	<http auto-config='true'>
		<intercept-url pattern="/admin.jsp" access="ROLE_ADMIN" />
		<intercept-url pattern="/**" access="ROLE_USER" />
	</http>

	<sec:authentication-manager>
		<sec:authentication-provider>
			<user-service>
				<user name="admin" password="admin" authorities="ROLE_USER, ROLE_ADMIN" />
				<user name="user" password="user" authorities="ROLE_USER" />
			</user-service>
		</sec:authentication-provider>
	</sec:authentication-manager>

	<global-method-security secured-annotations="enabled"
		access-decision-manager-ref="aclAccessDecisionManager" />

</beans:beans>