<?xml version="1.0" encoding="UTF-8"?><theme>
<version><![CDATA[1.0]]></version>
<uiVersion>2</uiVersion>
<author><![CDATA[北京华康信息技术有限公司]]></author>
<designer><![CDATA[北京华康信息技术有限公司]]></designer>
<title><![CDATA[华康翩翩体W5]]></title>
<description><![CDATA[华康翩翩体是一款手书风书体，风格呈现自然手感，字呈长型，右上扬起，清秀洒脱，笔触带着俏皮的律动感，整体表现活泼生动是一套亲和随兴的手书体。]]></description>
<authors>
<author locale="zh_CN"><![CDATA[北京华康信息技术有限公司]]></author>
</authors>
<designers>
<designer locale="zh_CN"><![CDATA[北京华康信息技术有限公司]]></designer>
</designers>
<titles>
<title locale="zh_CN"><![CDATA[华康翩翩体W5]]></title>
</titles>
<descriptions>
<description locale="zh_CN"><![CDATA[华康翩翩体是一款手书风书体，风格呈现自然手感，字呈长型，右上扬起，清秀洒脱，笔触带着俏皮的律动感，整体表现活泼生动是一套亲和随兴的手书体。]]></description>
</descriptions>
</theme>
