{"assets":{"890F69D0FE138E29BAE3A1FB63D0B484":{"type":"texture","index":77,"assetRequest":{"type":"slide","state":"contents","slide":"AAAF289C-5ED4-4377-9061-87B6062FF706"},"url":"assets/890F69D0FE138E29BAE3A1FB63D0B484.png","width":92,"height":31},"09569A886D6C871C727DCD911D298162":{"type":"texture","index":73,"assetRequest":{"type":"slide","state":"contents","slide":"AAAF289C-5ED4-4377-9061-87B6062FF706"},"url":"assets/09569A886D6C871C727DCD911D298162.png","width":92,"height":31},"3667F9C174A9ABB1F137BF19AFE19566":{"type":"texture","index":78,"assetRequest":{"type":"slide","state":"outgoing","slide":"AAAF289C-5ED4-4377-9061-87B6062FF706"},"url":"assets/3667F9C174A9ABB1F137BF19AFE19566.png","width":1024,"height":768},"551320784AD0625FE4CEE8145E92C495":{"type":"texture","index":72,"assetRequest":{"type":"slide","state":"contents","slide":"AAAF289C-5ED4-4377-9061-87B6062FF706"},"url":"assets/551320784AD0625FE4CEE8145E92C495.svg","width":695,"height":59},"55AC5674BDF3A2FBC3B2729D75BFEBC2":{"type":"texture","index":70,"assetRequest":{"type":"slide","state":"contents","slide":"AAAF289C-5ED4-4377-9061-87B6062FF706"},"url":"assets/55AC5674BDF3A2FBC3B2729D75BFEBC2.png","width":675,"height":50},"9EAE9F6132AA3B6DDFD442727CE5FCCF":{"type":"texture","index":76,"assetRequest":{"type":"slide","state":"contents","slide":"AAAF289C-5ED4-4377-9061-87B6062FF706"},"url":"assets/9EAE9F6132AA3B6DDFD442727CE5FCCF.png","width":571,"height":132},"86D8887464225A2E8F07B5438DB19E35":{"type":"texture","index":79,"assetRequest":{"type":"slide","state":"incoming","slide":"24DB4BE3-5566-4C2A-8422-44E86E1CCF2B"},"url":"assets/86D8887464225A2E8F07B5438DB19E35.png","width":1024,"height":768},"96123E748D8174E2DB77ABF7C9380B4F":{"type":"texture","index":71,"assetRequest":{"type":"slide","state":"contents","slide":"AAAF289C-5ED4-4377-9061-87B6062FF706"},"url":"assets/96123E748D8174E2DB77ABF7C9380B4F.png","width":571,"height":132},"07ABFA84133110ECC37644BD3FEF7035":{"type":"texture","index":75,"assetRequest":{"type":"slide","state":"contents","slide":"AAAF289C-5ED4-4377-9061-87B6062FF706"},"url":"assets/07ABFA84133110ECC37644BD3FEF7035.png","width":92,"height":32},"498E23C82CA78A4BCD7BA88E5243B6FC":{"type":"texture","index":69,"assetRequest":{"type":"slide","state":"contents","slide":"AAAF289C-5ED4-4377-9061-87B6062FF706"},"url":"assets/498E23C82CA78A4BCD7BA88E5243B6FC.svg","width":1024,"height":768},"9367D2D1636367247C31606CA70B984E":{"type":"texture","index":74,"assetRequest":{"type":"slide","state":"contents","slide":"AAAF289C-5ED4-4377-9061-87B6062FF706"},"url":"assets/9367D2D1636367247C31606CA70B984E.png","width":571,"height":132}},"events":[{"effects":[{"beginTime":0,"baseLayer":{"animations":[],"initialState":{"affineTransform":[1,0,0,1,0,0],"masksToBounds":false,"rotation":0,"scale":1,"position":{"pointX":433.9633560180664,"pointY":665.0918197631836},"width":687.8961791992188,"sublayerTransform":[1,0,0,0,0,1,0,0,0,0,1,0,0,0,0,1],"contentsRect":{"y":0,"x":0,"width":1,"height":1},"opacity":1,"edgeAntialiasingMask":15,"height":56.72538757324219,"hidden":false,"anchorPoint":{"pointX":0.5,"pointY":0.5}},"objectID":"EA7B4185-3B53-48A6-9E15-75D2D3B2FB4E","layers":[{"animations":[],"initialState":{"affineTransform":[1,0,0,1,0,0],"masksToBounds":false,"rotation":0,"scale":1,"position":{"pointX":421.984733581543,"pointY":-252.7291259765625},"width":687.8961791992188,"sublayerTransform":[1,0,0,0,0,1,0,0,0,0,1,-0.0004922987690640373,0,0,0,1],"contentsRect":{"y":0,"x":0,"width":1,"height":1},"opacity":1,"edgeAntialiasingMask":15,"height":56.72538757324219,"hidden":false,"anchorPoint":{"pointX":0.6134424733580818,"pointY":-4.455308932887341}},"layers":[{"animations":[{"from":{"scalar":true},"beginTime":1e-100,"repeatCount":0,"fillMode":"both","property":"hidden","duration":0.01,"to":{"scalar":false}}],"layers":[],"initialState":{"affineTransform":[1,0,0,1,0,0],"masksToBounds":false,"rotation":0,"scale":1,"position":{"pointX":346.484733581543,"pointY":28.7708740234375},"width":695,"sublayerTransform":[1,0,0,0,0,1,0,0,0,0,1,0,0,0,0,1],"contentsRect":{"y":0,"x":0,"width":1,"height":1},"opacity":1,"edgeAntialiasingMask":0,"height":59,"hidden":true,"anchorPoint":{"pointX":0.5,"pointY":0.5}},"texture":"551320784AD0625FE4CEE8145E92C495"}]}]},"effects":[{"beginTime":0,"baseLayer":{"animations":[],"initialState":{"affineTransform":[1,0,0,1,0,0],"masksToBounds":false,"rotation":0,"scale":1,"position":{"pointX":487.57,"pointY":240.2107925415039},"width":568.7633813476563,"sublayerTransform":[1,0,0,0,0,1,0,0,0,0,1,0,0,0,0,1],"contentsRect":{"y":0,"x":0,"width":1,"height":1},"opacity":1,"edgeAntialiasingMask":15,"height":129.4206695556641,"hidden":false,"anchorPoint":{"pointX":0.5,"pointY":0.5}},"objectID":"60CC5BF4-A2EF-48F4-9088-5057CF8AAE4D","layers":[{"animations":[],"initialState":{"affineTransform":[1,0,0,1,0,0],"masksToBounds":false,"rotation":0,"scale":1,"position":{"pointX":308.8116906738281,"pointY":208.4995422363281},"width":568.7633813476563,"sublayerTransform":[1,0,0,0,0,1,0,0,0,0,1,-0.0004922987690640373,0,0,0,1],"contentsRect":{"y":0,"x":0,"width":1,"height":1},"opacity":1,"edgeAntialiasingMask":15,"height":129.4206695556641,"hidden":false,"anchorPoint":{"pointX":0.5429528355748121,"pointY":1.611021971622949}},"layers":[{"animations":[{"repeatCount":0,"animations":[{"from":{"scalar":0},"beginTime":0,"repeatCount":0,"fillMode":"both","property":"opacity","duration":0.4,"timingFunction":"easeInEaseOut","to":{"scalar":1}},{"from":{"scalar":false},"beginTime":0,"repeatCount":0,"fillMode":"forwards","property":"hidden","duration":0.4,"to":{"scalar":false}}],"beginTime":1e-100,"fillMode":"both","duration":0.4}],"layers":[],"initialState":{"affineTransform":[1,0,0,1,0,0],"masksToBounds":false,"rotation":0,"scale":1,"position":{"pointX":284.3116906738281,"pointY":64.49954223632812},"width":571,"sublayerTransform":[1,0,0,0,0,1,0,0,0,0,1,0,0,0,0,1],"contentsRect":{"y":0,"x":0,"width":1,"height":1},"opacity":1,"edgeAntialiasingMask":0,"height":132,"hidden":true,"anchorPoint":{"pointX":0.5,"pointY":0.5}},"texture":"96123E748D8174E2DB77ABF7C9380B4F"}]}]},"effects":[{"beginTime":0,"baseLayer":{"animations":[],"initialState":{"affineTransform":[1,0,0,1,0,0],"masksToBounds":false,"rotation":0,"scale":1,"position":{"pointX":487.57,"pointY":380.7989273071289},"width":568.7633813476563,"sublayerTransform":[1,0,0,0,0,1,0,0,0,0,1,0,0,0,0,1],"contentsRect":{"y":0,"x":0,"width":1,"height":1},"opacity":1,"edgeAntialiasingMask":15,"height":129.4206695556641,"hidden":false,"anchorPoint":{"pointX":0.5,"pointY":0.5}},"objectID":"FC3802CC-1476-4BA0-8B89-C1D3655B391B","layers":[{"animations":[],"initialState":{"affineTransform":[1,0,0,1,0,0],"masksToBounds":false,"rotation":0,"scale":1,"position":{"pointX":308.8116906738281,"pointY":67.91140747070312},"width":568.7633813476563,"sublayerTransform":[1,0,0,0,0,1,0,0,0,0,1,-0.0004922987690640373,0,0,0,1],"contentsRect":{"y":0,"x":0,"width":1,"height":1},"opacity":1,"edgeAntialiasingMask":15,"height":129.4206695556641,"hidden":false,"anchorPoint":{"pointX":0.5429528355748121,"pointY":0.5247338597757316}},"layers":[{"animations":[{"repeatCount":0,"animations":[{"from":{"scalar":0},"beginTime":0,"repeatCount":0,"fillMode":"both","property":"opacity","duration":0.4,"timingFunction":"easeInEaseOut","to":{"scalar":1}},{"from":{"scalar":false},"beginTime":0,"repeatCount":0,"fillMode":"forwards","property":"hidden","duration":0.4,"to":{"scalar":false}}],"beginTime":1e-100,"fillMode":"both","duration":0.4}],"layers":[],"initialState":{"affineTransform":[1,0,0,1,0,0],"masksToBounds":false,"rotation":0,"scale":1,"position":{"pointX":284.3116906738281,"pointY":64.91140747070312},"width":571,"sublayerTransform":[1,0,0,0,0,1,0,0,0,0,1,0,0,0,0,1],"contentsRect":{"y":0,"x":0,"width":1,"height":1},"opacity":1,"edgeAntialiasingMask":0,"height":132,"hidden":true,"anchorPoint":{"pointX":0.5,"pointY":0.5}},"texture":"9367D2D1636367247C31606CA70B984E"}]}]},"effects":[{"beginTime":0,"baseLayer":{"animations":[],"initialState":{"affineTransform":[1,0,0,1,0,0],"masksToBounds":false,"rotation":0,"scale":1,"position":{"pointX":487.57,"pointY":522.1508255004883},"width":568.7633813476563,"sublayerTransform":[1,0,0,0,0,1,0,0,0,0,1,0,0,0,0,1],"contentsRect":{"y":0,"x":0,"width":1,"height":1},"opacity":1,"edgeAntialiasingMask":15,"height":129.4206695556641,"hidden":false,"anchorPoint":{"pointX":0.5,"pointY":0.5}},"objectID":"1F4C6817-26BD-45E4-9C08-E1AE36826D31","layers":[{"animations":[],"initialState":{"affineTransform":[1,0,0,1,0,0],"masksToBounds":false,"rotation":0,"scale":1,"position":{"pointX":308.8116906738281,"pointY":-73.44049072265625},"width":568.7633813476563,"sublayerTransform":[1,0,0,0,0,1,0,0,0,0,1,-0.0004922987690640373,0,0,0,1],"contentsRect":{"y":0,"x":0,"width":1,"height":1},"opacity":1,"edgeAntialiasingMask":15,"height":129.4206695556641,"hidden":false,"anchorPoint":{"pointX":0.5429528355748121,"pointY":-0.5674556543000217}},"layers":[{"animations":[{"repeatCount":0,"animations":[{"from":{"scalar":0},"beginTime":0,"repeatCount":0,"fillMode":"both","property":"opacity","duration":0.4,"timingFunction":"easeInEaseOut","to":{"scalar":1}},{"from":{"scalar":false},"beginTime":0,"repeatCount":0,"fillMode":"forwards","property":"hidden","duration":0.4,"to":{"scalar":false}}],"beginTime":1e-100,"fillMode":"both","duration":0.4}],"layers":[],"initialState":{"affineTransform":[1,0,0,1,0,0],"masksToBounds":false,"rotation":0,"scale":1,"position":{"pointX":284.3116906738281,"pointY":64.55950927734375},"width":571,"sublayerTransform":[1,0,0,0,0,1,0,0,0,0,1,0,0,0,0,1],"contentsRect":{"y":0,"x":0,"width":1,"height":1},"opacity":1,"edgeAntialiasingMask":0,"height":132,"hidden":true,"anchorPoint":{"pointX":0.5,"pointY":0.5}},"texture":"9EAE9F6132AA3B6DDFD442727CE5FCCF"}]}]},"effects":[],"duration":0.4,"type":"buildIn","name":"apple:dissolve","objectID":"1F4C6817-26BD-45E4-9C08-E1AE36826D31"}],"duration":0.4,"type":"buildIn","name":"apple:dissolve","objectID":"FC3802CC-1476-4BA0-8B89-C1D3655B391B"}],"duration":0.4,"type":"buildIn","name":"apple:dissolve","objectID":"60CC5BF4-A2EF-48F4-9088-5057CF8AAE4D"}],"duration":0.01,"type":"buildIn","name":"apple:appear","objectID":"EA7B4185-3B53-48A6-9E15-75D2D3B2FB4E"}],"automaticPlay":true,"hyperlinks":[],"accessibility":[{"text":"IEG","targetRectangle":{"y":675.4545136595539,"x":370.0278449654579,"width":20.00400000000002,"height":14}},{"text":"TEG","targetRectangle":{"y":675.9422306120396,"x":280.760072350502,"width":21.39499999999998,"height":13}},{"text":"qqicon-yz.png","targetRectangle":{"y":637.2414552569389,"x":452.6367568969727,"width":31.97128295898438,"height":35.28125}},{"text":"qqicon-yz.png","targetRectangle":{"y":637.241455078125,"x":629.8015823364258,"width":31.97128295898438,"height":35.28125}},{"text":"qqicon-yz.png","targetRectangle":{"y":637.2414551377296,"x":275.4719314575195,"width":31.97128295898438,"height":35.28125}},{"text":"TEG","targetRectangle":{"y":675.9422307312489,"x":457.9248977899551,"width":21.39499999999998,"height":13}},{"text":"钟爱注释","targetRectangle":{"y":195.3637693524361,"x":85.26192474365234,"width":80,"height":20.4000244140625}},{"text":"钟爱简洁","targetRectangle":{"y":335.9519041180611,"x":85.26192474365234,"width":80,"height":20.4000244140625}},{"text":"TEG","targetRectangle":{"y":675.9422305524349,"x":635.0897232294083,"width":21.39499999999998,"height":13}},{"text":"qqicon-yz.png","targetRectangle":{"y":636.7291259765625,"x":718.3806838989258,"width":31.97788667277064,"height":35.28853619098663}},{"text":"qqicon-yz.png","targetRectangle":{"y":637.2414322495461,"x":90.01526641845703,"width":31.97128295898438,"height":35.28125}},{"text":"IEG","targetRectangle":{"y":675.4545136094093,"x":724.3574958443642,"width":20.00400000000002,"height":14}},{"text":"钟爱删除","targetRectangle":{"y":477.3038023114204,"x":85.26192474365234,"width":80,"height":20.4000244140625}},{"text":"TEG","targetRectangle":{"y":675.942207723856,"x":95.30340731143951,"width":21.395,"height":13}},{"text":"程序鹅 生活习性 注重生活质量","targetRectangle":{"y":90,"x":79,"width":677.783203125,"height":60}},{"text":"qqicon-yz.png","targetRectangle":{"y":636.7291263048229,"x":178.5943756103516,"width":31.97788667277064,"height":35.28853619098663}},{"text":"qqicon-yz.png","targetRectangle":{"y":636.7291261520684,"x":541.2158889770508,"width":31.97788667277064,"height":35.28853619098663}},{"text":"qqicon-yz.png","targetRectangle":{"y":636.729126026707,"x":364.0510330200195,"width":31.97788667277064,"height":35.28853619098663}},{"text":"IEG","targetRectangle":{"y":675.4545139376697,"x":184.5711875557899,"width":20.00399999999999,"height":14}},{"text":"IEG","targetRectangle":{"y":675.4545137849152,"x":547.1927009224892,"width":20.00400000000002,"height":14}}],"baseLayer":{"animations":[],"initialState":{"affineTransform":[1,0,0,1,0,0],"masksToBounds":true,"rotation":0,"scale":1,"position":{"pointX":512,"pointY":384},"width":1024,"sublayerTransform":[1,0,0,0,0,1,0,0,0,0,1,0,0,0,0,1],"contentsRect":{"y":0,"x":0,"width":1,"height":1},"opacity":1,"edgeAntialiasingMask":0,"height":768,"hidden":false,"anchorPoint":{"pointX":0.5,"pointY":0.5}},"layers":[{"animations":[],"initialState":{"affineTransform":[1,0,0,1,0,0],"masksToBounds":false,"rotation":0,"scale":1,"position":{"pointX":512,"pointY":384},"width":1024,"sublayerTransform":[1,0,0,0,0,1,0,0,0,0,1,0,0,0,0,1],"contentsRect":{"y":0,"x":0,"width":1,"height":1},"opacity":1,"edgeAntialiasingMask":15,"height":768,"hidden":false,"anchorPoint":{"pointX":0.5,"pointY":0.5}},"layers":[{"animations":[],"initialState":{"affineTransform":[1,0,0,1,0,0],"masksToBounds":false,"rotation":0,"scale":1,"position":{"pointX":512,"pointY":384},"width":1024,"sublayerTransform":[1,0,0,0,0,1,0,0,0,0,1,0,0,0,0,1],"contentsRect":{"y":0,"x":0,"width":1,"height":1},"opacity":1,"edgeAntialiasingMask":15,"height":768,"hidden":false,"anchorPoint":{"pointX":0.5,"pointY":0.5}},"layers":[{"animations":[],"layers":[],"initialState":{"affineTransform":[1,0,0,1,0,0],"masksToBounds":false,"rotation":0,"scale":1,"position":{"pointX":512,"pointY":384},"width":1024,"sublayerTransform":[1,0,0,0,0,1,0,0,0,0,1,0,0,0,0,1],"contentsRect":{"y":0,"x":0,"width":1,"height":1},"opacity":1,"edgeAntialiasingMask":0,"height":768,"hidden":false,"anchorPoint":{"pointX":0.5,"pointY":0.5}},"texture":"498E23C82CA78A4BCD7BA88E5243B6FC"}]}]},{"animations":[],"initialState":{"affineTransform":[1,0,0,1,0,0],"masksToBounds":false,"rotation":0,"scale":1,"position":{"pointX":512,"pointY":384},"width":1024,"sublayerTransform":[1,0,0,0,0,1,0,0,0,0,1,0,0,0,0,1],"contentsRect":{"y":0,"x":0,"width":1,"height":1},"opacity":1,"edgeAntialiasingMask":15,"height":768,"hidden":false,"anchorPoint":{"pointX":0.5,"pointY":0.5}},"layers":[{"animations":[],"initialState":{"affineTransform":[1,0,0,1,0,0],"masksToBounds":false,"rotation":0,"scale":1,"position":{"pointX":512,"pointY":120},"width":874,"sublayerTransform":[1,0,0,0,0,1,0,0,0,0,1,0,0,0,0,1],"contentsRect":{"y":0,"x":0,"width":1,"height":1},"opacity":1,"edgeAntialiasingMask":15,"height":170,"hidden":false,"anchorPoint":{"pointX":0.5,"pointY":0.5}},"objectID":"4C5825E9-DD80-401F-BEDB-C9E4336F92E3","layers":[{"animations":[],"layers":[],"initialState":{"affineTransform":[1,0,0,1,0,0],"masksToBounds":false,"rotation":0,"scale":1,"position":{"pointX":342.5,"pointY":86},"width":675,"sublayerTransform":[1,0,0,0,0,1,0,0,0,0,1,0,0,0,0,1],"contentsRect":{"y":0,"x":0,"width":1,"height":1},"opacity":1,"edgeAntialiasingMask":0,"height":50,"hidden":false,"anchorPoint":{"pointX":0.5,"pointY":0.5}},"texture":"55AC5674BDF3A2FBC3B2729D75BFEBC2"}]}]},{"animations":[],"initialState":{"affineTransform":[1,0,0,1,0,0],"masksToBounds":false,"rotation":0,"scale":1,"position":{"pointX":512,"pointY":384},"width":1024,"sublayerTransform":[1,0,0,0,0,1,0,0,0,0,1,0,0,0,0,1],"contentsRect":{"y":0,"x":0,"width":1,"height":1},"opacity":1,"edgeAntialiasingMask":15,"height":768,"hidden":false,"anchorPoint":{"pointX":0.5,"pointY":0.5}},"layers":[{"animations":[],"initialState":{"affineTransform":[1,0,0,1,0,0],"masksToBounds":false,"rotation":0,"scale":1,"position":{"pointX":487.57,"pointY":240.2107925415039},"width":568.7633813476563,"sublayerTransform":[1,0,0,0,0,1,0,0,0,0,1,0,0,0,0,1],"contentsRect":{"y":0,"x":0,"width":1,"height":1},"opacity":1,"edgeAntialiasingMask":15,"height":129.4206695556641,"hidden":false,"anchorPoint":{"pointX":0.5,"pointY":0.5}},"objectID":"60CC5BF4-A2EF-48F4-9088-5057CF8AAE4D","layers":[{"animations":[],"layers":[],"initialState":{"affineTransform":[1,0,0,1,0,0],"masksToBounds":false,"rotation":0,"scale":1,"position":{"pointX":284.3116906738281,"pointY":64.49954223632812},"width":571,"sublayerTransform":[1,0,0,0,0,1,0,0,0,0,1,0,0,0,0,1],"contentsRect":{"y":0,"x":0,"width":1,"height":1},"opacity":1,"edgeAntialiasingMask":0,"height":132,"hidden":true,"anchorPoint":{"pointX":0.5,"pointY":0.5}},"texture":"96123E748D8174E2DB77ABF7C9380B4F"}]}]},{"animations":[],"initialState":{"affineTransform":[1,0,0,1,0,0],"masksToBounds":false,"rotation":0,"scale":1,"position":{"pointX":512,"pointY":384},"width":1024,"sublayerTransform":[1,0,0,0,0,1,0,0,0,0,1,0,0,0,0,1],"contentsRect":{"y":0,"x":0,"width":1,"height":1},"opacity":1,"edgeAntialiasingMask":15,"height":768,"hidden":false,"anchorPoint":{"pointX":0.5,"pointY":0.5}},"layers":[{"animations":[],"initialState":{"affineTransform":[1,0,0,1,0,0],"masksToBounds":false,"rotation":0,"scale":1,"position":{"pointX":433.9633560180664,"pointY":665.0918197631836},"width":687.8961791992188,"sublayerTransform":[1,0,0,0,0,1,0,0,0,0,1,0,0,0,0,1],"contentsRect":{"y":0,"x":0,"width":1,"height":1},"opacity":1,"edgeAntialiasingMask":15,"height":56.72538757324219,"hidden":false,"anchorPoint":{"pointX":0.5,"pointY":0.5}},"objectID":"EA7B4185-3B53-48A6-9E15-75D2D3B2FB4E","layers":[{"animations":[],"layers":[],"initialState":{"affineTransform":[1,0,0,1,0,0],"masksToBounds":false,"rotation":0,"scale":1,"position":{"pointX":346.484733581543,"pointY":28.7708740234375},"width":695,"sublayerTransform":[1,0,0,0,0,1,0,0,0,0,1,0,0,0,0,1],"contentsRect":{"y":0,"x":0,"width":1,"height":1},"opacity":1,"edgeAntialiasingMask":0,"height":59,"hidden":true,"anchorPoint":{"pointX":0.5,"pointY":0.5}},"texture":"551320784AD0625FE4CEE8145E92C495"}]}]},{"animations":[],"initialState":{"affineTransform":[1,0,0,1,0,0],"masksToBounds":false,"rotation":0,"scale":1,"position":{"pointX":512,"pointY":384},"width":1024,"sublayerTransform":[1,0,0,0,0,1,0,0,0,0,1,0,0,0,0,1],"contentsRect":{"y":0,"x":0,"width":1,"height":1},"opacity":1,"edgeAntialiasingMask":15,"height":768,"hidden":false,"anchorPoint":{"pointX":0.5,"pointY":0.5}},"layers":[{"animations":[],"initialState":{"affineTransform":[1,0,0,1,0,0],"masksToBounds":false,"rotation":0,"scale":1,"position":{"pointX":125.7619240283966,"pointY":205.5637817382812},"width":88.99999856948853,"sublayerTransform":[1,0,0,0,0,1,0,0,0,0,1,0,0,0,0,1],"contentsRect":{"y":0,"x":0,"width":1,"height":1},"opacity":1,"edgeAntialiasingMask":15,"height":28.40002477169037,"hidden":false,"anchorPoint":{"pointX":0.5,"pointY":0.5}},"objectID":"188D01EA-8E19-4258-94B0-B3C0E7607EEA","layers":[{"animations":[],"layers":[],"initialState":{"affineTransform":[1,0,0,1,0,0],"masksToBounds":false,"rotation":0,"scale":1,"position":{"pointX":44.73807525634766,"pointY":14.13623064756393},"width":92,"sublayerTransform":[1,0,0,0,0,1,0,0,0,0,1,0,0,0,0,1],"contentsRect":{"y":0,"x":0,"width":1,"height":1},"opacity":1,"edgeAntialiasingMask":0,"height":31,"hidden":false,"anchorPoint":{"pointX":0.5,"pointY":0.5}},"texture":"09569A886D6C871C727DCD911D298162"}]}]},{"animations":[],"initialState":{"affineTransform":[1,0,0,1,0,0],"masksToBounds":false,"rotation":0,"scale":1,"position":{"pointX":512,"pointY":384},"width":1024,"sublayerTransform":[1,0,0,0,0,1,0,0,0,0,1,0,0,0,0,1],"contentsRect":{"y":0,"x":0,"width":1,"height":1},"opacity":1,"edgeAntialiasingMask":15,"height":768,"hidden":false,"anchorPoint":{"pointX":0.5,"pointY":0.5}},"layers":[{"animations":[],"initialState":{"affineTransform":[1,0,0,1,0,0],"masksToBounds":false,"rotation":0,"scale":1,"position":{"pointX":487.57,"pointY":380.7989273071289},"width":568.7633813476563,"sublayerTransform":[1,0,0,0,0,1,0,0,0,0,1,0,0,0,0,1],"contentsRect":{"y":0,"x":0,"width":1,"height":1},"opacity":1,"edgeAntialiasingMask":15,"height":129.4206695556641,"hidden":false,"anchorPoint":{"pointX":0.5,"pointY":0.5}},"objectID":"FC3802CC-1476-4BA0-8B89-C1D3655B391B","layers":[{"animations":[],"layers":[],"initialState":{"affineTransform":[1,0,0,1,0,0],"masksToBounds":false,"rotation":0,"scale":1,"position":{"pointX":284.3116906738281,"pointY":64.91140747070312},"width":571,"sublayerTransform":[1,0,0,0,0,1,0,0,0,0,1,0,0,0,0,1],"contentsRect":{"y":0,"x":0,"width":1,"height":1},"opacity":1,"edgeAntialiasingMask":0,"height":132,"hidden":true,"anchorPoint":{"pointX":0.5,"pointY":0.5}},"texture":"9367D2D1636367247C31606CA70B984E"}]}]},{"animations":[],"initialState":{"affineTransform":[1,0,0,1,0,0],"masksToBounds":false,"rotation":0,"scale":1,"position":{"pointX":512,"pointY":384},"width":1024,"sublayerTransform":[1,0,0,0,0,1,0,0,0,0,1,0,0,0,0,1],"contentsRect":{"y":0,"x":0,"width":1,"height":1},"opacity":1,"edgeAntialiasingMask":15,"height":768,"hidden":false,"anchorPoint":{"pointX":0.5,"pointY":0.5}},"layers":[{"animations":[],"initialState":{"affineTransform":[1,0,0,1,0,0],"masksToBounds":false,"rotation":0,"scale":1,"position":{"pointX":125.7619240283966,"pointY":346.1519165039062},"width":88.99999856948853,"sublayerTransform":[1,0,0,0,0,1,0,0,0,0,1,0,0,0,0,1],"contentsRect":{"y":0,"x":0,"width":1,"height":1},"opacity":1,"edgeAntialiasingMask":15,"height":28.40002477169037,"hidden":false,"anchorPoint":{"pointX":0.5,"pointY":0.5}},"objectID":"DFC6F089-F372-4E12-90BC-E02495DE3987","layers":[{"animations":[],"layers":[],"initialState":{"affineTransform":[1,0,0,1,0,0],"masksToBounds":false,"rotation":0,"scale":1,"position":{"pointX":44.73807525634766,"pointY":14.04809588193893},"width":92,"sublayerTransform":[1,0,0,0,0,1,0,0,0,0,1,0,0,0,0,1],"contentsRect":{"y":0,"x":0,"width":1,"height":1},"opacity":1,"edgeAntialiasingMask":0,"height":32,"hidden":false,"anchorPoint":{"pointX":0.5,"pointY":0.5}},"texture":"07ABFA84133110ECC37644BD3FEF7035"}]}]},{"animations":[],"initialState":{"affineTransform":[1,0,0,1,0,0],"masksToBounds":false,"rotation":0,"scale":1,"position":{"pointX":512,"pointY":384},"width":1024,"sublayerTransform":[1,0,0,0,0,1,0,0,0,0,1,0,0,0,0,1],"contentsRect":{"y":0,"x":0,"width":1,"height":1},"opacity":1,"edgeAntialiasingMask":15,"height":768,"hidden":false,"anchorPoint":{"pointX":0.5,"pointY":0.5}},"layers":[{"animations":[],"initialState":{"affineTransform":[1,0,0,1,0,0],"masksToBounds":false,"rotation":0,"scale":1,"position":{"pointX":487.57,"pointY":522.1508255004883},"width":568.7633813476563,"sublayerTransform":[1,0,0,0,0,1,0,0,0,0,1,0,0,0,0,1],"contentsRect":{"y":0,"x":0,"width":1,"height":1},"opacity":1,"edgeAntialiasingMask":15,"height":129.4206695556641,"hidden":false,"anchorPoint":{"pointX":0.5,"pointY":0.5}},"objectID":"1F4C6817-26BD-45E4-9C08-E1AE36826D31","layers":[{"animations":[],"layers":[],"initialState":{"affineTransform":[1,0,0,1,0,0],"masksToBounds":false,"rotation":0,"scale":1,"position":{"pointX":284.3116906738281,"pointY":64.55950927734375},"width":571,"sublayerTransform":[1,0,0,0,0,1,0,0,0,0,1,0,0,0,0,1],"contentsRect":{"y":0,"x":0,"width":1,"height":1},"opacity":1,"edgeAntialiasingMask":0,"height":132,"hidden":true,"anchorPoint":{"pointX":0.5,"pointY":0.5}},"texture":"9EAE9F6132AA3B6DDFD442727CE5FCCF"}]}]},{"animations":[],"initialState":{"affineTransform":[1,0,0,1,0,0],"masksToBounds":false,"rotation":0,"scale":1,"position":{"pointX":512,"pointY":384},"width":1024,"sublayerTransform":[1,0,0,0,0,1,0,0,0,0,1,0,0,0,0,1],"contentsRect":{"y":0,"x":0,"width":1,"height":1},"opacity":1,"edgeAntialiasingMask":15,"height":768,"hidden":false,"anchorPoint":{"pointX":0.5,"pointY":0.5}},"layers":[{"animations":[],"initialState":{"affineTransform":[1,0,0,1,0,0],"masksToBounds":false,"rotation":0,"scale":1,"position":{"pointX":125.7619240283966,"pointY":487.5038146972656},"width":88.99999856948853,"sublayerTransform":[1,0,0,0,0,1,0,0,0,0,1,0,0,0,0,1],"contentsRect":{"y":0,"x":0,"width":1,"height":1},"opacity":1,"edgeAntialiasingMask":15,"height":28.40002477169037,"hidden":false,"anchorPoint":{"pointX":0.5,"pointY":0.5}},"objectID":"67224C82-DF38-4373-B001-9F65690E8D7A","layers":[{"animations":[],"layers":[],"initialState":{"affineTransform":[1,0,0,1,0,0],"masksToBounds":false,"rotation":0,"scale":1,"position":{"pointX":44.73807525634766,"pointY":14.19619768857956},"width":92,"sublayerTransform":[1,0,0,0,0,1,0,0,0,0,1,0,0,0,0,1],"contentsRect":{"y":0,"x":0,"width":1,"height":1},"opacity":1,"edgeAntialiasingMask":0,"height":31,"hidden":false,"anchorPoint":{"pointX":0.5,"pointY":0.5}},"texture":"890F69D0FE138E29BAE3A1FB63D0B484"}]}]}]}},{"effects":[{"beginTime":0,"baseLayer":{"animations":[],"initialState":{"affineTransform":[1,0,0,1,0,0],"masksToBounds":true,"rotation":0,"scale":1,"position":{"pointX":512,"pointY":384},"width":1024,"sublayerTransform":[1,0,0,0,0,1,0,0,0,0,1,0,0,0,0,1],"contentsRect":{"y":0,"x":0,"width":1,"height":1},"opacity":1,"edgeAntialiasingMask":0,"height":768,"hidden":false,"anchorPoint":{"pointX":0.5,"pointY":0.5}},"objectID":"0","layers":[{"animations":[],"initialState":{"affineTransform":[1,0,0,1,0,0],"masksToBounds":false,"rotation":0,"scale":1,"position":{"pointX":512,"pointY":384},"width":1024,"sublayerTransform":[1,0,0,0,0,1,0,0,0,0,1,-0.0004922987690640373,0,0,0,1],"contentsRect":{"y":0,"x":0,"width":1,"height":1},"opacity":1,"edgeAntialiasingMask":15,"height":768,"hidden":false,"anchorPoint":{"pointX":0.5,"pointY":0.5}},"layers":[{"animations":[],"layers":[],"initialState":{"affineTransform":[1,0,0,1,0,0],"masksToBounds":false,"rotation":0,"scale":1,"position":{"pointX":512,"pointY":384},"width":1024,"sublayerTransform":[1,0,0,0,0,1,0,0,0,0,1,0,0,0,0,1],"contentsRect":{"y":0,"x":0,"width":1,"height":1},"opacity":1,"edgeAntialiasingMask":0,"height":768,"hidden":false,"anchorPoint":{"pointX":0.5,"pointY":0.5}},"texture":"86D8887464225A2E8F07B5438DB19E35"},{"animations":[{"from":{"scalar":false},"beginTime":0,"repeatCount":0,"fillMode":"both","property":"hidden","duration":0.01,"to":{"scalar":true}}],"layers":[],"initialState":{"affineTransform":[1,0,0,1,0,0],"masksToBounds":false,"rotation":0,"scale":1,"position":{"pointX":512,"pointY":384},"width":1024,"sublayerTransform":[1,0,0,0,0,1,0,0,0,0,1,0,0,0,0,1],"contentsRect":{"y":0,"x":0,"width":1,"height":1},"opacity":1,"edgeAntialiasingMask":0,"height":768,"hidden":false,"anchorPoint":{"pointX":0.5,"pointY":0.5}},"texture":"3667F9C174A9ABB1F137BF19AFE19566"}]}]},"effects":[],"duration":0.01,"type":"transition","name":"none","objectID":"0"}],"automaticPlay":false,"hyperlinks":[],"accessibility":[{"text":"IEG","targetRectangle":{"y":675.4545136595539,"x":370.0278449654579,"width":20.00400000000002,"height":14}},{"text":"TEG","targetRectangle":{"y":675.9422306120396,"x":280.760072350502,"width":21.39499999999998,"height":13}},{"text":"qqicon-yz.png","targetRectangle":{"y":637.2414552569389,"x":452.6367568969727,"width":31.97128295898438,"height":35.28125}},{"text":"qqicon-yz.png","targetRectangle":{"y":637.241455078125,"x":629.8015823364258,"width":31.97128295898438,"height":35.28125}},{"text":"qqicon-yz.png","targetRectangle":{"y":637.2414551377296,"x":275.4719314575195,"width":31.97128295898438,"height":35.28125}},{"text":"TEG","targetRectangle":{"y":675.9422307312489,"x":457.9248977899551,"width":21.39499999999998,"height":13}},{"text":"钟爱注释","targetRectangle":{"y":195.3637693524361,"x":85.26192474365234,"width":80,"height":20.4000244140625}},{"text":"钟爱简洁","targetRectangle":{"y":335.9519041180611,"x":85.26192474365234,"width":80,"height":20.4000244140625}},{"text":"TEG","targetRectangle":{"y":675.9422305524349,"x":635.0897232294083,"width":21.39499999999998,"height":13}},{"text":"qqicon-yz.png","targetRectangle":{"y":636.7291259765625,"x":718.3806838989258,"width":31.97788667277064,"height":35.28853619098663}},{"text":"qqicon-yz.png","targetRectangle":{"y":637.2414322495461,"x":90.01526641845703,"width":31.97128295898438,"height":35.28125}},{"text":"IEG","targetRectangle":{"y":675.4545136094093,"x":724.3574958443642,"width":20.00400000000002,"height":14}},{"text":"钟爱删除","targetRectangle":{"y":477.3038023114204,"x":85.26192474365234,"width":80,"height":20.4000244140625}},{"text":"TEG","targetRectangle":{"y":675.942207723856,"x":95.30340731143951,"width":21.395,"height":13}},{"text":"程序鹅 生活习性 注重生活质量","targetRectangle":{"y":90,"x":79,"width":677.783203125,"height":60}},{"text":"qqicon-yz.png","targetRectangle":{"y":636.7291263048229,"x":178.5943756103516,"width":31.97788667277064,"height":35.28853619098663}},{"text":"qqicon-yz.png","targetRectangle":{"y":636.7291261520684,"x":541.2158889770508,"width":31.97788667277064,"height":35.28853619098663}},{"text":"qqicon-yz.png","targetRectangle":{"y":636.729126026707,"x":364.0510330200195,"width":31.97788667277064,"height":35.28853619098663}},{"text":"IEG","targetRectangle":{"y":675.4545139376697,"x":184.5711875557899,"width":20.00399999999999,"height":14}},{"text":"IEG","targetRectangle":{"y":675.4545137849152,"x":547.1927009224892,"width":20.00400000000002,"height":14}}],"baseLayer":{"animations":[],"initialState":{"affineTransform":[1,0,0,1,0,0],"masksToBounds":true,"rotation":0,"scale":1,"position":{"pointX":512,"pointY":384},"width":1024,"sublayerTransform":[1,0,0,0,0,1,0,0,0,0,1,0,0,0,0,1],"contentsRect":{"y":0,"x":0,"width":1,"height":1},"opacity":1,"edgeAntialiasingMask":0,"height":768,"hidden":false,"anchorPoint":{"pointX":0.5,"pointY":0.5}},"objectID":"0","layers":[{"animations":[],"initialState":{"affineTransform":[1,0,0,1,0,0],"masksToBounds":false,"rotation":0,"scale":1,"position":{"pointX":512,"pointY":384},"width":1024,"sublayerTransform":[1,0,0,0,0,1,0,0,0,0,1,-0.0004922987690640373,0,0,0,1],"contentsRect":{"y":0,"x":0,"width":1,"height":1},"opacity":1,"edgeAntialiasingMask":15,"height":768,"hidden":false,"anchorPoint":{"pointX":0.5,"pointY":0.5}},"layers":[{"animations":[],"layers":[],"initialState":{"affineTransform":[1,0,0,1,0,0],"masksToBounds":false,"rotation":0,"scale":1,"position":{"pointX":512,"pointY":384},"width":1024,"sublayerTransform":[1,0,0,0,0,1,0,0,0,0,1,0,0,0,0,1],"contentsRect":{"y":0,"x":0,"width":1,"height":1},"opacity":1,"edgeAntialiasingMask":0,"height":768,"hidden":false,"anchorPoint":{"pointX":0.5,"pointY":0.5}},"texture":"3667F9C174A9ABB1F137BF19AFE19566"}]}]}}]}