{"assets":{"FB006C56A047483621ADA1B15BE6CDCE":{"type":"texture","index":213,"assetRequest":{"type":"slide","state":"incoming","slide":"B4D95658-EEFA-4F55-A37C-BBD228BC1C6E"},"url":"assets/FB006C56A047483621ADA1B15BE6CDCE.svg","width":1024,"height":768},"99BA57E8F7AE54124F43BAF9F3D63609":{"type":"texture","index":212,"assetRequest":{"type":"slide","state":"outgoing","slide":"2769ED81-E712-48B3-B16A-1D33D641EAC4"},"url":"assets/99BA57E8F7AE54124F43BAF9F3D63609.svg","width":1024,"height":768}},"events":[{"effects":[{"beginTime":0,"baseLayer":{"animations":[],"initialState":{"affineTransform":[1,0,0,1,0,0],"masksToBounds":true,"rotation":0,"scale":1,"position":{"pointX":512,"pointY":384},"width":1024,"sublayerTransform":[1,0,0,0,0,1,0,0,0,0,1,0,0,0,0,1],"contentsRect":{"y":0,"x":0,"width":1,"height":1},"opacity":1,"edgeAntialiasingMask":0,"height":768,"hidden":false,"anchorPoint":{"pointX":0.5,"pointY":0.5}},"objectID":"0","layers":[{"animations":[],"initialState":{"affineTransform":[1,0,0,1,0,0],"masksToBounds":false,"rotation":0,"scale":1,"position":{"pointX":512,"pointY":384},"width":1024,"sublayerTransform":[1,0,0,0,0,1,0,0,0,0,1,-0.0004922987690640373,0,0,0,1],"contentsRect":{"y":0,"x":0,"width":1,"height":1},"opacity":1,"edgeAntialiasingMask":15,"height":768,"hidden":false,"anchorPoint":{"pointX":0.5,"pointY":0.5}},"layers":[{"animations":[],"layers":[],"initialState":{"affineTransform":[1,0,0,1,0,0],"masksToBounds":false,"rotation":0,"scale":1,"position":{"pointX":512,"pointY":384},"width":1024,"sublayerTransform":[1,0,0,0,0,1,0,0,0,0,1,0,0,0,0,1],"contentsRect":{"y":0,"x":0,"width":1,"height":1},"opacity":1,"edgeAntialiasingMask":0,"height":768,"hidden":false,"anchorPoint":{"pointX":0.5,"pointY":0.5}},"texture":"FB006C56A047483621ADA1B15BE6CDCE"},{"animations":[{"from":{"scalar":false},"beginTime":0,"repeatCount":0,"fillMode":"both","property":"hidden","duration":0.01,"to":{"scalar":true}}],"layers":[],"initialState":{"affineTransform":[1,0,0,1,0,0],"masksToBounds":false,"rotation":0,"scale":1,"position":{"pointX":512,"pointY":384},"width":1024,"sublayerTransform":[1,0,0,0,0,1,0,0,0,0,1,0,0,0,0,1],"contentsRect":{"y":0,"x":0,"width":1,"height":1},"opacity":1,"edgeAntialiasingMask":0,"height":768,"hidden":false,"anchorPoint":{"pointX":0.5,"pointY":0.5}},"texture":"99BA57E8F7AE54124F43BAF9F3D63609"}]}]},"effects":[],"duration":0.01,"type":"transition","name":"none","objectID":"0"}],"automaticPlay":false,"hyperlinks":[],"accessibility":[{"text":"qqicon-yz.png","targetRectangle":{"y":389.9581718444824,"x":67.489501953125,"width":39.79961395263672,"height":43.9200439453125}},{"text":"qqicon-yz.png","targetRectangle":{"y":279.2824516296387,"x":331.4387817382812,"width":39.79961395263672,"height":43.9200439453125}},{"text":"qqicon-yz.png","targetRectangle":{"y":443.8004264831543,"x":368.9412536621094,"width":39.79961395263672,"height":43.9200439453125}},{"text":"qqicon-yz.png","targetRectangle":{"y":224.4401512145996,"x":632.8274230957031,"width":39.79961395263672,"height":43.9200439453125}},{"text":"qqicon-yz.png","targetRectangle":{"y":388.9581718444824,"x":520.157470703125,"width":39.79961395263672,"height":43.9200439453125}},{"text":"qqicon-yz.png","targetRectangle":{"y":333.1217765808105,"x":859.2741394042969,"width":39.79961395263672,"height":43.9200439453125}},{"text":"qqicon-yz.png","targetRectangle":{"y":607.3214530944824,"x":293.9275207519531,"width":39.79961395263672,"height":43.9200439453125}},{"text":"qqicon-yz.png","targetRectangle":{"y":551.4820976257324,"x":746.5954895019531,"width":39.79961395263672,"height":43.9200439453125}},{"text":"qqicon-yz.png","targetRectangle":{"y":280.2795219421387,"x":104.9920043945312,"width":39.79961395263672,"height":43.9200439453125}},{"text":"qqicon-yz.png","targetRectangle":{"y":444.7974967956543,"x":180.159423828125,"width":39.79961395263672,"height":43.9200439453125}},{"text":"qqicon-yz.png","targetRectangle":{"y":388.9611015319824,"x":331.8077392578125,"width":39.79961395263672,"height":43.9200439453125}},{"text":"qqicon-yz.png","targetRectangle":{"y":114.7614974975586,"x":707.8323669433594,"width":39.79961395263672,"height":43.9200439453125}},{"text":"qqicon-yz.png","targetRectangle":{"y":279.2795372009277,"x":594.7934875488281,"width":39.79961395263672,"height":43.9200439453125}},{"text":"qqicon-yz.png","targetRectangle":{"y":442.8004570007324,"x":821.6092224121094,"width":39.79961395263672,"height":43.9200439453125}},{"text":"qqicon-yz.png","targetRectangle":{"y":497.6427421569824,"x":368.9324951171875,"width":39.79961395263672,"height":43.9200439453125}},{"text":"qqicon-yz.png","targetRectangle":{"y":607.3185234069824,"x":707.8235778808594,"width":39.79961395263672,"height":43.9200439453125}},{"text":"qqicon-yz.png","targetRectangle":{"y":224.4430809020996,"x":406.606201171875,"width":39.79961395263672,"height":43.9200439453125}},{"text":"qqicon-yz.png","targetRectangle":{"y":59.92217075824738,"x":632.4584045410156,"width":39.79961395263672,"height":43.9200439453125}},{"text":"qqicon-yz.png","targetRectangle":{"y":223.4430809020996,"x":897.1456604003906,"width":39.79961395263672,"height":43.9200439453125}},{"text":"qqicon-yz.png","targetRectangle":{"y":387.9611015319824,"x":784.4756774902344,"width":39.79961395263672,"height":43.9200439453125}},{"text":"qqicon-yz.png","targetRectangle":{"y":608.3185234069824,"x":218.0221252441406,"width":39.79961395263672,"height":43.9200439453125}},{"text":"qqicon-yz.png","targetRectangle":{"y":552.4791679382324,"x":670.6900939941406,"width":39.79961395263672,"height":43.9200439453125}},{"text":"qqicon-yz.png","targetRectangle":{"y":114.7644195556641,"x":481.6111755371094,"width":39.79961395263672,"height":43.9200439453125}},{"text":"qqicon-yz.png","targetRectangle":{"y":59.92509400844574,"x":368.5722961425781,"width":39.79961395263672,"height":43.9200439453125}},{"text":"qqicon-yz.png","targetRectangle":{"y":169.6008186340332,"x":595.1624450683594,"width":39.79961395263672,"height":43.9200439453125}},{"text":"qqicon-yz.png","targetRectangle":{"y":168.6037483215332,"x":859.2742004394531,"width":39.79961395263672,"height":43.9200439453125}},{"text":"qqicon-yz.png","targetRectangle":{"y":333.1217765808105,"x":746.6042175292969,"width":39.79961395263672,"height":43.9200439453125}},{"text":"qqicon-yz.png","targetRectangle":{"y":553.4791374206543,"x":180.1506652832031,"width":39.79961395263672,"height":43.9200439453125}},{"text":"qqicon-yz.png","targetRectangle":{"y":497.6398429870605,"x":632.8186340332031,"width":39.79961395263672,"height":43.9200439453125}},{"text":"qqicon-yz.png","targetRectangle":{"y":114.7644195556641,"x":331.8077392578125,"width":39.79961395263672,"height":43.9200439453125}},{"text":"qqicon-yz.png","targetRectangle":{"y":59.92509400844574,"x":444.1087036132812,"width":39.79961395263672,"height":43.9200439453125}},{"text":"qqicon-yz.png","targetRectangle":{"y":60.92217397689819,"x":254.7954406738281,"width":39.79961395263672,"height":43.9200439453125}},{"text":"qqicon-yz.png","targetRectangle":{"y":225.4401512145996,"x":218.0308837890625,"width":39.79961395263672,"height":43.9200439453125}},{"text":"qqicon-yz.png","targetRectangle":{"y":114.7614974975586,"x":558.0289306640625,"width":39.79961395263672,"height":43.9200439453125}},{"text":"qqicon-yz.png","targetRectangle":{"y":58.92509078979492,"x":933.9101867675781,"width":39.79961395263672,"height":43.9200439453125}},{"text":"qqicon-yz.png","targetRectangle":{"y":443.7975273132324,"x":707.8323669433594,"width":39.79961395263672,"height":43.9200439453125}},{"text":"qqicon-yz.png","targetRectangle":{"y":608.3185234069824,"x":142.4857177734375,"width":39.79961395263672,"height":43.9200439453125}},{"text":"qqicon-yz.png","targetRectangle":{"y":552.4791679382324,"x":595.1536560058594,"width":39.79961395263672,"height":43.9200439453125}},{"text":"qqicon-yz.png","targetRectangle":{"y":224.4430809020996,"x":293.936279296875,"width":39.79961395263672,"height":43.9200439453125}},{"text":"qqicon-yz.png","targetRectangle":{"y":225.4401512145996,"x":105.3609657287598,"width":39.79961395263672,"height":43.9200439453125}},{"text":"qqicon-yz.png","targetRectangle":{"y":389.9581718444824,"x":218.0308837890625,"width":39.79961395263672,"height":43.9200439453125}},{"text":"qqicon-yz.png","targetRectangle":{"y":170.6008186340332,"x":180.1594314575195,"width":39.79961395263672,"height":43.9200439453125}},{"text":"qqicon-yz.png","targetRectangle":{"y":59.92217075824738,"x":519.7884826660156,"width":39.79961395263672,"height":43.9200439453125}},{"text":"qqicon-yz.png","targetRectangle":{"y":223.4430809020996,"x":784.4757385253906,"width":39.79961395263672,"height":43.9200439453125}},{"text":"qqicon-yz.png","targetRectangle":{"y":388.9581718444824,"x":670.6988220214844,"width":39.79961395263672,"height":43.9200439453125}},{"text":"qqicon-yz.png","targetRectangle":{"y":553.4791374206543,"x":105.3522071838379,"width":39.79961395263672,"height":43.9200439453125}},{"text":"qqicon-yz.png","targetRectangle":{"y":497.6398429870605,"x":558.0201721191406,"width":39.79961395263672,"height":43.9200439453125}},{"text":"qqicon-yz.png","targetRectangle":{"y":606.3214530944824,"x":897.1368713378906,"width":39.79961395263672,"height":43.9200439453125}},{"text":"qqicon-yz.png","targetRectangle":{"y":170.6008186340332,"x":67.4895059466362,"width":39.79961395263672,"height":43.9200439453125}},{"text":"qqicon-yz.png","targetRectangle":{"y":335.1188468933105,"x":180.159423828125,"width":39.79961395263672,"height":43.9200439453125}},{"text":"qqicon-yz.png","targetRectangle":{"y":388.9611015319824,"x":481.6111755371094,"width":39.79961395263672,"height":43.9200439453125}},{"text":"qqicon-yz.png","targetRectangle":{"y":168.6037483215332,"x":746.6042785644531,"width":39.79961395263672,"height":43.9200439453125}},{"text":"qqicon-yz.png","targetRectangle":{"y":334.1188468933105,"x":632.8273620605469,"width":39.79961395263672,"height":43.9200439453125}},{"text":"qqicon-yz.png","targetRectangle":{"y":498.6398429870605,"x":67.48074617981911,"width":39.79961395263672,"height":43.9200439453125}},{"text":"qqicon-yz.png","targetRectangle":{"y":607.3214530944824,"x":406.5974426269531,"width":39.79961395263672,"height":43.9200439453125}},{"text":"qqicon-yz.png","targetRectangle":{"y":551.4820976257324,"x":859.2654113769531,"width":39.79961395263672,"height":43.9200439453125}},{"text":"qqicon-yz.png","targetRectangle":{"y":60.92217397689819,"x":142.1255264282227,"width":39.79961395263672,"height":43.9200439453125}},{"text":"qqicon-yz.png","targetRectangle":{"y":444.7974967956543,"x":142.4944763183594,"width":39.79961395263672,"height":43.9200439453125}},{"text":"qqicon-yz.png","targetRectangle":{"y":388.9611015319824,"x":293.936279296875,"width":39.79961395263672,"height":43.9200439453125}},{"text":"qqicon-yz.png","targetRectangle":{"y":334.1217765808105,"x":444.4776611328125,"width":39.79961395263672,"height":43.9200439453125}},{"text":"qqicon-yz.png","targetRectangle":{"y":58.92509078979492,"x":821.2402648925781,"width":39.79961395263672,"height":43.9200439453125}},{"text":"qqicon-yz.png","targetRectangle":{"y":443.7975273132324,"x":595.1624450683594,"width":39.79961395263672,"height":43.9200439453125}},{"text":"qqicon-yz.png","targetRectangle":{"y":387.9611015319824,"x":934.2791442871094,"width":39.79961395263672,"height":43.9200439453125}},{"text":"qqicon-yz.png","targetRectangle":{"y":497.6427421569824,"x":481.6024169921875,"width":39.79961395263672,"height":43.9200439453125}},{"text":"qqicon-yz.png","targetRectangle":{"y":606.3214530944824,"x":821.6004333496094,"width":39.79961395263672,"height":43.9200439453125}},{"text":"qqicon-yz.png","targetRectangle":{"y":389.9581718444824,"x":105.3609619140625,"width":39.79961395263672,"height":43.9200439453125}},{"text":"qqicon-yz.png","targetRectangle":{"y":279.2824516296387,"x":368.5722961425781,"width":39.79961395263672,"height":43.9200439453125}},{"text":"qqicon-yz.png","targetRectangle":{"y":279.2824516296387,"x":406.2372131347656,"width":39.79961395263672,"height":43.9200439453125}},{"text":"qqicon-yz.png","targetRectangle":{"y":224.4401512145996,"x":670.6988830566406,"width":39.79961395263672,"height":43.9200439453125}},{"text":"qqicon-yz.png","targetRectangle":{"y":388.9581718444824,"x":558.0289306640625,"width":39.79961395263672,"height":43.9200439453125}},{"text":"qqicon-yz.png","targetRectangle":{"y":333.1217765808105,"x":897.1455993652344,"width":39.79961395263672,"height":43.9200439453125}},{"text":"qqicon-yz.png","targetRectangle":{"y":607.3214530944824,"x":331.7989807128906,"width":39.79961395263672,"height":43.9200439453125}},{"text":"qqicon-yz.png","targetRectangle":{"y":551.4820976257324,"x":784.4669494628906,"width":39.79961395263672,"height":43.9200439453125}},{"text":"qqicon-yz.png","targetRectangle":{"y":280.2795219421387,"x":142.1255187988281,"width":39.79961395263672,"height":43.9200439453125}},{"text":"qqicon-yz.png","targetRectangle":{"y":444.7974967956543,"x":218.0308837890625,"width":39.79961395263672,"height":43.9200439453125}},{"text":"qqicon-yz.png","targetRectangle":{"y":388.9611015319824,"x":368.9412536621094,"width":39.79961395263672,"height":43.9200439453125}},{"text":"qqicon-yz.png","targetRectangle":{"y":169.6008186340332,"x":632.8274230957031,"width":39.79961395263672,"height":43.9200439453125}},{"text":"qqicon-yz.png","targetRectangle":{"y":334.1188468933105,"x":520.157470703125,"width":39.79961395263672,"height":43.9200439453125}},{"text":"qqicon-yz.png","targetRectangle":{"y":278.2824516296387,"x":858.9051818847656,"width":39.79961395263672,"height":43.9200439453125}},{"text":"qqicon-yz.png","targetRectangle":{"y":552.4820671081543,"x":293.9275207519531,"width":39.79961395263672,"height":43.9200439453125}},{"text":"qqicon-yz.png","targetRectangle":{"y":496.6427421569824,"x":746.5954895019531,"width":39.79961395263672,"height":43.9200439453125}},{"text":"qqicon-yz.png","targetRectangle":{"y":224.4430809020996,"x":444.4776611328125,"width":39.79961395263672,"height":43.9200439453125}},{"text":"qqicon-yz.png","targetRectangle":{"y":59.92217075824738,"x":670.3298645019531,"width":39.79961395263672,"height":43.9200439453125}},{"text":"qqicon-yz.png","targetRectangle":{"y":223.4430809020996,"x":934.2791442871094,"width":39.79961395263672,"height":43.9200439453125}},{"text":"qqicon-yz.png","targetRectangle":{"y":387.9611015319824,"x":821.6092224121094,"width":39.79961395263672,"height":43.9200439453125}},{"text":"qqicon-yz.png","targetRectangle":{"y":608.3185234069824,"x":255.1556396484375,"width":39.79961395263672,"height":43.9200439453125}},{"text":"qqicon-yz.png","targetRectangle":{"y":552.4791679382324,"x":707.8235778808594,"width":39.79961395263672,"height":43.9200439453125}},{"text":"qqicon-yz.png","targetRectangle":{"y":169.6037483215332,"x":406.606201171875,"width":39.79961395263672,"height":43.9200439453125}},{"text":"qqicon-yz.png","targetRectangle":{"y":224.4401512145996,"x":520.157470703125,"width":39.79961395263672,"height":43.9200439453125}},{"text":"qqicon-yz.png","targetRectangle":{"y":168.6037483215332,"x":897.1456604003906,"width":39.79961395263672,"height":43.9200439453125}},{"text":"qqicon-yz.png","targetRectangle":{"y":333.1217765808105,"x":784.4756774902344,"width":39.79961395263672,"height":43.9200439453125}},{"text":"qqicon-yz.png","targetRectangle":{"y":553.4791374206543,"x":218.0221252441406,"width":39.79961395263672,"height":43.9200439453125}},{"text":"qqicon-yz.png","targetRectangle":{"y":497.6398429870605,"x":670.6900939941406,"width":39.79961395263672,"height":43.9200439453125}},{"text":"qqicon-yz.png","targetRectangle":{"y":114.7644195556641,"x":368.9412536621094,"width":39.79961395263672,"height":43.9200439453125}},{"text":"qqicon-yz.png","targetRectangle":{"y":59.92509400844574,"x":481.2422180175781,"width":39.79961395263672,"height":43.9200439453125}},{"text":"qqicon-yz.png","targetRectangle":{"y":115.7615013122559,"x":180.1594314575195,"width":39.79961395263672,"height":43.9200439453125}},{"text":"qqicon-yz.png","targetRectangle":{"y":225.4401512145996,"x":255.1643981933594,"width":39.79961395263672,"height":43.9200439453125}},{"text":"qqicon-yz.png","targetRectangle":{"y":114.7614974975586,"x":595.1624450683594,"width":39.79961395263672,"height":43.9200439453125}},{"text":"qqicon-yz.png","targetRectangle":{"y":113.7644157409668,"x":859.2742004394531,"width":39.79961395263672,"height":43.9200439453125}},{"text":"qqicon-yz.png","targetRectangle":{"y":278.2824516296387,"x":746.2352600097656,"width":39.79961395263672,"height":43.9200439453125}},{"text":"qqicon-yz.png","targetRectangle":{"y":498.6398429870605,"x":180.1506652832031,"width":39.79961395263672,"height":43.9200439453125}},{"text":"qqicon-yz.png","targetRectangle":{"y":607.3185234069824,"x":520.1487121582031,"width":39.79961395263672,"height":43.9200439453125}},{"text":"qqicon-yz.png","targetRectangle":{"y":224.4430809020996,"x":331.8077392578125,"width":39.79961395263672,"height":43.9200439453125}},{"text":"qqicon-yz.png","targetRectangle":{"y":225.4401512145996,"x":142.4944839477539,"width":39.79961395263672,"height":43.9200439453125}},{"text":"qqicon-yz.png","targetRectangle":{"y":389.9581718444824,"x":255.1643981933594,"width":39.79961395263672,"height":43.9200439453125}},{"text":"qqicon-yz.png","targetRectangle":{"y":170.6008186340332,"x":218.0308837890625,"width":39.79961395263672,"height":43.9200439453125}},{"text":"qqicon-yz.png","targetRectangle":{"y":59.92217075824738,"x":557.6599731445312,"width":39.79961395263672,"height":43.9200439453125}},{"text":"qqicon-yz.png","targetRectangle":{"y":223.4430809020996,"x":821.6092224121094,"width":39.79961395263672,"height":43.9200439453125}},{"text":"qqicon-yz.png","targetRectangle":{"y":388.9581718444824,"x":707.8323669433594,"width":39.79961395263672,"height":43.9200439453125}},{"text":"qqicon-yz.png","targetRectangle":{"y":553.4791374206543,"x":142.4857177734375,"width":39.79961395263672,"height":43.9200439453125}},{"text":"qqicon-yz.png","targetRectangle":{"y":497.6398429870605,"x":595.1536560058594,"width":39.79961395263672,"height":43.9200439453125}},{"text":"qqicon-yz.png","targetRectangle":{"y":606.3214530944824,"x":934.2703552246094,"width":39.79961395263672,"height":43.9200439453125}},{"text":"qqicon-yz.png","targetRectangle":{"y":170.6008186340332,"x":105.3609657287598,"width":39.79961395263672,"height":43.9200439453125}},{"text":"qqicon-yz.png","targetRectangle":{"y":335.1188468933105,"x":218.0308837890625,"width":39.79961395263672,"height":43.9200439453125}},{"text":"qqicon-yz.png","targetRectangle":{"y":443.8004264831543,"x":406.606201171875,"width":39.79961395263672,"height":43.9200439453125}},{"text":"qqicon-yz.png","targetRectangle":{"y":168.6037483215332,"x":784.4757385253906,"width":39.79961395263672,"height":43.9200439453125}},{"text":"qqicon-yz.png","targetRectangle":{"y":334.1188468933105,"x":670.6988220214844,"width":39.79961395263672,"height":43.9200439453125}},{"text":"qqicon-yz.png","targetRectangle":{"y":498.6398429870605,"x":105.3522071838379,"width":39.79961395263672,"height":43.9200439453125}},{"text":"qqicon-yz.png","targetRectangle":{"y":607.3214530944824,"x":444.4689025878906,"width":39.79961395263672,"height":43.9200439453125}},{"text":"qqicon-yz.png","targetRectangle":{"y":551.4820976257324,"x":897.1368713378906,"width":39.79961395263672,"height":43.9200439453125}},{"text":"qqicon-yz.png","targetRectangle":{"y":115.7615013122559,"x":67.4895059466362,"width":39.79961395263672,"height":43.9200439453125}},{"text":"qqicon-yz.png","targetRectangle":{"y":280.2795219421387,"x":179.7904357910156,"width":39.79961395263672,"height":43.9200439453125}},{"text":"qqicon-yz.png","targetRectangle":{"y":334.1217765808105,"x":481.6111755371094,"width":39.79961395263672,"height":43.9200439453125}},{"text":"qqicon-yz.png","targetRectangle":{"y":113.7644157409668,"x":746.6042785644531,"width":39.79961395263672,"height":43.9200439453125}},{"text":"qqicon-yz.png","targetRectangle":{"y":279.2795372009277,"x":632.4584045410156,"width":39.79961395263672,"height":43.9200439453125}},{"text":"qqicon-yz.png","targetRectangle":{"y":442.8004570007324,"x":859.2741394042969,"width":39.79961395263672,"height":43.9200439453125}},{"text":"qqicon-yz.png","targetRectangle":{"y":552.4820671081543,"x":406.5974426269531,"width":39.79961395263672,"height":43.9200439453125}},{"text":"qqicon-yz.png","targetRectangle":{"y":496.6427421569824,"x":859.2654113769531,"width":39.79961395263672,"height":43.9200439453125}},{"text":"qqicon-yz.png","targetRectangle":{"y":389.9581718444824,"x":142.4944763183594,"width":39.79961395263672,"height":43.9200439453125}},{"text":"qqicon-yz.png","targetRectangle":{"y":334.1217765808105,"x":293.936279296875,"width":39.79961395263672,"height":43.9200439453125}},{"text":"qqicon-yz.png","targetRectangle":{"y":279.2824516296387,"x":444.1087036132812,"width":39.79961395263672,"height":43.9200439453125}},{"text":"qqicon-yz.png","targetRectangle":{"y":224.4401512145996,"x":707.8323669433594,"width":39.79961395263672,"height":43.9200439453125}},{"text":"qqicon-yz.png","targetRectangle":{"y":388.9581718444824,"x":595.1624450683594,"width":39.79961395263672,"height":43.9200439453125}},{"text":"qqicon-yz.png","targetRectangle":{"y":333.1217765808105,"x":934.2791442871094,"width":39.79961395263672,"height":43.9200439453125}},{"text":"qqicon-yz.png","targetRectangle":{"y":607.3214530944824,"x":368.9324951171875,"width":39.79961395263672,"height":43.9200439453125}},{"text":"qqicon-yz.png","targetRectangle":{"y":551.4820976257324,"x":821.6004333496094,"width":39.79961395263672,"height":43.9200439453125}},{"text":"qqicon-yz.png","targetRectangle":{"y":335.1188468933105,"x":105.3609619140625,"width":39.79961395263672,"height":43.9200439453125}},{"text":"qqicon-yz.png","targetRectangle":{"y":444.7974967956543,"x":255.1643981933594,"width":39.79961395263672,"height":43.9200439453125}},{"text":"qqicon-yz.png","targetRectangle":{"y":443.8004264831543,"x":293.936279296875,"width":39.79961395263672,"height":43.9200439453125}},{"text":"qqicon-yz.png","targetRectangle":{"y":169.6008186340332,"x":670.6988830566406,"width":39.79961395263672,"height":43.9200439453125}},{"text":"qqicon-yz.png","targetRectangle":{"y":334.1188468933105,"x":558.0289306640625,"width":39.79961395263672,"height":43.9200439453125}},{"text":"qqicon-yz.png","targetRectangle":{"y":278.2824516296387,"x":896.7766418457031,"width":39.79961395263672,"height":43.9200439453125}},{"text":"qqicon-yz.png","targetRectangle":{"y":552.4820671081543,"x":331.7989807128906,"width":39.79961395263672,"height":43.9200439453125}},{"text":"qqicon-yz.png","targetRectangle":{"y":496.6427421569824,"x":784.4669494628906,"width":39.79961395263672,"height":43.9200439453125}},{"text":"qqicon-yz.png","targetRectangle":{"y":224.4430809020996,"x":481.6111755371094,"width":39.79961395263672,"height":43.9200439453125}},{"text":"qqicon-yz.png","targetRectangle":{"y":59.92217075824738,"x":707.4634094238281,"width":39.79961395263672,"height":43.9200439453125}},{"text":"qqicon-yz.png","targetRectangle":{"y":279.2795372009277,"x":519.7884826660156,"width":39.79961395263672,"height":43.9200439453125}},{"text":"qqicon-yz.png","targetRectangle":{"y":442.8004570007324,"x":746.6042175292969,"width":39.79961395263672,"height":43.9200439453125}},{"text":"qqicon-yz.png","targetRectangle":{"y":497.6427421569824,"x":293.9275207519531,"width":39.79961395263672,"height":43.9200439453125}},{"text":"qqicon-yz.png","targetRectangle":{"y":607.3185234069824,"x":632.8186340332031,"width":39.79961395263672,"height":43.9200439453125}},{"text":"qqicon-yz.png","targetRectangle":{"y":169.6037483215332,"x":444.4776611328125,"width":39.79961395263672,"height":43.9200439453125}},{"text":"qqicon-yz.png","targetRectangle":{"y":224.4401512145996,"x":558.0289306640625,"width":39.79961395263672,"height":43.9200439453125}},{"text":"qqicon-yz.png","targetRectangle":{"y":168.6037483215332,"x":934.2791442871094,"width":39.79961395263672,"height":43.9200439453125}},{"text":"qqicon-yz.png","targetRectangle":{"y":333.1217765808105,"x":821.6092224121094,"width":39.79961395263672,"height":43.9200439453125}},{"text":"qqicon-yz.png","targetRectangle":{"y":553.4791374206543,"x":255.1556396484375,"width":39.79961395263672,"height":43.9200439453125}},{"text":"qqicon-yz.png","targetRectangle":{"y":497.6398429870605,"x":707.8235778808594,"width":39.79961395263672,"height":43.9200439453125}},{"text":"qqicon-yz.png","targetRectangle":{"y":169.6037483215332,"x":293.936279296875,"width":39.79961395263672,"height":43.9200439453125}},{"text":"qqicon-yz.png","targetRectangle":{"y":114.7644195556641,"x":406.606201171875,"width":39.79961395263672,"height":43.9200439453125}},{"text":"qqicon-yz.png","targetRectangle":{"y":115.7615013122559,"x":218.0308837890625,"width":39.79961395263672,"height":43.9200439453125}},{"text":"qqicon-yz.png","targetRectangle":{"y":59.92509400844574,"x":293.5672912597656,"width":39.79961395263672,"height":43.9200439453125}},{"text":"qqicon-yz.png","targetRectangle":{"y":169.6008186340332,"x":520.157470703125,"width":39.79961395263672,"height":43.9200439453125}},{"text":"qqicon-yz.png","targetRectangle":{"y":113.7644157409668,"x":897.1456604003906,"width":39.79961395263672,"height":43.9200439453125}},{"text":"qqicon-yz.png","targetRectangle":{"y":278.2824516296387,"x":784.1067199707031,"width":39.79961395263672,"height":43.9200439453125}},{"text":"qqicon-yz.png","targetRectangle":{"y":498.6398429870605,"x":218.0221252441406,"width":39.79961395263672,"height":43.9200439453125}},{"text":"qqicon-yz.png","targetRectangle":{"y":607.3185234069824,"x":558.0201721191406,"width":39.79961395263672,"height":43.9200439453125}},{"text":"qqicon-yz.png","targetRectangle":{"y":224.4430809020996,"x":368.9412536621094,"width":39.79961395263672,"height":43.9200439453125}},{"text":"qqicon-yz.png","targetRectangle":{"y":60.92217397689819,"x":179.7904434204102,"width":39.79961395263672,"height":43.9200439453125}},{"text":"qqicon-yz.png","targetRectangle":{"y":114.7614974975586,"x":632.8274230957031,"width":39.79961395263672,"height":43.9200439453125}},{"text":"qqicon-yz.png","targetRectangle":{"y":170.6008186340332,"x":255.1643981933594,"width":39.79961395263672,"height":43.9200439453125}},{"text":"qqicon-yz.png","targetRectangle":{"y":59.92217075824738,"x":594.7934875488281,"width":39.79961395263672,"height":43.9200439453125}},{"text":"qqicon-yz.png","targetRectangle":{"y":58.92509078979492,"x":858.9051818847656,"width":39.79961395263672,"height":43.9200439453125}},{"text":"qqicon-yz.png","targetRectangle":{"y":443.7975273132324,"x":632.8273620605469,"width":39.79961395263672,"height":43.9200439453125}},{"text":"qqicon-yz.png","targetRectangle":{"y":608.3185234069824,"x":67.48074617981911,"width":39.79961395263672,"height":43.9200439453125}},{"text":"qqicon-yz.png","targetRectangle":{"y":552.4791679382324,"x":520.1487121582031,"width":39.79961395263672,"height":43.9200439453125}},{"text":"qqicon-yz.png","targetRectangle":{"y":170.6008186340332,"x":142.4944839477539,"width":39.79961395263672,"height":43.9200439453125}},{"text":"qqicon-yz.png","targetRectangle":{"y":335.1188468933105,"x":255.1643981933594,"width":39.79961395263672,"height":43.9200439453125}},{"text":"qqicon-yz.png","targetRectangle":{"y":169.6037483215332,"x":331.8077392578125,"width":39.79961395263672,"height":43.9200439453125}},{"text":"qqicon-yz.png","targetRectangle":{"y":443.8004264831543,"x":444.4776611328125,"width":39.79961395263672,"height":43.9200439453125}},{"text":"qqicon-yz.png","targetRectangle":{"y":168.6037483215332,"x":821.6092224121094,"width":39.79961395263672,"height":43.9200439453125}},{"text":"qqicon-yz.png","targetRectangle":{"y":334.1188468933105,"x":707.8323669433594,"width":39.79961395263672,"height":43.9200439453125}},{"text":"qqicon-yz.png","targetRectangle":{"y":498.6398429870605,"x":142.4857177734375,"width":39.79961395263672,"height":43.9200439453125}},{"text":"qqicon-yz.png","targetRectangle":{"y":607.3214530944824,"x":481.6024169921875,"width":39.79961395263672,"height":43.9200439453125}},{"text":"qqicon-yz.png","targetRectangle":{"y":551.4820976257324,"x":934.2703552246094,"width":39.79961395263672,"height":43.9200439453125}},{"text":"qqicon-yz.png","targetRectangle":{"y":115.7615013122559,"x":105.3609657287598,"width":39.79961395263672,"height":43.9200439453125}},{"text":"qqicon-yz.png","targetRectangle":{"y":280.2795219421387,"x":217.6619262695312,"width":39.79961395263672,"height":43.9200439453125}},{"text":"qqicon-yz.png","targetRectangle":{"y":388.9611015319824,"x":406.606201171875,"width":39.79961395263672,"height":43.9200439453125}},{"text":"qqicon-yz.png","targetRectangle":{"y":113.7644157409668,"x":784.4757385253906,"width":39.79961395263672,"height":43.9200439453125}},{"text":"qqicon-yz.png","targetRectangle":{"y":279.2795372009277,"x":670.3298645019531,"width":39.79961395263672,"height":43.9200439453125}},{"text":"qqicon-yz.png","targetRectangle":{"y":442.8004570007324,"x":897.1455993652344,"width":39.79961395263672,"height":43.9200439453125}},{"text":"qqicon-yz.png","targetRectangle":{"y":552.4820671081543,"x":444.4689025878906,"width":39.79961395263672,"height":43.9200439453125}},{"text":"qqicon-yz.png","targetRectangle":{"y":496.6427421569824,"x":897.1368713378906,"width":39.79961395263672,"height":43.9200439453125}},{"text":"qqicon-yz.png","targetRectangle":{"y":444.7974967956543,"x":67.489501953125,"width":39.79961395263672,"height":43.9200439453125}},{"text":"qqicon-yz.png","targetRectangle":{"y":334.1217765808105,"x":331.8077392578125,"width":39.79961395263672,"height":43.9200439453125}},{"text":"qqicon-yz.png","targetRectangle":{"y":279.2824516296387,"x":481.2422180175781,"width":39.79961395263672,"height":43.9200439453125}},{"text":"qqicon-yz.png","targetRectangle":{"y":58.92509078979492,"x":746.2352600097656,"width":39.79961395263672,"height":43.9200439453125}},{"text":"qqicon-yz.png","targetRectangle":{"y":443.7975273132324,"x":520.157470703125,"width":39.79961395263672,"height":43.9200439453125}},{"text":"qqicon-yz.png","targetRectangle":{"y":387.9611015319824,"x":859.2741394042969,"width":39.79961395263672,"height":43.9200439453125}},{"text":"qqicon-yz.png","targetRectangle":{"y":497.6427421569824,"x":406.5974426269531,"width":39.79961395263672,"height":43.9200439453125}},{"text":"qqicon-yz.png","targetRectangle":{"y":606.3214530944824,"x":746.5954895019531,"width":39.79961395263672,"height":43.9200439453125}},{"text":"qqicon-yz.png","targetRectangle":{"y":335.1188468933105,"x":142.4944763183594,"width":39.79961395263672,"height":43.9200439453125}},{"text":"qqicon-yz.png","targetRectangle":{"y":279.2824516296387,"x":293.5672912597656,"width":39.79961395263672,"height":43.9200439453125}},{"text":"qqicon-yz.png","targetRectangle":{"y":443.8004264831543,"x":331.8077392578125,"width":39.79961395263672,"height":43.9200439453125}},{"text":"qqicon-yz.png","targetRectangle":{"y":60.92217397689819,"x":67.12051790018268,"width":39.79961395263672,"height":43.9200439453125}},{"text":"qqicon-yz.png","targetRectangle":{"y":334.1188468933105,"x":595.1624450683594,"width":39.79961395263672,"height":43.9200439453125}},{"text":"qqicon-yz.png","targetRectangle":{"y":169.6008186340332,"x":707.8323669433594,"width":39.79961395263672,"height":43.9200439453125}},{"text":"qqicon-yz.png","targetRectangle":{"y":552.4820671081543,"x":368.9324951171875,"width":39.79961395263672,"height":43.9200439453125}},{"text":"qqicon-yz.png","targetRectangle":{"y":278.2824516296387,"x":933.9101867675781,"width":39.79961395263672,"height":43.9200439453125}},{"text":"qqicon-yz.png","targetRectangle":{"y":496.6427421569824,"x":821.6004333496094,"width":39.79961395263672,"height":43.9200439453125}},{"text":"qqicon-yz.png","targetRectangle":{"y":280.2795219421387,"x":67.12051391601562,"width":39.79961395263672,"height":43.9200439453125}},{"text":"qqicon-yz.png","targetRectangle":{"y":114.7614974975586,"x":670.6988830566406,"width":39.79961395263672,"height":43.9200439453125}},{"text":"qqicon-yz.png","targetRectangle":{"y":279.2795372009277,"x":557.6599731445312,"width":39.79961395263672,"height":43.9200439453125}},{"text":"qqicon-yz.png","targetRectangle":{"y":442.8004570007324,"x":784.4756774902344,"width":39.79961395263672,"height":43.9200439453125}},{"text":"qqicon-yz.png","targetRectangle":{"y":497.6427421569824,"x":331.7989807128906,"width":39.79961395263672,"height":43.9200439453125}},{"text":"qqicon-yz.png","targetRectangle":{"y":607.3185234069824,"x":670.6900939941406,"width":39.79961395263672,"height":43.9200439453125}},{"text":"qqicon-yz.png","targetRectangle":{"y":169.6037483215332,"x":481.6111755371094,"width":39.79961395263672,"height":43.9200439453125}},{"text":"qqicon-yz.png","targetRectangle":{"y":224.4401512145996,"x":595.1624450683594,"width":39.79961395263672,"height":43.9200439453125}},{"text":"qqicon-yz.png","targetRectangle":{"y":223.4430809020996,"x":859.2742004394531,"width":39.79961395263672,"height":43.9200439453125}},{"text":"qqicon-yz.png","targetRectangle":{"y":387.9611015319824,"x":746.6042175292969,"width":39.79961395263672,"height":43.9200439453125}},{"text":"qqicon-yz.png","targetRectangle":{"y":608.3185234069824,"x":180.1506652832031,"width":39.79961395263672,"height":43.9200439453125}},{"text":"qqicon-yz.png","targetRectangle":{"y":552.4791679382324,"x":632.8186340332031,"width":39.79961395263672,"height":43.9200439453125}},{"text":"qqicon-yz.png","targetRectangle":{"y":335.1188468933105,"x":67.489501953125,"width":39.79961395263672,"height":43.9200439453125}},{"text":"qqicon-yz.png","targetRectangle":{"y":114.7644195556641,"x":444.4776611328125,"width":39.79961395263672,"height":43.9200439453125}},{"text":"qqicon-yz.png","targetRectangle":{"y":115.7615013122559,"x":255.1643981933594,"width":39.79961395263672,"height":43.9200439453125}},{"text":"qqicon-yz.png","targetRectangle":{"y":59.92509400844574,"x":331.4387817382812,"width":39.79961395263672,"height":43.9200439453125}},{"text":"qqicon-yz.png","targetRectangle":{"y":169.6008186340332,"x":558.0289306640625,"width":39.79961395263672,"height":43.9200439453125}},{"text":"qqicon-yz.png","targetRectangle":{"y":113.7644157409668,"x":934.2791442871094,"width":39.79961395263672,"height":43.9200439453125}},{"text":"qqicon-yz.png","targetRectangle":{"y":278.2824516296387,"x":821.2402648925781,"width":39.79961395263672,"height":43.9200439453125}},{"text":"qqicon-yz.png","targetRectangle":{"y":498.6398429870605,"x":255.1556396484375,"width":39.79961395263672,"height":43.9200439453125}},{"text":"qqicon-yz.png","targetRectangle":{"y":607.3185234069824,"x":595.1536560058594,"width":39.79961395263672,"height":43.9200439453125}},{"text":"qqicon-yz.png","targetRectangle":{"y":114.7644195556641,"x":293.936279296875,"width":39.79961395263672,"height":43.9200439453125}},{"text":"qqicon-yz.png","targetRectangle":{"y":59.92509400844574,"x":406.2372131347656,"width":39.79961395263672,"height":43.9200439453125}},{"text":"qqicon-yz.png","targetRectangle":{"y":60.92217397689819,"x":217.6619262695312,"width":39.79961395263672,"height":43.9200439453125}},{"text":"qqicon-yz.png","targetRectangle":{"y":225.4401512145996,"x":180.1594314575195,"width":39.79961395263672,"height":43.9200439453125}},{"text":"qqicon-yz.png","targetRectangle":{"y":114.7614974975586,"x":520.157470703125,"width":39.79961395263672,"height":43.9200439453125}},{"text":"qqicon-yz.png","targetRectangle":{"y":58.92509078979492,"x":896.7766418457031,"width":39.79961395263672,"height":43.9200439453125}},{"text":"qqicon-yz.png","targetRectangle":{"y":443.7975273132324,"x":670.6988220214844,"width":39.79961395263672,"height":43.9200439453125}},{"text":"qqicon-yz.png","targetRectangle":{"y":608.3185234069824,"x":105.3522071838379,"width":39.79961395263672,"height":43.9200439453125}},{"text":"qqicon-yz.png","targetRectangle":{"y":552.4791679382324,"x":558.0201721191406,"width":39.79961395263672,"height":43.9200439453125}},{"text":"qqicon-yz.png","targetRectangle":{"y":169.6037483215332,"x":368.9412536621094,"width":39.79961395263672,"height":43.9200439453125}},{"text":"qqicon-yz.png","targetRectangle":{"y":225.4401512145996,"x":67.4895059466362,"width":39.79961395263672,"height":43.9200439453125}},{"text":"qqicon-yz.png","targetRectangle":{"y":389.9581718444824,"x":180.159423828125,"width":39.79961395263672,"height":43.9200439453125}},{"text":"qqicon-yz.png","targetRectangle":{"y":443.8004264831543,"x":481.6111755371094,"width":39.79961395263672,"height":43.9200439453125}},{"text":"qqicon-yz.png","targetRectangle":{"y":223.4430809020996,"x":746.6042785644531,"width":39.79961395263672,"height":43.9200439453125}},{"text":"qqicon-yz.png","targetRectangle":{"y":388.9581718444824,"x":632.8273620605469,"width":39.79961395263672,"height":43.9200439453125}},{"text":"qqicon-yz.png","targetRectangle":{"y":553.4791374206543,"x":67.48074617981911,"width":39.79961395263672,"height":43.9200439453125}},{"text":"qqicon-yz.png","targetRectangle":{"y":497.6398429870605,"x":520.1487121582031,"width":39.79961395263672,"height":43.9200439453125}},{"text":"qqicon-yz.png","targetRectangle":{"y":606.3214530944824,"x":859.2654113769531,"width":39.79961395263672,"height":43.9200439453125}},{"text":"qqicon-yz.png","targetRectangle":{"y":115.7615013122559,"x":142.4944839477539,"width":39.79961395263672,"height":43.9200439453125}},{"text":"qqicon-yz.png","targetRectangle":{"y":280.2795219421387,"x":254.7954406738281,"width":39.79961395263672,"height":43.9200439453125}},{"text":"qqicon-yz.png","targetRectangle":{"y":388.9611015319824,"x":444.4776611328125,"width":39.79961395263672,"height":43.9200439453125}},{"text":"qqicon-yz.png","targetRectangle":{"y":113.7644157409668,"x":821.6092224121094,"width":39.79961395263672,"height":43.9200439453125}},{"text":"qqicon-yz.png","targetRectangle":{"y":279.2795372009277,"x":707.4634094238281,"width":39.79961395263672,"height":43.9200439453125}},{"text":"qqicon-yz.png","targetRectangle":{"y":442.8004570007324,"x":934.2791442871094,"width":39.79961395263672,"height":43.9200439453125}},{"text":"qqicon-yz.png","targetRectangle":{"y":552.4820671081543,"x":481.6024169921875,"width":39.79961395263672,"height":43.9200439453125}},{"text":"qqicon-yz.png","targetRectangle":{"y":496.6427421569824,"x":934.2703552246094,"width":39.79961395263672,"height":43.9200439453125}},{"text":"qqicon-yz.png","targetRectangle":{"y":60.92217397689819,"x":104.9920082092285,"width":39.79961395263672,"height":43.9200439453125}},{"text":"qqicon-yz.png","targetRectangle":{"y":444.7974967956543,"x":105.3609619140625,"width":39.79961395263672,"height":43.9200439453125}},{"text":"qqicon-yz.png","targetRectangle":{"y":334.1217765808105,"x":368.9412536621094,"width":39.79961395263672,"height":43.9200439453125}},{"text":"qqicon-yz.png","targetRectangle":{"y":334.1217765808105,"x":406.606201171875,"width":39.79961395263672,"height":43.9200439453125}},{"text":"qqicon-yz.png","targetRectangle":{"y":58.92509078979492,"x":784.1067199707031,"width":39.79961395263672,"height":43.9200439453125}},{"text":"qqicon-yz.png","targetRectangle":{"y":443.7975273132324,"x":558.0289306640625,"width":39.79961395263672,"height":43.9200439453125}},{"text":"qqicon-yz.png","targetRectangle":{"y":387.9611015319824,"x":897.1455993652344,"width":39.79961395263672,"height":43.9200439453125}},{"text":"qqicon-yz.png","targetRectangle":{"y":497.6427421569824,"x":444.4689025878906,"width":39.79961395263672,"height":43.9200439453125}},{"text":"qqicon-yz.png","targetRectangle":{"y":606.3214530944824,"x":784.4669494628906,"width":39.79961395263672,"height":43.9200439453125}}],"baseLayer":{"animations":[],"initialState":{"affineTransform":[1,0,0,1,0,0],"masksToBounds":true,"rotation":0,"scale":1,"position":{"pointX":512,"pointY":384},"width":1024,"sublayerTransform":[1,0,0,0,0,1,0,0,0,0,1,0,0,0,0,1],"contentsRect":{"y":0,"x":0,"width":1,"height":1},"opacity":1,"edgeAntialiasingMask":0,"height":768,"hidden":false,"anchorPoint":{"pointX":0.5,"pointY":0.5}},"objectID":"0","layers":[{"animations":[],"initialState":{"affineTransform":[1,0,0,1,0,0],"masksToBounds":false,"rotation":0,"scale":1,"position":{"pointX":512,"pointY":384},"width":1024,"sublayerTransform":[1,0,0,0,0,1,0,0,0,0,1,-0.0004922987690640373,0,0,0,1],"contentsRect":{"y":0,"x":0,"width":1,"height":1},"opacity":1,"edgeAntialiasingMask":15,"height":768,"hidden":false,"anchorPoint":{"pointX":0.5,"pointY":0.5}},"layers":[{"animations":[],"layers":[],"initialState":{"affineTransform":[1,0,0,1,0,0],"masksToBounds":false,"rotation":0,"scale":1,"position":{"pointX":512,"pointY":384},"width":1024,"sublayerTransform":[1,0,0,0,0,1,0,0,0,0,1,0,0,0,0,1],"contentsRect":{"y":0,"x":0,"width":1,"height":1},"opacity":1,"edgeAntialiasingMask":0,"height":768,"hidden":false,"anchorPoint":{"pointX":0.5,"pointY":0.5}},"texture":"99BA57E8F7AE54124F43BAF9F3D63609"}]}]}}]}