{"assets":{"EA22DA2C3F6DA51477C663AC05479E48":{"type":"texture","index":58,"assetRequest":{"type":"slide","state":"contents","slide":"C950389C-F737-4B72-8391-8DB1808D8875"},"url":"assets/EA22DA2C3F6DA51477C663AC05479E48.png","width":577,"height":50},"C5E1C757E2DA71DFBA79C3A88903D54E":{"type":"texture","index":61,"assetRequest":{"type":"slide","state":"outgoing","slide":"C950389C-F737-4B72-8391-8DB1808D8875"},"url":"assets/C5E1C757E2DA71DFBA79C3A88903D54E.png","width":1024,"height":768},"A30CBF16CB526FBDED5042CA41A1C011":{"type":"texture","index":62,"assetRequest":{"type":"slide","state":"incoming","slide":"52F62141-2E67-4309-8EFF-8D4104F811E7"},"url":"assets/A30CBF16CB526FBDED5042CA41A1C011.png","width":1024,"height":768},"A1B52819DA9201D3F7141601296498AA":{"type":"texture","index":60,"assetRequest":{"type":"slide","state":"contents","slide":"C950389C-F737-4B72-8391-8DB1808D8875"},"url":"assets/A1B52819DA9201D3F7141601296498AA.svg","width":637,"height":408},"8232F9103D62DCCBBBBAC1B707D33217":{"type":"texture","index":59,"assetRequest":{"type":"slide","state":"contents","slide":"C950389C-F737-4B72-8391-8DB1808D8875"},"url":"assets/8232F9103D62DCCBBBBAC1B707D33217.svg","width":912,"height":581},"498E23C82CA78A4BCD7BA88E5243B6FC":{"type":"texture","index":57,"assetRequest":{"type":"slide","state":"contents","slide":"C950389C-F737-4B72-8391-8DB1808D8875"},"url":"assets/498E23C82CA78A4BCD7BA88E5243B6FC.svg","width":1024,"height":768}},"events":[{"effects":[{"beginTime":0,"baseLayer":{"animations":[],"initialState":{"affineTransform":[1,0,0,1,0,0],"masksToBounds":false,"rotation":0,"scale":1,"position":{"pointX":520.9874829053879,"pointY":437.6848078375042},"width":909.3827645778656,"sublayerTransform":[1,0,0,0,0,1,0,0,0,0,1,0,0,0,0,1],"contentsRect":{"y":0,"x":0,"width":1,"height":1},"opacity":1,"edgeAntialiasingMask":15,"height":577.7749730358482,"hidden":false,"anchorPoint":{"pointX":0.5,"pointY":0.5}},"objectID":"CFB88B83-846C-4B54-9EF4-B45624B7A108","layers":[{"animations":[],"initialState":{"affineTransform":[1,0,0,1,0,0],"masksToBounds":false,"rotation":0,"scale":1,"position":{"pointX":445.7038993835449,"pointY":235.2026786804199},"width":909.3827645778656,"sublayerTransform":[1,0,0,0,0,1,0,0,0,0,1,-0.0004922987690640373,0,0,0,1],"contentsRect":{"y":0,"x":0,"width":1,"height":1},"opacity":1,"edgeAntialiasingMask":15,"height":577.7749730358482,"hidden":false,"anchorPoint":{"pointX":0.4901169416713546,"pointY":0.4070835353850238}},"layers":[{"animations":[{"repeatCount":0,"animations":[{"from":{"scalar":0},"beginTime":0,"repeatCount":0,"fillMode":"both","property":"opacity","duration":1.5,"timingFunction":"easeInEaseOut","to":{"scalar":1}},{"from":{"scalar":false},"beginTime":0,"repeatCount":0,"fillMode":"forwards","property":"hidden","duration":1.5,"to":{"scalar":false}}],"beginTime":1e-100,"fillMode":"both","duration":1.5}],"layers":[],"initialState":{"affineTransform":[1,0,0,1,0,0],"masksToBounds":false,"rotation":0,"scale":1,"position":{"pointX":454.7038993835449,"pointY":288.7026786804199},"width":912,"sublayerTransform":[1,0,0,0,0,1,0,0,0,0,1,0,0,0,0,1],"contentsRect":{"y":0,"x":0,"width":1,"height":1},"opacity":1,"edgeAntialiasingMask":0,"height":581,"hidden":true,"anchorPoint":{"pointX":0.5,"pointY":0.5}},"texture":"8232F9103D62DCCBBBBAC1B707D33217"}]}]},"effects":[],"duration":1.5,"type":"buildIn","name":"apple:dissolve","objectID":"CFB88B83-846C-4B54-9EF4-B45624B7A108"},{"beginTime":0,"baseLayer":{"animations":[],"initialState":{"affineTransform":[1,0,0,1,0,0],"masksToBounds":false,"rotation":0,"scale":1,"position":{"pointX":482.1929321289062,"pointY":439.1544342041016},"width":636.14794921875,"sublayerTransform":[1,0,0,0,0,1,0,0,0,0,1,0,0,0,0,1],"contentsRect":{"y":0,"x":0,"width":1,"height":1},"opacity":1,"edgeAntialiasingMask":15,"height":407.3827209472656,"hidden":false,"anchorPoint":{"pointX":0.5,"pointY":0.5}},"objectID":"7CB5F18C-ACC5-4BF9-82A1-45A97C4B7C65","layers":[{"animations":[],"initialState":{"affineTransform":[1,0,0,1,0,0],"masksToBounds":false,"rotation":0,"scale":1,"position":{"pointX":347.8810424804688,"pointY":148.5369262695312},"width":636.14794921875,"sublayerTransform":[1,0,0,0,0,1,0,0,0,0,1,-0.0004922987690640373,0,0,0,1],"contentsRect":{"y":0,"x":0,"width":1,"height":1},"opacity":1,"edgeAntialiasingMask":15,"height":407.3827209472656,"hidden":false,"anchorPoint":{"pointX":0.546855559163084,"pointY":0.3646127305648756}},"layers":[{"animations":[{"repeatCount":0,"animations":[{"from":{"scalar":0},"beginTime":0,"repeatCount":0,"fillMode":"both","property":"opacity","duration":0.5,"timingFunction":"easeInEaseOut","to":{"scalar":1}},{"from":{"scalar":false},"beginTime":0,"repeatCount":0,"fillMode":"forwards","property":"hidden","duration":0.5,"to":{"scalar":false}}],"beginTime":1e-100,"fillMode":"both","duration":0.5}],"layers":[],"initialState":{"affineTransform":[1,0,0,1,0,0],"masksToBounds":false,"rotation":0,"scale":1,"position":{"pointX":318.3810424804688,"pointY":203.5369262695312},"width":637,"sublayerTransform":[1,0,0,0,0,1,0,0,0,0,1,0,0,0,0,1],"contentsRect":{"y":0,"x":0,"width":1,"height":1},"opacity":1,"edgeAntialiasingMask":0,"height":408,"hidden":true,"anchorPoint":{"pointX":0.5,"pointY":0.5}},"texture":"A1B52819DA9201D3F7141601296498AA"}]}]},"effects":[],"duration":0.5,"type":"buildIn","name":"apple:dissolve","objectID":"7CB5F18C-ACC5-4BF9-82A1-45A97C4B7C65"}],"automaticPlay":false,"hyperlinks":[],"accessibility":[{"text":"qqicon-yz.png","targetRectangle":{"y":316.4630737304688,"x":663.1189575195312,"width":24.53388023376465,"height":27.07386016845703}},{"text":"qqicon-yz.png","targetRectangle":{"y":235.4630737304688,"x":726.7330322265625,"width":24.53388023376465,"height":27.07386016845703}},{"text":"qqicon-yz.png","targetRectangle":{"y":508.4630737304688,"x":775.7330322265625,"width":24.53388023376465,"height":27.07386016845703}},{"text":"qqicon-yz.png","targetRectangle":{"y":449.4630737304688,"x":594.7330322265625,"width":24.53388023376465,"height":27.07386016845703}},{"text":"qqicon-yz.png","targetRectangle":{"y":615.7719116210938,"x":565.1189270019531,"width":24.53388023376465,"height":27.07386016845703}},{"text":"qqicon-yz.png","targetRectangle":{"y":473.7719116210938,"x":410.1189575195312,"width":24.53388023376465,"height":27.07386016845703}},{"text":"qqicon-yz.png","targetRectangle":{"y":409.7719116210938,"x":164.1189575195312,"width":24.53388023376465,"height":27.07386016845703}},{"text":"qqicon-yz.png","targetRectangle":{"y":367.4630737304688,"x":360.1189575195312,"width":24.53388023376465,"height":27.07386016845703}},{"text":"程序鹅 生存环境 位置分布","targetRectangle":{"y":90,"x":79,"width":577.783203125,"height":60}},{"text":"qqicon-yz.png","targetRectangle":{"y":299.4630737304688,"x":437.1189575195312,"width":24.53388023376465,"height":27.07386016845703}}],"baseLayer":{"animations":[],"initialState":{"affineTransform":[1,0,0,1,0,0],"masksToBounds":true,"rotation":0,"scale":1,"position":{"pointX":512,"pointY":384},"width":1024,"sublayerTransform":[1,0,0,0,0,1,0,0,0,0,1,0,0,0,0,1],"contentsRect":{"y":0,"x":0,"width":1,"height":1},"opacity":1,"edgeAntialiasingMask":0,"height":768,"hidden":false,"anchorPoint":{"pointX":0.5,"pointY":0.5}},"layers":[{"animations":[],"initialState":{"affineTransform":[1,0,0,1,0,0],"masksToBounds":false,"rotation":0,"scale":1,"position":{"pointX":512,"pointY":384},"width":1024,"sublayerTransform":[1,0,0,0,0,1,0,0,0,0,1,0,0,0,0,1],"contentsRect":{"y":0,"x":0,"width":1,"height":1},"opacity":1,"edgeAntialiasingMask":15,"height":768,"hidden":false,"anchorPoint":{"pointX":0.5,"pointY":0.5}},"layers":[{"animations":[],"initialState":{"affineTransform":[1,0,0,1,0,0],"masksToBounds":false,"rotation":0,"scale":1,"position":{"pointX":512,"pointY":384},"width":1024,"sublayerTransform":[1,0,0,0,0,1,0,0,0,0,1,0,0,0,0,1],"contentsRect":{"y":0,"x":0,"width":1,"height":1},"opacity":1,"edgeAntialiasingMask":15,"height":768,"hidden":false,"anchorPoint":{"pointX":0.5,"pointY":0.5}},"layers":[{"animations":[],"layers":[],"initialState":{"affineTransform":[1,0,0,1,0,0],"masksToBounds":false,"rotation":0,"scale":1,"position":{"pointX":512,"pointY":384},"width":1024,"sublayerTransform":[1,0,0,0,0,1,0,0,0,0,1,0,0,0,0,1],"contentsRect":{"y":0,"x":0,"width":1,"height":1},"opacity":1,"edgeAntialiasingMask":0,"height":768,"hidden":false,"anchorPoint":{"pointX":0.5,"pointY":0.5}},"texture":"498E23C82CA78A4BCD7BA88E5243B6FC"}]}]},{"animations":[],"initialState":{"affineTransform":[1,0,0,1,0,0],"masksToBounds":false,"rotation":0,"scale":1,"position":{"pointX":512,"pointY":384},"width":1024,"sublayerTransform":[1,0,0,0,0,1,0,0,0,0,1,0,0,0,0,1],"contentsRect":{"y":0,"x":0,"width":1,"height":1},"opacity":1,"edgeAntialiasingMask":15,"height":768,"hidden":false,"anchorPoint":{"pointX":0.5,"pointY":0.5}},"layers":[{"animations":[],"initialState":{"affineTransform":[1,0,0,1,0,0],"masksToBounds":false,"rotation":0,"scale":1,"position":{"pointX":512,"pointY":120},"width":874,"sublayerTransform":[1,0,0,0,0,1,0,0,0,0,1,0,0,0,0,1],"contentsRect":{"y":0,"x":0,"width":1,"height":1},"opacity":1,"edgeAntialiasingMask":15,"height":170,"hidden":false,"anchorPoint":{"pointX":0.5,"pointY":0.5}},"objectID":"FBC7763C-0145-43A7-A20F-95E3264A3E93","layers":[{"animations":[],"layers":[],"initialState":{"affineTransform":[1,0,0,1,0,0],"masksToBounds":false,"rotation":0,"scale":1,"position":{"pointX":293.5,"pointY":86},"width":577,"sublayerTransform":[1,0,0,0,0,1,0,0,0,0,1,0,0,0,0,1],"contentsRect":{"y":0,"x":0,"width":1,"height":1},"opacity":1,"edgeAntialiasingMask":0,"height":50,"hidden":false,"anchorPoint":{"pointX":0.5,"pointY":0.5}},"texture":"EA22DA2C3F6DA51477C663AC05479E48"}]}]},{"animations":[],"initialState":{"affineTransform":[1,0,0,1,0,0],"masksToBounds":false,"rotation":0,"scale":1,"position":{"pointX":512,"pointY":384},"width":1024,"sublayerTransform":[1,0,0,0,0,1,0,0,0,0,1,0,0,0,0,1],"contentsRect":{"y":0,"x":0,"width":1,"height":1},"opacity":1,"edgeAntialiasingMask":15,"height":768,"hidden":false,"anchorPoint":{"pointX":0.5,"pointY":0.5}},"layers":[{"animations":[],"initialState":{"affineTransform":[1,0,0,1,0,0],"masksToBounds":false,"rotation":0,"scale":1,"position":{"pointX":520.9874829053879,"pointY":437.6848078375042},"width":909.3827645778656,"sublayerTransform":[1,0,0,0,0,1,0,0,0,0,1,0,0,0,0,1],"contentsRect":{"y":0,"x":0,"width":1,"height":1},"opacity":1,"edgeAntialiasingMask":15,"height":577.7749730358482,"hidden":false,"anchorPoint":{"pointX":0.5,"pointY":0.5}},"objectID":"CFB88B83-846C-4B54-9EF4-B45624B7A108","layers":[{"animations":[],"layers":[],"initialState":{"affineTransform":[1,0,0,1,0,0],"masksToBounds":false,"rotation":0,"scale":1,"position":{"pointX":454.7038993835449,"pointY":288.7026786804199},"width":912,"sublayerTransform":[1,0,0,0,0,1,0,0,0,0,1,0,0,0,0,1],"contentsRect":{"y":0,"x":0,"width":1,"height":1},"opacity":1,"edgeAntialiasingMask":0,"height":581,"hidden":true,"anchorPoint":{"pointX":0.5,"pointY":0.5}},"texture":"8232F9103D62DCCBBBBAC1B707D33217"}]}]},{"animations":[],"initialState":{"affineTransform":[1,0,0,1,0,0],"masksToBounds":false,"rotation":0,"scale":1,"position":{"pointX":512,"pointY":384},"width":1024,"sublayerTransform":[1,0,0,0,0,1,0,0,0,0,1,0,0,0,0,1],"contentsRect":{"y":0,"x":0,"width":1,"height":1},"opacity":1,"edgeAntialiasingMask":15,"height":768,"hidden":false,"anchorPoint":{"pointX":0.5,"pointY":0.5}},"layers":[{"animations":[],"initialState":{"affineTransform":[1,0,0,1,0,0],"masksToBounds":false,"rotation":0,"scale":1,"position":{"pointX":482.1929321289062,"pointY":439.1544342041016},"width":636.14794921875,"sublayerTransform":[1,0,0,0,0,1,0,0,0,0,1,0,0,0,0,1],"contentsRect":{"y":0,"x":0,"width":1,"height":1},"opacity":1,"edgeAntialiasingMask":15,"height":407.3827209472656,"hidden":false,"anchorPoint":{"pointX":0.5,"pointY":0.5}},"objectID":"7CB5F18C-ACC5-4BF9-82A1-45A97C4B7C65","layers":[{"animations":[],"layers":[],"initialState":{"affineTransform":[1,0,0,1,0,0],"masksToBounds":false,"rotation":0,"scale":1,"position":{"pointX":318.3810424804688,"pointY":203.5369262695312},"width":637,"sublayerTransform":[1,0,0,0,0,1,0,0,0,0,1,0,0,0,0,1],"contentsRect":{"y":0,"x":0,"width":1,"height":1},"opacity":1,"edgeAntialiasingMask":0,"height":408,"hidden":true,"anchorPoint":{"pointX":0.5,"pointY":0.5}},"texture":"A1B52819DA9201D3F7141601296498AA"}]}]}]}},{"effects":[{"beginTime":0,"baseLayer":{"animations":[],"initialState":{"affineTransform":[1,0,0,1,0,0],"masksToBounds":true,"rotation":0,"scale":1,"position":{"pointX":512,"pointY":384},"width":1024,"sublayerTransform":[1,0,0,0,0,1,0,0,0,0,1,0,0,0,0,1],"contentsRect":{"y":0,"x":0,"width":1,"height":1},"opacity":1,"edgeAntialiasingMask":0,"height":768,"hidden":false,"anchorPoint":{"pointX":0.5,"pointY":0.5}},"objectID":"0","layers":[{"animations":[],"initialState":{"affineTransform":[1,0,0,1,0,0],"masksToBounds":false,"rotation":0,"scale":1,"position":{"pointX":512,"pointY":384},"width":1024,"sublayerTransform":[1,0,0,0,0,1,0,0,0,0,1,-0.0004922987690640373,0,0,0,1],"contentsRect":{"y":0,"x":0,"width":1,"height":1},"opacity":1,"edgeAntialiasingMask":15,"height":768,"hidden":false,"anchorPoint":{"pointX":0.5,"pointY":0.5}},"layers":[{"animations":[],"layers":[],"initialState":{"affineTransform":[1,0,0,1,0,0],"masksToBounds":false,"rotation":0,"scale":1,"position":{"pointX":512,"pointY":384},"width":1024,"sublayerTransform":[1,0,0,0,0,1,0,0,0,0,1,0,0,0,0,1],"contentsRect":{"y":0,"x":0,"width":1,"height":1},"opacity":1,"edgeAntialiasingMask":0,"height":768,"hidden":false,"anchorPoint":{"pointX":0.5,"pointY":0.5}},"texture":"A30CBF16CB526FBDED5042CA41A1C011"},{"animations":[{"from":{"scalar":false},"beginTime":0,"repeatCount":0,"fillMode":"both","property":"hidden","duration":0.01,"to":{"scalar":true}}],"layers":[],"initialState":{"affineTransform":[1,0,0,1,0,0],"masksToBounds":false,"rotation":0,"scale":1,"position":{"pointX":512,"pointY":384},"width":1024,"sublayerTransform":[1,0,0,0,0,1,0,0,0,0,1,0,0,0,0,1],"contentsRect":{"y":0,"x":0,"width":1,"height":1},"opacity":1,"edgeAntialiasingMask":0,"height":768,"hidden":false,"anchorPoint":{"pointX":0.5,"pointY":0.5}},"texture":"C5E1C757E2DA71DFBA79C3A88903D54E"}]}]},"effects":[],"duration":0.01,"type":"transition","name":"none","objectID":"0"}],"automaticPlay":false,"hyperlinks":[],"accessibility":[{"text":"qqicon-yz.png","targetRectangle":{"y":316.4630737304688,"x":663.1189575195312,"width":24.53388023376465,"height":27.07386016845703}},{"text":"qqicon-yz.png","targetRectangle":{"y":235.4630737304688,"x":726.7330322265625,"width":24.53388023376465,"height":27.07386016845703}},{"text":"qqicon-yz.png","targetRectangle":{"y":508.4630737304688,"x":775.7330322265625,"width":24.53388023376465,"height":27.07386016845703}},{"text":"qqicon-yz.png","targetRectangle":{"y":449.4630737304688,"x":594.7330322265625,"width":24.53388023376465,"height":27.07386016845703}},{"text":"qqicon-yz.png","targetRectangle":{"y":615.7719116210938,"x":565.1189270019531,"width":24.53388023376465,"height":27.07386016845703}},{"text":"qqicon-yz.png","targetRectangle":{"y":473.7719116210938,"x":410.1189575195312,"width":24.53388023376465,"height":27.07386016845703}},{"text":"qqicon-yz.png","targetRectangle":{"y":409.7719116210938,"x":164.1189575195312,"width":24.53388023376465,"height":27.07386016845703}},{"text":"map-edited.png","targetRectangle":{"y":148.7973213195801,"x":66.29610061645508,"width":909.3827645778656,"height":577.7749730358482}},{"text":"qqicon-yz.png","targetRectangle":{"y":367.4630737304688,"x":360.1189575195312,"width":24.53388023376465,"height":27.07386016845703}},{"text":"程序鹅 生存环境 位置分布","targetRectangle":{"y":90,"x":79,"width":577.783203125,"height":60}},{"text":"qqicon-yz.png","targetRectangle":{"y":299.4630737304688,"x":437.1189575195312,"width":24.53388023376465,"height":27.07386016845703}}],"baseLayer":{"animations":[],"initialState":{"affineTransform":[1,0,0,1,0,0],"masksToBounds":true,"rotation":0,"scale":1,"position":{"pointX":512,"pointY":384},"width":1024,"sublayerTransform":[1,0,0,0,0,1,0,0,0,0,1,0,0,0,0,1],"contentsRect":{"y":0,"x":0,"width":1,"height":1},"opacity":1,"edgeAntialiasingMask":0,"height":768,"hidden":false,"anchorPoint":{"pointX":0.5,"pointY":0.5}},"objectID":"0","layers":[{"animations":[],"initialState":{"affineTransform":[1,0,0,1,0,0],"masksToBounds":false,"rotation":0,"scale":1,"position":{"pointX":512,"pointY":384},"width":1024,"sublayerTransform":[1,0,0,0,0,1,0,0,0,0,1,-0.0004922987690640373,0,0,0,1],"contentsRect":{"y":0,"x":0,"width":1,"height":1},"opacity":1,"edgeAntialiasingMask":15,"height":768,"hidden":false,"anchorPoint":{"pointX":0.5,"pointY":0.5}},"layers":[{"animations":[],"layers":[],"initialState":{"affineTransform":[1,0,0,1,0,0],"masksToBounds":false,"rotation":0,"scale":1,"position":{"pointX":512,"pointY":384},"width":1024,"sublayerTransform":[1,0,0,0,0,1,0,0,0,0,1,0,0,0,0,1],"contentsRect":{"y":0,"x":0,"width":1,"height":1},"opacity":1,"edgeAntialiasingMask":0,"height":768,"hidden":false,"anchorPoint":{"pointX":0.5,"pointY":0.5}},"texture":"C5E1C757E2DA71DFBA79C3A88903D54E"}]}]}}]}