{"assets":{"2A815B56D3C6086C1EFB03855EB7F19D":{"type":"texture","index":209,"assetRequest":{"type":"slide","state":"contents","slide":"0C6F0A1B-7042-47C3-90A9-DED8CE55B300"},"url":"assets/2A815B56D3C6086C1EFB03855EB7F19D.svg","width":229,"height":209},"99BA57E8F7AE54124F43BAF9F3D63609":{"type":"texture","index":211,"assetRequest":{"type":"slide","state":"incoming","slide":"2769ED81-E712-48B3-B16A-1D33D641EAC4"},"url":"assets/99BA57E8F7AE54124F43BAF9F3D63609.svg","width":1024,"height":768},"A1773BE97C2E79D2EC099DA6972F1354":{"type":"texture","index":210,"assetRequest":{"type":"slide","state":"outgoing","slide":"0C6F0A1B-7042-47C3-90A9-DED8CE55B300"},"url":"assets/A1773BE97C2E79D2EC099DA6972F1354.png","width":1024,"height":768},"8B41B52DE93447D65DCAC8F31618E90D":{"type":"texture","index":206,"assetRequest":{"type":"slide","state":"contents","slide":"0C6F0A1B-7042-47C3-90A9-DED8CE55B300"},"url":"assets/8B41B52DE93447D65DCAC8F31618E90D.png","width":180,"height":38},"A523BED10F16478DCC9402DF124270C4":{"type":"texture","index":205,"assetRequest":{"type":"slide","state":"contents","slide":"0C6F0A1B-7042-47C3-90A9-DED8CE55B300"},"url":"assets/A523BED10F16478DCC9402DF124270C4.png","width":146,"height":37},"A5FF07E2AACB9944F3F5228A4F81F99B":{"type":"texture","index":203,"assetRequest":{"type":"slide","state":"contents","slide":"0C6F0A1B-7042-47C3-90A9-DED8CE55B300"},"url":"assets/A5FF07E2AACB9944F3F5228A4F81F99B.png","width":362,"height":50},"37B3EDE27B57764E09A6318C92C3E043":{"type":"texture","index":204,"assetRequest":{"type":"slide","state":"contents","slide":"0C6F0A1B-7042-47C3-90A9-DED8CE55B300"},"url":"assets/37B3EDE27B57764E09A6318C92C3E043.png","width":146,"height":37},"5647FACCCBA90BDE97123CA17FD0BEC7":{"type":"texture","index":208,"assetRequest":{"type":"slide","state":"contents","slide":"0C6F0A1B-7042-47C3-90A9-DED8CE55B300"},"url":"assets/5647FACCCBA90BDE97123CA17FD0BEC7.png","width":207,"height":38},"498E23C82CA78A4BCD7BA88E5243B6FC":{"type":"texture","index":202,"assetRequest":{"type":"slide","state":"contents","slide":"0C6F0A1B-7042-47C3-90A9-DED8CE55B300"},"url":"assets/498E23C82CA78A4BCD7BA88E5243B6FC.svg","width":1024,"height":768},"9FED38DE43DB926E86914098382FE117":{"type":"texture","index":207,"assetRequest":{"type":"slide","state":"contents","slide":"0C6F0A1B-7042-47C3-90A9-DED8CE55B300"},"url":"assets/9FED38DE43DB926E86914098382FE117.png","width":204,"height":38}},"events":[{"effects":[{"beginTime":0,"baseLayer":{"animations":[],"initialState":{"affineTransform":[1,0,0,1,0,0],"masksToBounds":false,"rotation":0,"scale":1,"position":{"pointX":512,"pointY":120},"width":874,"sublayerTransform":[1,0,0,0,0,1,0,0,0,0,1,0,0,0,0,1],"contentsRect":{"y":0,"x":0,"width":1,"height":1},"opacity":1,"edgeAntialiasingMask":15,"height":170,"hidden":false,"anchorPoint":{"pointX":0.5,"pointY":0.5}},"objectID":"19473549-AC8E-4ABF-AFDC-4B95812FBC93","layers":[{"animations":[],"initialState":{"affineTransform":[1,0,0,1,0,0],"masksToBounds":false,"rotation":0,"scale":1,"position":{"pointX":437,"pointY":349},"width":874,"sublayerTransform":[1,0,0,0,0,1,0,0,0,0,1,-0.0004922987690640373,0,0,0,1],"contentsRect":{"y":0,"x":0,"width":1,"height":1},"opacity":1,"edgeAntialiasingMask":15,"height":170,"hidden":false,"anchorPoint":{"pointX":0.5,"pointY":2.052941176470588}},"layers":[{"animations":[{"from":{"scalar":true},"beginTime":1e-100,"repeatCount":0,"fillMode":"both","property":"hidden","duration":0.01,"to":{"scalar":false}}],"layers":[],"initialState":{"affineTransform":[1,0,0,1,0,0],"masksToBounds":false,"rotation":0,"scale":1,"position":{"pointX":186,"pointY":86},"width":362,"sublayerTransform":[1,0,0,0,0,1,0,0,0,0,1,0,0,0,0,1],"contentsRect":{"y":0,"x":0,"width":1,"height":1},"opacity":1,"edgeAntialiasingMask":0,"height":50,"hidden":true,"anchorPoint":{"pointX":0.5,"pointY":0.5}},"texture":"A5FF07E2AACB9944F3F5228A4F81F99B"}]}]},"effects":[{"beginTime":0,"baseLayer":{"animations":[],"initialState":{"affineTransform":[1,0,0,1,0,0],"masksToBounds":false,"rotation":0,"scale":1,"position":{"pointX":163.7443985939026,"pointY":226.4615325927734},"width":152.9999971389771,"sublayerTransform":[1,0,0,0,0,1,0,0,0,0,1,0,0,0,0,1],"contentsRect":{"y":0,"x":0,"width":1,"height":1},"opacity":1,"edgeAntialiasingMask":15,"height":43.92004311084747,"hidden":false,"anchorPoint":{"pointX":0.5,"pointY":0.5}},"objectID":"764868DB-B848-4E46-8310-48F612AF1520","layers":[{"animations":[],"initialState":{"affineTransform":[1,0,0,1,0,0],"masksToBounds":false,"rotation":0,"scale":1,"position":{"pointX":424.7555999755859,"pointY":179.4984889626503},"width":152.9999971389771,"sublayerTransform":[1,0,0,0,0,1,0,0,0,0,1,-0.0004922987690640373,0,0,0,1],"contentsRect":{"y":0,"x":0,"width":1,"height":1},"opacity":1,"edgeAntialiasingMask":15,"height":43.92004311084747,"hidden":false,"anchorPoint":{"pointX":2.77618044391047,"pointY":4.086937904628726}},"layers":[{"animations":[{"from":{"scalar":true},"beginTime":1e-100,"repeatCount":0,"fillMode":"both","property":"hidden","duration":0.01,"to":{"scalar":false}}],"layers":[],"initialState":{"affineTransform":[1,0,0,1,0,0],"masksToBounds":false,"rotation":0,"scale":1,"position":{"pointX":76.75559997558594,"pointY":21.9984889626503},"width":146,"sublayerTransform":[1,0,0,0,0,1,0,0,0,0,1,0,0,0,0,1],"contentsRect":{"y":0,"x":0,"width":1,"height":1},"opacity":1,"edgeAntialiasingMask":0,"height":37,"hidden":true,"anchorPoint":{"pointX":0.5,"pointY":0.5}},"texture":"37B3EDE27B57764E09A6318C92C3E043"}]}]},"effects":[{"beginTime":0,"baseLayer":{"animations":[],"initialState":{"affineTransform":[1,0,0,1,0,0],"masksToBounds":false,"rotation":0,"scale":1,"position":{"pointX":395.0343251228333,"pointY":226.4615325927734},"width":212.7599954605103,"sublayerTransform":[1,0,0,0,0,1,0,0,0,0,1,0,0,0,0,1],"contentsRect":{"y":0,"x":0,"width":1,"height":1},"opacity":1,"edgeAntialiasingMask":15,"height":50.99999904632568,"hidden":false,"anchorPoint":{"pointX":0.5,"pointY":0.5}},"objectID":"8D0EE02E-A341-4543-8820-5439CB150D5F","layers":[{"animations":[],"initialState":{"affineTransform":[1,0,0,1,0,0],"masksToBounds":false,"rotation":0,"scale":1,"position":{"pointX":223.3456726074219,"pointY":183.0384669303894},"width":212.7599954605103,"sublayerTransform":[1,0,0,0,0,1,0,0,0,0,1,-0.0004922987690640373,0,0,0,1],"contentsRect":{"y":0,"x":0,"width":1,"height":1},"opacity":1,"edgeAntialiasingMask":15,"height":50.99999904632568,"hidden":false,"anchorPoint":{"pointX":1.049754076766167,"pointY":3.588989614766993}},"layers":[{"animations":[{"from":{"scalar":true},"beginTime":1e-100,"repeatCount":0,"fillMode":"both","property":"hidden","duration":0.01,"to":{"scalar":false}}],"layers":[],"initialState":{"affineTransform":[1,0,0,1,0,0],"masksToBounds":false,"rotation":0,"scale":1,"position":{"pointX":104.3456726074219,"pointY":25.0384669303894},"width":204,"sublayerTransform":[1,0,0,0,0,1,0,0,0,0,1,0,0,0,0,1],"contentsRect":{"y":0,"x":0,"width":1,"height":1},"opacity":1,"edgeAntialiasingMask":0,"height":38,"hidden":true,"anchorPoint":{"pointX":0.5,"pointY":0.5}},"texture":"9FED38DE43DB926E86914098382FE117"}]}]},"effects":[{"beginTime":0,"baseLayer":{"animations":[],"initialState":{"affineTransform":[1,0,0,1,0,0],"masksToBounds":false,"rotation":0,"scale":1,"position":{"pointX":163.9506440162659,"pointY":305.2307739257812},"width":152.9999971389771,"sublayerTransform":[1,0,0,0,0,1,0,0,0,0,1,0,0,0,0,1],"contentsRect":{"y":0,"x":0,"width":1,"height":1},"opacity":1,"edgeAntialiasingMask":15,"height":43.92004311084747,"hidden":false,"anchorPoint":{"pointX":0.5,"pointY":0.5}},"objectID":"C81D0BF3-B361-43D5-9409-7AA77849CEE8","layers":[{"animations":[],"initialState":{"affineTransform":[1,0,0,1,0,0],"masksToBounds":false,"rotation":0,"scale":1,"position":{"pointX":424.5493545532227,"pointY":100.7292476296425},"width":152.9999971389771,"sublayerTransform":[1,0,0,0,0,1,0,0,0,0,1,-0.0004922987690640373,0,0,0,1],"contentsRect":{"y":0,"x":0,"width":1,"height":1},"opacity":1,"edgeAntialiasingMask":15,"height":43.92004311084747,"hidden":false,"anchorPoint":{"pointX":2.774832434588771,"pointY":2.293468778603365}},"layers":[{"animations":[{"from":{"scalar":true},"beginTime":1e-100,"repeatCount":0,"fillMode":"both","property":"hidden","duration":0.01,"to":{"scalar":false}}],"layers":[],"initialState":{"affineTransform":[1,0,0,1,0,0],"masksToBounds":false,"rotation":0,"scale":1,"position":{"pointX":76.54935455322266,"pointY":22.22924762964249},"width":146,"sublayerTransform":[1,0,0,0,0,1,0,0,0,0,1,0,0,0,0,1],"contentsRect":{"y":0,"x":0,"width":1,"height":1},"opacity":1,"edgeAntialiasingMask":0,"height":37,"hidden":true,"anchorPoint":{"pointX":0.5,"pointY":0.5}},"texture":"A523BED10F16478DCC9402DF124270C4"}]}]},"effects":[{"beginTime":0,"baseLayer":{"animations":[],"initialState":{"affineTransform":[1,0,0,1,0,0],"masksToBounds":false,"rotation":0,"scale":1,"position":{"pointX":395.0343251228333,"pointY":305.2307739257812},"width":212.7599954605103,"sublayerTransform":[1,0,0,0,0,1,0,0,0,0,1,0,0,0,0,1],"contentsRect":{"y":0,"x":0,"width":1,"height":1},"opacity":1,"edgeAntialiasingMask":15,"height":50.99999904632568,"hidden":false,"anchorPoint":{"pointX":0.5,"pointY":0.5}},"objectID":"FE855F1C-CDDC-4135-96C4-4B09AF221E6A","layers":[{"animations":[],"initialState":{"affineTransform":[1,0,0,1,0,0],"masksToBounds":false,"rotation":0,"scale":1,"position":{"pointX":223.3456726074219,"pointY":104.2692255973816},"width":212.7599954605103,"sublayerTransform":[1,0,0,0,0,1,0,0,0,0,1,-0.0004922987690640373,0,0,0,1],"contentsRect":{"y":0,"x":0,"width":1,"height":1},"opacity":1,"edgeAntialiasingMask":15,"height":50.99999904632568,"hidden":false,"anchorPoint":{"pointX":1.049754076766167,"pointY":2.044494657787522}},"layers":[{"animations":[{"from":{"scalar":true},"beginTime":1e-100,"repeatCount":0,"fillMode":"both","property":"hidden","duration":0.01,"to":{"scalar":false}}],"layers":[],"initialState":{"affineTransform":[1,0,0,1,0,0],"masksToBounds":false,"rotation":0,"scale":1,"position":{"pointX":105.8456726074219,"pointY":25.26922559738159},"width":207,"sublayerTransform":[1,0,0,0,0,1,0,0,0,0,1,0,0,0,0,1],"contentsRect":{"y":0,"x":0,"width":1,"height":1},"opacity":1,"edgeAntialiasingMask":0,"height":38,"hidden":true,"anchorPoint":{"pointX":0.5,"pointY":0.5}},"texture":"5647FACCCBA90BDE97123CA17FD0BEC7"}]}]},"effects":[{"beginTime":0,"baseLayer":{"animations":[],"initialState":{"affineTransform":[1,0,0,1,0,0],"masksToBounds":false,"rotation":0,"scale":1,"position":{"pointX":429.3149070739746,"pointY":475.2327117919922},"width":227.8434982299805,"sublayerTransform":[1,0,0,0,0,1,0,0,0,0,1,0,0,0,0,1],"contentsRect":{"y":0,"x":0,"width":1,"height":1},"opacity":1,"edgeAntialiasingMask":15,"height":208.4380187988281,"hidden":false,"anchorPoint":{"pointX":0.5,"pointY":0.5}},"objectID":"2BD92FEF-9DD1-4D80-BF63-96F437AF51AD","layers":[{"animations":[],"initialState":{"affineTransform":[1,0,0,1,0,0],"masksToBounds":false,"rotation":0,"scale":1,"position":{"pointX":196.6068420410156,"pointY":12.98629760742188},"width":227.8434982299805,"sublayerTransform":[1,0,0,0,0,1,0,0,0,0,1,-0.0004922987690640373,0,0,0,1],"contentsRect":{"y":0,"x":0,"width":1,"height":1},"opacity":1,"edgeAntialiasingMask":15,"height":208.4380187988281,"hidden":false,"anchorPoint":{"pointX":0.8629030170637776,"pointY":0.06230292190579431}},"layers":[{"animations":[{"from":{"scalar":true},"beginTime":1e-100,"repeatCount":0,"fillMode":"both","property":"hidden","duration":0.01,"to":{"scalar":false}}],"layers":[],"initialState":{"affineTransform":[1,0,0,1,0,0],"masksToBounds":false,"rotation":0,"scale":1,"position":{"pointX":114.1068420410156,"pointY":104.4862976074219},"width":229,"sublayerTransform":[1,0,0,0,0,1,0,0,0,0,1,0,0,0,0,1],"contentsRect":{"y":0,"x":0,"width":1,"height":1},"opacity":1,"edgeAntialiasingMask":0,"height":209,"hidden":true,"anchorPoint":{"pointX":0.5,"pointY":0.5}},"texture":"2A815B56D3C6086C1EFB03855EB7F19D"}]}]},"effects":[{"beginTime":0,"baseLayer":{"animations":[],"initialState":{"affineTransform":[1,0,0,1,0,0],"masksToBounds":false,"rotation":0,"scale":1,"position":{"pointX":182.9477226734161,"pointY":384},"width":188.9999985694885,"sublayerTransform":[1,0,0,0,0,1,0,0,0,0,1,0,0,0,0,1],"contentsRect":{"y":0,"x":0,"width":1,"height":1},"opacity":1,"edgeAntialiasingMask":15,"height":43.92004311084747,"hidden":false,"anchorPoint":{"pointX":0.5,"pointY":0.5}},"objectID":"6619CDC8-4732-46C2-9D08-C0D903CE9807","layers":[{"animations":[],"initialState":{"affineTransform":[1,0,0,1,0,0],"masksToBounds":false,"rotation":0,"scale":1,"position":{"pointX":423.5522766113281,"pointY":21.96002155542374},"width":188.9999985694885,"sublayerTransform":[1,0,0,0,0,1,0,0,0,0,1,-0.0004922987690640373,0,0,0,1],"contentsRect":{"y":0,"x":0,"width":1,"height":1},"opacity":1,"edgeAntialiasingMask":15,"height":43.92004311084747,"hidden":false,"anchorPoint":{"pointX":2.241017353529784,"pointY":0.5}},"layers":[{"animations":[{"from":{"scalar":true},"beginTime":1e-100,"repeatCount":0,"fillMode":"both","property":"hidden","duration":0.01,"to":{"scalar":false}}],"layers":[],"initialState":{"affineTransform":[1,0,0,1,0,0],"masksToBounds":false,"rotation":0,"scale":1,"position":{"pointX":95.55227661132812,"pointY":21.96002155542374},"width":180,"sublayerTransform":[1,0,0,0,0,1,0,0,0,0,1,0,0,0,0,1],"contentsRect":{"y":0,"x":0,"width":1,"height":1},"opacity":1,"edgeAntialiasingMask":0,"height":38,"hidden":true,"anchorPoint":{"pointX":0.5,"pointY":0.5}},"texture":"8B41B52DE93447D65DCAC8F31618E90D"}]}]},"effects":[],"duration":0.01,"type":"buildIn","name":"apple:appear","objectID":"6619CDC8-4732-46C2-9D08-C0D903CE9807"}],"duration":0.01,"type":"buildIn","name":"apple:appear","objectID":"2BD92FEF-9DD1-4D80-BF63-96F437AF51AD"}],"duration":0.01,"type":"buildIn","name":"apple:appear","objectID":"FE855F1C-CDDC-4135-96C4-4B09AF221E6A"}],"duration":0.01,"type":"buildIn","name":"apple:appear","objectID":"C81D0BF3-B361-43D5-9409-7AA77849CEE8"}],"duration":0.01,"type":"buildIn","name":"apple:appear","objectID":"8D0EE02E-A341-4543-8820-5439CB150D5F"}],"duration":0.01,"type":"buildIn","name":"apple:appear","objectID":"764868DB-B848-4E46-8310-48F612AF1520"}],"duration":0.01,"type":"buildIn","name":"apple:appear","objectID":"19473549-AC8E-4ABF-AFDC-4B95812FBC93"}],"automaticPlay":true,"hyperlinks":[],"accessibility":[{"text":"qqicon-yz.png","targetRectangle":{"y":535.5316772460938,"x":353.6336059570312,"width":39.79961395263672,"height":43.9200439453125}},{"text":"qqicon-yz.png","targetRectangle":{"y":535.5316772460938,"x":390.7671203613281,"width":39.79961395263672,"height":43.9200439453125}},{"text":"qqicon-yz.png","targetRectangle":{"y":371.0137023925781,"x":428.0630798339844,"width":39.79961395263672,"height":43.9200439453125}},{"text":"qqicon-yz.png","targetRectangle":{"y":371.0137023925781,"x":315.3931579589844,"width":39.79961395263672,"height":43.9200439453125}},{"text":"qqicon-yz.png","targetRectangle":{"y":371.0137023925781,"x":465.9345703125,"width":39.79961395263672,"height":43.9200439453125}},{"text":"qqicon-yz.png","targetRectangle":{"y":371.0137023925781,"x":503.0680847167969,"width":39.79961395263672,"height":43.9200439453125}},{"text":"qqicon-yz.png","targetRectangle":{"y":371.0137023925781,"x":353.2646484375,"width":39.79961395263672,"height":43.9200439453125}},{"text":"qqicon-yz.png","targetRectangle":{"y":371.0137023925781,"x":390.3981628417969,"width":39.79961395263672,"height":43.9200439453125}},{"text":"qqicon-yz.png","targetRectangle":{"y":425.85302734375,"x":428.4320678710938,"width":39.79961395263672,"height":43.9200439453125}},{"text":"qqicon-yz.png","targetRectangle":{"y":425.85302734375,"x":315.7621459960938,"width":39.79961395263672,"height":43.9200439453125}},{"text":"qqicon-yz.png","targetRectangle":{"y":425.85302734375,"x":466.3035278320312,"width":39.79961395263672,"height":43.9200439453125}},{"text":"qqicon-yz.png","targetRectangle":{"y":425.85302734375,"x":353.6336059570312,"width":39.79961395263672,"height":43.9200439453125}},{"text":"qqicon-yz.png","targetRectangle":{"y":425.85302734375,"x":503.4370422363281,"width":39.79961395263672,"height":43.9200439453125}},{"text":"qqicon-yz.png","targetRectangle":{"y":425.85302734375,"x":390.7671203613281,"width":39.79961395263672,"height":43.9200439453125}},{"text":"qqicon-yz.png","targetRectangle":{"y":480.6923522949219,"x":428.4320678710938,"width":39.79961395263672,"height":43.9200439453125}},{"text":"qqicon-yz.png","targetRectangle":{"y":480.6923522949219,"x":466.3035278320312,"width":39.79961395263672,"height":43.9200439453125}},{"text":"qqicon-yz.png","targetRectangle":{"y":480.6923522949219,"x":503.4370422363281,"width":39.79961395263672,"height":43.9200439453125}},{"text":"qqicon-yz.png","targetRectangle":{"y":535.5316772460938,"x":428.4320678710938,"width":39.79961395263672,"height":43.9200439453125}},{"text":"qqicon-yz.png","targetRectangle":{"y":535.5316772460938,"x":466.3035278320312,"width":39.79961395263672,"height":43.9200439453125}},{"text":"qqicon-yz.png","targetRectangle":{"y":535.5316772460938,"x":503.4370422363281,"width":39.79961395263672,"height":43.9200439453125}},{"text":"qqicon-yz.png","targetRectangle":{"y":480.6923522949219,"x":315.7621459960938,"width":39.79961395263672,"height":43.9200439453125}},{"text":"qqicon-yz.png","targetRectangle":{"y":480.6923522949219,"x":353.6336059570312,"width":39.79961395263672,"height":43.9200439453125}},{"text":"qqicon-yz.png","targetRectangle":{"y":480.6923522949219,"x":390.7671203613281,"width":39.79961395263672,"height":43.9200439453125}},{"text":"qqicon-yz.png","targetRectangle":{"y":535.5316772460938,"x":315.7621459960938,"width":39.79961395263672,"height":43.9200439453125}}],"baseLayer":{"animations":[],"initialState":{"affineTransform":[1,0,0,1,0,0],"masksToBounds":true,"rotation":0,"scale":1,"position":{"pointX":512,"pointY":384},"width":1024,"sublayerTransform":[1,0,0,0,0,1,0,0,0,0,1,0,0,0,0,1],"contentsRect":{"y":0,"x":0,"width":1,"height":1},"opacity":1,"edgeAntialiasingMask":0,"height":768,"hidden":false,"anchorPoint":{"pointX":0.5,"pointY":0.5}},"layers":[{"animations":[],"initialState":{"affineTransform":[1,0,0,1,0,0],"masksToBounds":false,"rotation":0,"scale":1,"position":{"pointX":512,"pointY":384},"width":1024,"sublayerTransform":[1,0,0,0,0,1,0,0,0,0,1,0,0,0,0,1],"contentsRect":{"y":0,"x":0,"width":1,"height":1},"opacity":1,"edgeAntialiasingMask":15,"height":768,"hidden":false,"anchorPoint":{"pointX":0.5,"pointY":0.5}},"layers":[{"animations":[],"initialState":{"affineTransform":[1,0,0,1,0,0],"masksToBounds":false,"rotation":0,"scale":1,"position":{"pointX":512,"pointY":384},"width":1024,"sublayerTransform":[1,0,0,0,0,1,0,0,0,0,1,0,0,0,0,1],"contentsRect":{"y":0,"x":0,"width":1,"height":1},"opacity":1,"edgeAntialiasingMask":15,"height":768,"hidden":false,"anchorPoint":{"pointX":0.5,"pointY":0.5}},"layers":[{"animations":[],"layers":[],"initialState":{"affineTransform":[1,0,0,1,0,0],"masksToBounds":false,"rotation":0,"scale":1,"position":{"pointX":512,"pointY":384},"width":1024,"sublayerTransform":[1,0,0,0,0,1,0,0,0,0,1,0,0,0,0,1],"contentsRect":{"y":0,"x":0,"width":1,"height":1},"opacity":1,"edgeAntialiasingMask":0,"height":768,"hidden":false,"anchorPoint":{"pointX":0.5,"pointY":0.5}},"texture":"498E23C82CA78A4BCD7BA88E5243B6FC"}]}]},{"animations":[],"initialState":{"affineTransform":[1,0,0,1,0,0],"masksToBounds":false,"rotation":0,"scale":1,"position":{"pointX":512,"pointY":384},"width":1024,"sublayerTransform":[1,0,0,0,0,1,0,0,0,0,1,0,0,0,0,1],"contentsRect":{"y":0,"x":0,"width":1,"height":1},"opacity":1,"edgeAntialiasingMask":15,"height":768,"hidden":false,"anchorPoint":{"pointX":0.5,"pointY":0.5}},"layers":[{"animations":[],"initialState":{"affineTransform":[1,0,0,1,0,0],"masksToBounds":false,"rotation":0,"scale":1,"position":{"pointX":512,"pointY":120},"width":874,"sublayerTransform":[1,0,0,0,0,1,0,0,0,0,1,0,0,0,0,1],"contentsRect":{"y":0,"x":0,"width":1,"height":1},"opacity":1,"edgeAntialiasingMask":15,"height":170,"hidden":false,"anchorPoint":{"pointX":0.5,"pointY":0.5}},"objectID":"19473549-AC8E-4ABF-AFDC-4B95812FBC93","layers":[{"animations":[],"layers":[],"initialState":{"affineTransform":[1,0,0,1,0,0],"masksToBounds":false,"rotation":0,"scale":1,"position":{"pointX":186,"pointY":86},"width":362,"sublayerTransform":[1,0,0,0,0,1,0,0,0,0,1,0,0,0,0,1],"contentsRect":{"y":0,"x":0,"width":1,"height":1},"opacity":1,"edgeAntialiasingMask":0,"height":50,"hidden":true,"anchorPoint":{"pointX":0.5,"pointY":0.5}},"texture":"A5FF07E2AACB9944F3F5228A4F81F99B"}]}]},{"animations":[],"initialState":{"affineTransform":[1,0,0,1,0,0],"masksToBounds":false,"rotation":0,"scale":1,"position":{"pointX":512,"pointY":384},"width":1024,"sublayerTransform":[1,0,0,0,0,1,0,0,0,0,1,0,0,0,0,1],"contentsRect":{"y":0,"x":0,"width":1,"height":1},"opacity":1,"edgeAntialiasingMask":15,"height":768,"hidden":false,"anchorPoint":{"pointX":0.5,"pointY":0.5}},"layers":[{"animations":[],"initialState":{"affineTransform":[1,0,0,1,0,0],"masksToBounds":false,"rotation":0,"scale":1,"position":{"pointX":163.7443985939026,"pointY":226.4615325927734},"width":152.9999971389771,"sublayerTransform":[1,0,0,0,0,1,0,0,0,0,1,0,0,0,0,1],"contentsRect":{"y":0,"x":0,"width":1,"height":1},"opacity":1,"edgeAntialiasingMask":15,"height":43.92004311084747,"hidden":false,"anchorPoint":{"pointX":0.5,"pointY":0.5}},"objectID":"764868DB-B848-4E46-8310-48F612AF1520","layers":[{"animations":[],"layers":[],"initialState":{"affineTransform":[1,0,0,1,0,0],"masksToBounds":false,"rotation":0,"scale":1,"position":{"pointX":76.75559997558594,"pointY":21.9984889626503},"width":146,"sublayerTransform":[1,0,0,0,0,1,0,0,0,0,1,0,0,0,0,1],"contentsRect":{"y":0,"x":0,"width":1,"height":1},"opacity":1,"edgeAntialiasingMask":0,"height":37,"hidden":true,"anchorPoint":{"pointX":0.5,"pointY":0.5}},"texture":"37B3EDE27B57764E09A6318C92C3E043"}]}]},{"animations":[],"initialState":{"affineTransform":[1,0,0,1,0,0],"masksToBounds":false,"rotation":0,"scale":1,"position":{"pointX":512,"pointY":384},"width":1024,"sublayerTransform":[1,0,0,0,0,1,0,0,0,0,1,0,0,0,0,1],"contentsRect":{"y":0,"x":0,"width":1,"height":1},"opacity":1,"edgeAntialiasingMask":15,"height":768,"hidden":false,"anchorPoint":{"pointX":0.5,"pointY":0.5}},"layers":[{"animations":[],"initialState":{"affineTransform":[1,0,0,1,0,0],"masksToBounds":false,"rotation":0,"scale":1,"position":{"pointX":163.9506440162659,"pointY":305.2307739257812},"width":152.9999971389771,"sublayerTransform":[1,0,0,0,0,1,0,0,0,0,1,0,0,0,0,1],"contentsRect":{"y":0,"x":0,"width":1,"height":1},"opacity":1,"edgeAntialiasingMask":15,"height":43.92004311084747,"hidden":false,"anchorPoint":{"pointX":0.5,"pointY":0.5}},"objectID":"C81D0BF3-B361-43D5-9409-7AA77849CEE8","layers":[{"animations":[],"layers":[],"initialState":{"affineTransform":[1,0,0,1,0,0],"masksToBounds":false,"rotation":0,"scale":1,"position":{"pointX":76.54935455322266,"pointY":22.22924762964249},"width":146,"sublayerTransform":[1,0,0,0,0,1,0,0,0,0,1,0,0,0,0,1],"contentsRect":{"y":0,"x":0,"width":1,"height":1},"opacity":1,"edgeAntialiasingMask":0,"height":37,"hidden":true,"anchorPoint":{"pointX":0.5,"pointY":0.5}},"texture":"A523BED10F16478DCC9402DF124270C4"}]}]},{"animations":[],"initialState":{"affineTransform":[1,0,0,1,0,0],"masksToBounds":false,"rotation":0,"scale":1,"position":{"pointX":512,"pointY":384},"width":1024,"sublayerTransform":[1,0,0,0,0,1,0,0,0,0,1,0,0,0,0,1],"contentsRect":{"y":0,"x":0,"width":1,"height":1},"opacity":1,"edgeAntialiasingMask":15,"height":768,"hidden":false,"anchorPoint":{"pointX":0.5,"pointY":0.5}},"layers":[{"animations":[],"initialState":{"affineTransform":[1,0,0,1,0,0],"masksToBounds":false,"rotation":0,"scale":1,"position":{"pointX":182.9477226734161,"pointY":384},"width":188.9999985694885,"sublayerTransform":[1,0,0,0,0,1,0,0,0,0,1,0,0,0,0,1],"contentsRect":{"y":0,"x":0,"width":1,"height":1},"opacity":1,"edgeAntialiasingMask":15,"height":43.92004311084747,"hidden":false,"anchorPoint":{"pointX":0.5,"pointY":0.5}},"objectID":"6619CDC8-4732-46C2-9D08-C0D903CE9807","layers":[{"animations":[],"layers":[],"initialState":{"affineTransform":[1,0,0,1,0,0],"masksToBounds":false,"rotation":0,"scale":1,"position":{"pointX":95.55227661132812,"pointY":21.96002155542374},"width":180,"sublayerTransform":[1,0,0,0,0,1,0,0,0,0,1,0,0,0,0,1],"contentsRect":{"y":0,"x":0,"width":1,"height":1},"opacity":1,"edgeAntialiasingMask":0,"height":38,"hidden":true,"anchorPoint":{"pointX":0.5,"pointY":0.5}},"texture":"8B41B52DE93447D65DCAC8F31618E90D"}]}]},{"animations":[],"initialState":{"affineTransform":[1,0,0,1,0,0],"masksToBounds":false,"rotation":0,"scale":1,"position":{"pointX":512,"pointY":384},"width":1024,"sublayerTransform":[1,0,0,0,0,1,0,0,0,0,1,0,0,0,0,1],"contentsRect":{"y":0,"x":0,"width":1,"height":1},"opacity":1,"edgeAntialiasingMask":15,"height":768,"hidden":false,"anchorPoint":{"pointX":0.5,"pointY":0.5}},"layers":[{"animations":[],"initialState":{"affineTransform":[1,0,0,1,0,0],"masksToBounds":false,"rotation":0,"scale":1,"position":{"pointX":395.0343251228333,"pointY":226.4615325927734},"width":212.7599954605103,"sublayerTransform":[1,0,0,0,0,1,0,0,0,0,1,0,0,0,0,1],"contentsRect":{"y":0,"x":0,"width":1,"height":1},"opacity":1,"edgeAntialiasingMask":15,"height":50.99999904632568,"hidden":false,"anchorPoint":{"pointX":0.5,"pointY":0.5}},"objectID":"8D0EE02E-A341-4543-8820-5439CB150D5F","layers":[{"animations":[],"layers":[],"initialState":{"affineTransform":[1,0,0,1,0,0],"masksToBounds":false,"rotation":0,"scale":1,"position":{"pointX":104.3456726074219,"pointY":25.0384669303894},"width":204,"sublayerTransform":[1,0,0,0,0,1,0,0,0,0,1,0,0,0,0,1],"contentsRect":{"y":0,"x":0,"width":1,"height":1},"opacity":1,"edgeAntialiasingMask":0,"height":38,"hidden":true,"anchorPoint":{"pointX":0.5,"pointY":0.5}},"texture":"9FED38DE43DB926E86914098382FE117"}]}]},{"animations":[],"initialState":{"affineTransform":[1,0,0,1,0,0],"masksToBounds":false,"rotation":0,"scale":1,"position":{"pointX":512,"pointY":384},"width":1024,"sublayerTransform":[1,0,0,0,0,1,0,0,0,0,1,0,0,0,0,1],"contentsRect":{"y":0,"x":0,"width":1,"height":1},"opacity":1,"edgeAntialiasingMask":15,"height":768,"hidden":false,"anchorPoint":{"pointX":0.5,"pointY":0.5}},"layers":[{"animations":[],"initialState":{"affineTransform":[1,0,0,1,0,0],"masksToBounds":false,"rotation":0,"scale":1,"position":{"pointX":395.0343251228333,"pointY":305.2307739257812},"width":212.7599954605103,"sublayerTransform":[1,0,0,0,0,1,0,0,0,0,1,0,0,0,0,1],"contentsRect":{"y":0,"x":0,"width":1,"height":1},"opacity":1,"edgeAntialiasingMask":15,"height":50.99999904632568,"hidden":false,"anchorPoint":{"pointX":0.5,"pointY":0.5}},"objectID":"FE855F1C-CDDC-4135-96C4-4B09AF221E6A","layers":[{"animations":[],"layers":[],"initialState":{"affineTransform":[1,0,0,1,0,0],"masksToBounds":false,"rotation":0,"scale":1,"position":{"pointX":105.8456726074219,"pointY":25.26922559738159},"width":207,"sublayerTransform":[1,0,0,0,0,1,0,0,0,0,1,0,0,0,0,1],"contentsRect":{"y":0,"x":0,"width":1,"height":1},"opacity":1,"edgeAntialiasingMask":0,"height":38,"hidden":true,"anchorPoint":{"pointX":0.5,"pointY":0.5}},"texture":"5647FACCCBA90BDE97123CA17FD0BEC7"}]}]},{"animations":[],"initialState":{"affineTransform":[1,0,0,1,0,0],"masksToBounds":false,"rotation":0,"scale":1,"position":{"pointX":512,"pointY":384},"width":1024,"sublayerTransform":[1,0,0,0,0,1,0,0,0,0,1,0,0,0,0,1],"contentsRect":{"y":0,"x":0,"width":1,"height":1},"opacity":1,"edgeAntialiasingMask":15,"height":768,"hidden":false,"anchorPoint":{"pointX":0.5,"pointY":0.5}},"layers":[{"animations":[],"initialState":{"affineTransform":[1,0,0,1,0,0],"masksToBounds":false,"rotation":0,"scale":1,"position":{"pointX":429.3149070739746,"pointY":475.2327117919922},"width":227.8434982299805,"sublayerTransform":[1,0,0,0,0,1,0,0,0,0,1,0,0,0,0,1],"contentsRect":{"y":0,"x":0,"width":1,"height":1},"opacity":1,"edgeAntialiasingMask":15,"height":208.4380187988281,"hidden":false,"anchorPoint":{"pointX":0.5,"pointY":0.5}},"objectID":"2BD92FEF-9DD1-4D80-BF63-96F437AF51AD","layers":[{"animations":[],"layers":[],"initialState":{"affineTransform":[1,0,0,1,0,0],"masksToBounds":false,"rotation":0,"scale":1,"position":{"pointX":114.1068420410156,"pointY":104.4862976074219},"width":229,"sublayerTransform":[1,0,0,0,0,1,0,0,0,0,1,0,0,0,0,1],"contentsRect":{"y":0,"x":0,"width":1,"height":1},"opacity":1,"edgeAntialiasingMask":0,"height":209,"hidden":true,"anchorPoint":{"pointX":0.5,"pointY":0.5}},"texture":"2A815B56D3C6086C1EFB03855EB7F19D"}]}]}]}},{"effects":[{"beginTime":0,"baseLayer":{"animations":[],"initialState":{"affineTransform":[1,0,0,1,0,0],"masksToBounds":true,"rotation":0,"scale":1,"position":{"pointX":512,"pointY":384},"width":1024,"sublayerTransform":[1,0,0,0,0,1,0,0,0,0,1,0,0,0,0,1],"contentsRect":{"y":0,"x":0,"width":1,"height":1},"opacity":1,"edgeAntialiasingMask":0,"height":768,"hidden":false,"anchorPoint":{"pointX":0.5,"pointY":0.5}},"objectID":"0","layers":[{"animations":[],"initialState":{"affineTransform":[1,0,0,1,0,0],"masksToBounds":false,"rotation":0,"scale":1,"position":{"pointX":512,"pointY":384},"width":1024,"sublayerTransform":[1,0,0,0,0,1,0,0,0,0,1,-0.0004922987690640373,0,0,0,1],"contentsRect":{"y":0,"x":0,"width":1,"height":1},"opacity":1,"edgeAntialiasingMask":15,"height":768,"hidden":false,"anchorPoint":{"pointX":0.5,"pointY":0.5}},"layers":[{"animations":[],"layers":[],"initialState":{"affineTransform":[1,0,0,1,0,0],"masksToBounds":false,"rotation":0,"scale":1,"position":{"pointX":512,"pointY":384},"width":1024,"sublayerTransform":[1,0,0,0,0,1,0,0,0,0,1,0,0,0,0,1],"contentsRect":{"y":0,"x":0,"width":1,"height":1},"opacity":1,"edgeAntialiasingMask":0,"height":768,"hidden":false,"anchorPoint":{"pointX":0.5,"pointY":0.5}},"texture":"99BA57E8F7AE54124F43BAF9F3D63609"},{"animations":[{"from":{"scalar":false},"beginTime":0,"repeatCount":0,"fillMode":"both","property":"hidden","duration":0.01,"to":{"scalar":true}}],"layers":[],"initialState":{"affineTransform":[1,0,0,1,0,0],"masksToBounds":false,"rotation":0,"scale":1,"position":{"pointX":512,"pointY":384},"width":1024,"sublayerTransform":[1,0,0,0,0,1,0,0,0,0,1,0,0,0,0,1],"contentsRect":{"y":0,"x":0,"width":1,"height":1},"opacity":1,"edgeAntialiasingMask":0,"height":768,"hidden":false,"anchorPoint":{"pointX":0.5,"pointY":0.5}},"texture":"A1773BE97C2E79D2EC099DA6972F1354"}]}]},"effects":[],"duration":0.01,"type":"transition","name":"none","objectID":"0"}],"automaticPlay":false,"hyperlinks":[],"accessibility":[{"text":"qqicon-yz.png","targetRectangle":{"y":535.5316772460938,"x":353.6336059570312,"width":39.79961395263672,"height":43.9200439453125}},{"text":"qqicon-yz.png","targetRectangle":{"y":535.5316772460938,"x":390.7671203613281,"width":39.79961395263672,"height":43.9200439453125}},{"text":"qqicon-yz.png","targetRectangle":{"y":371.0137023925781,"x":428.0630798339844,"width":39.79961395263672,"height":43.9200439453125}},{"text":"qqicon-yz.png","targetRectangle":{"y":371.0137023925781,"x":315.3931579589844,"width":39.79961395263672,"height":43.9200439453125}},{"text":"程序鹅 性格特点","targetRectangle":{"y":90,"x":79,"width":363.8916015625,"height":60}},{"text":"乐于助人","targetRectangle":{"y":208.5015110373497,"x":91.24440002441406,"width":144,"height":35.9200439453125}},{"text":"qqicon-yz.png","targetRectangle":{"y":371.0137023925781,"x":465.9345703125,"width":39.79961395263672,"height":43.9200439453125}},{"text":"qqicon-yz.png","targetRectangle":{"y":371.0137023925781,"x":503.0680847167969,"width":39.79961395263672,"height":43.9200439453125}},{"text":"qqicon-yz.png","targetRectangle":{"y":371.0137023925781,"x":353.2646484375,"width":39.79961395263672,"height":43.9200439453125}},{"text":"qqicon-yz.png","targetRectangle":{"y":371.0137023925781,"x":390.3981628417969,"width":39.79961395263672,"height":43.9200439453125}},{"text":"qqicon-yz.png","targetRectangle":{"y":425.85302734375,"x":428.4320678710938,"width":39.79961395263672,"height":43.9200439453125}},{"text":"qqicon-yz.png","targetRectangle":{"y":425.85302734375,"x":315.7621459960938,"width":39.79961395263672,"height":43.9200439453125}},{"text":"qqicon-yz.png","targetRectangle":{"y":425.85302734375,"x":466.3035278320312,"width":39.79961395263672,"height":43.9200439453125}},{"text":"乐于分享","targetRectangle":{"y":287.2707523703575,"x":91.45064544677734,"width":144,"height":35.9200439453125}},{"text":"qqicon-yz.png","targetRectangle":{"y":425.85302734375,"x":353.6336059570312,"width":39.79961395263672,"height":43.9200439453125}},{"text":"qqicon-yz.png","targetRectangle":{"y":425.85302734375,"x":503.4370422363281,"width":39.79961395263672,"height":43.9200439453125}},{"text":"qqicon-yz.png","targetRectangle":{"y":425.85302734375,"x":390.7671203613281,"width":39.79961395263672,"height":43.9200439453125}},{"text":"qqicon-yz.png","targetRectangle":{"y":480.6923522949219,"x":428.4320678710938,"width":39.79961395263672,"height":43.9200439453125}},{"text":"团结，合作","targetRectangle":{"y":366.0399784445763,"x":92.44772338867188,"width":180,"height":35.9200439453125}},{"text":"qqicon-yz.png","targetRectangle":{"y":480.6923522949219,"x":466.3035278320312,"width":39.79961395263672,"height":43.9200439453125}},{"text":"qqicon-yz.png","targetRectangle":{"y":480.6923522949219,"x":503.4370422363281,"width":39.79961395263672,"height":43.9200439453125}},{"text":"—>代码评审","targetRectangle":{"y":204.9615330696106,"x":292.6543273925781,"width":203.76,"height":43}},{"text":"qqicon-yz.png","targetRectangle":{"y":535.5316772460938,"x":428.4320678710938,"width":39.79961395263672,"height":43.9200439453125}},{"text":"qqicon-yz.png","targetRectangle":{"y":535.5316772460938,"x":466.3035278320312,"width":39.79961395263672,"height":43.9200439453125}},{"text":"qqicon-yz.png","targetRectangle":{"y":535.5316772460938,"x":503.4370422363281,"width":39.79961395263672,"height":43.9200439453125}},{"text":"qqicon-yz.png","targetRectangle":{"y":480.6923522949219,"x":315.7621459960938,"width":39.79961395263672,"height":43.9200439453125}},{"text":"qqicon-yz.png","targetRectangle":{"y":480.6923522949219,"x":353.6336059570312,"width":39.79961395263672,"height":43.9200439453125}},{"text":"—>公共组件","targetRectangle":{"y":283.7307744026184,"x":292.6543273925781,"width":203.76,"height":43}},{"text":"qqicon-yz.png","targetRectangle":{"y":480.6923522949219,"x":390.7671203613281,"width":39.79961395263672,"height":43.9200439453125}},{"text":"qqicon-yz.png","targetRectangle":{"y":535.5316772460938,"x":315.7621459960938,"width":39.79961395263672,"height":43.9200439453125}}],"baseLayer":{"animations":[],"initialState":{"affineTransform":[1,0,0,1,0,0],"masksToBounds":true,"rotation":0,"scale":1,"position":{"pointX":512,"pointY":384},"width":1024,"sublayerTransform":[1,0,0,0,0,1,0,0,0,0,1,0,0,0,0,1],"contentsRect":{"y":0,"x":0,"width":1,"height":1},"opacity":1,"edgeAntialiasingMask":0,"height":768,"hidden":false,"anchorPoint":{"pointX":0.5,"pointY":0.5}},"objectID":"0","layers":[{"animations":[],"initialState":{"affineTransform":[1,0,0,1,0,0],"masksToBounds":false,"rotation":0,"scale":1,"position":{"pointX":512,"pointY":384},"width":1024,"sublayerTransform":[1,0,0,0,0,1,0,0,0,0,1,-0.0004922987690640373,0,0,0,1],"contentsRect":{"y":0,"x":0,"width":1,"height":1},"opacity":1,"edgeAntialiasingMask":15,"height":768,"hidden":false,"anchorPoint":{"pointX":0.5,"pointY":0.5}},"layers":[{"animations":[],"layers":[],"initialState":{"affineTransform":[1,0,0,1,0,0],"masksToBounds":false,"rotation":0,"scale":1,"position":{"pointX":512,"pointY":384},"width":1024,"sublayerTransform":[1,0,0,0,0,1,0,0,0,0,1,0,0,0,0,1],"contentsRect":{"y":0,"x":0,"width":1,"height":1},"opacity":1,"edgeAntialiasingMask":0,"height":768,"hidden":false,"anchorPoint":{"pointX":0.5,"pointY":0.5}},"texture":"A1773BE97C2E79D2EC099DA6972F1354"}]}]}}]}