{"assets":{"14585BCEDFAAA95F61C962EE891427F7":{"type":"texture","index":137,"assetRequest":{"byGlyphStyle":0,"deliveryStyle":105,"chunkIndex":0,"type":"chunk","chunkCount":6,"stageIndex":2,"stageCount":3},"url":"assets/14585BCEDFAAA95F61C962EE891427F7.svg","width":827,"height":417},"1DD7E9048AAA1782099918E748F679C4":{"type":"texture","index":135,"assetRequest":{"type":"slide","state":"contents","slide":"9324A137-045F-49BD-A387-6F33B5411CC6"},"url":"assets/1DD7E9048AAA1782099918E748F679C4.svg","width":873,"height":449},"498E23C82CA78A4BCD7BA88E5243B6FC":{"type":"texture","index":132,"assetRequest":{"type":"slide","state":"contents","slide":"9324A137-045F-49BD-A387-6F33B5411CC6"},"url":"assets/498E23C82CA78A4BCD7BA88E5243B6FC.svg","width":1024,"height":768},"6F7F6DE39BAE08461C8B9FDF2E629B93":{"type":"texture","index":133,"assetRequest":{"type":"slide","state":"contents","slide":"9324A137-045F-49BD-A387-6F33B5411CC6"},"url":"assets/6F7F6DE39BAE08461C8B9FDF2E629B93.png","width":575,"height":50},"40F64AEEEF1001880D84473E2DB5D694":{"type":"texture","index":141,"assetRequest":{"stageIndex":3,"stageCount":5,"chunkIndex":1,"type":"final","chunkCount":6},"url":"assets/40F64AEEEF1001880D84473E2DB5D694.svg","width":827,"height":417},"229943BFD900D854FC048787A2631647":{"type":"texture","index":139,"assetRequest":{"stageIndex":2,"stageCount":4,"chunkIndex":1,"type":"final","chunkCount":6},"url":"assets/229943BFD900D854FC048787A2631647.svg","width":827,"height":417},"985092168BDDE16C981BFADB49D11FDB":{"type":"texture","index":144,"assetRequest":{"type":"slide","state":"outgoing","slide":"9324A137-045F-49BD-A387-6F33B5411CC6"},"url":"assets/985092168BDDE16C981BFADB49D11FDB.png","width":1024,"height":768},"5BC6C07AD6F9045B715E90E65002C240":{"type":"texture","index":143,"assetRequest":{"stageIndex":4,"stageCount":6,"chunkIndex":1,"type":"final","chunkCount":6},"url":"assets/5BC6C07AD6F9045B715E90E65002C240.svg","width":827,"height":417},"D37F0FFD597D8C965916B0A260163BBB":{"type":"texture","index":138,"assetRequest":{"byGlyphStyle":0,"deliveryStyle":105,"chunkIndex":0,"type":"chunk","chunkCount":6,"stageIndex":3,"stageCount":4},"url":"assets/D37F0FFD597D8C965916B0A260163BBB.svg","width":827,"height":408},"02653660289E9D96D8D65A001DFEA3B5":{"type":"texture","index":140,"assetRequest":{"byGlyphStyle":0,"deliveryStyle":105,"chunkIndex":0,"type":"chunk","chunkCount":6,"stageIndex":4,"stageCount":5},"url":"assets/02653660289E9D96D8D65A001DFEA3B5.svg","width":827,"height":408},"C7CEA82C126603D5777042029FE8BB06":{"type":"texture","index":142,"assetRequest":{"byGlyphStyle":0,"deliveryStyle":105,"chunkIndex":0,"type":"chunk","chunkCount":6,"stageIndex":5,"stageCount":6},"url":"assets/C7CEA82C126603D5777042029FE8BB06.svg","width":827,"height":408},"A5B95F53E1E25810CF42A6BB11D37284":{"type":"texture","index":136,"assetRequest":{"byGlyphStyle":0,"deliveryStyle":105,"chunkIndex":0,"type":"chunk","chunkCount":6,"stageIndex":1,"stageCount":2},"url":"assets/A5B95F53E1E25810CF42A6BB11D37284.svg","width":827,"height":408},"ABBFAE0B89CC5B3BA374AD285D0F3F34":{"type":"texture","index":145,"assetRequest":{"type":"slide","state":"incoming","slide":"8F822734-A89A-444B-8983-86D260690974"},"url":"assets/ABBFAE0B89CC5B3BA374AD285D0F3F34.png","width":1024,"height":768},"3692165FC1F2B573495B54E6F5C7C87B":{"type":"texture","index":134,"assetRequest":{"type":"slide","state":"contents","slide":"9324A137-045F-49BD-A387-6F33B5411CC6"},"url":"assets/3692165FC1F2B573495B54E6F5C7C87B.svg","width":695,"height":59}},"events":[{"effects":[{"beginTime":0,"baseLayer":{"animations":[],"initialState":{"affineTransform":[1,0,0,1,0,0],"masksToBounds":false,"rotation":0,"scale":1,"position":{"pointX":512.0000152587891,"pointY":685.0334091186523},"width":687.8961791992188,"sublayerTransform":[1,0,0,0,0,1,0,0,0,0,1,0,0,0,0,1],"contentsRect":{"y":0,"x":0,"width":1,"height":1},"opacity":1,"edgeAntialiasingMask":15,"height":56.72538757324219,"hidden":false,"anchorPoint":{"pointX":0.5,"pointY":0.5}},"objectID":"C53FAA34-AA6D-4694-BF03-1C6D77590EA3","layers":[{"animations":[],"initialState":{"affineTransform":[1,0,0,1,0,0],"masksToBounds":false,"rotation":0,"scale":1,"position":{"pointX":343.9480743408203,"pointY":-272.6707153320312},"width":687.8961791992188,"sublayerTransform":[1,0,0,0,0,1,0,0,0,0,1,-0.0004922987690640373,0,0,0,1],"contentsRect":{"y":0,"x":0,"width":1,"height":1},"opacity":1,"edgeAntialiasingMask":15,"height":56.72538757324219,"hidden":false,"anchorPoint":{"pointX":0.4999999778181802,"pointY":-4.806855043166813}},"layers":[{"animations":[{"from":{"scalar":true},"beginTime":1e-100,"repeatCount":0,"fillMode":"both","property":"hidden","duration":0.01,"to":{"scalar":false}}],"layers":[],"initialState":{"affineTransform":[1,0,0,1,0,0],"masksToBounds":false,"rotation":0,"scale":1,"position":{"pointX":346.4480743408203,"pointY":28.82928466796875},"width":695,"sublayerTransform":[1,0,0,0,0,1,0,0,0,0,1,0,0,0,0,1],"contentsRect":{"y":0,"x":0,"width":1,"height":1},"opacity":1,"edgeAntialiasingMask":0,"height":59,"hidden":true,"anchorPoint":{"pointX":0.5,"pointY":0.5}},"texture":"3692165FC1F2B573495B54E6F5C7C87B"}]}]},"effects":[{"beginTime":0,"baseLayer":{"animations":[],"initialState":{"affineTransform":[1,0,0,1,0,0],"masksToBounds":false,"rotation":0,"scale":1,"position":{"pointX":516.4875457763671,"pointY":406.4100036621094},"width":870.7630590820312,"sublayerTransform":[1,0,0,0,0,1,0,0,0,0,1,0,0,0,0,1],"contentsRect":{"y":0,"x":0,"width":1,"height":1},"opacity":1,"edgeAntialiasingMask":15,"height":446.3799438476562,"hidden":false,"anchorPoint":{"pointX":0.5,"pointY":0.5}},"objectID":"018FE04C-15ED-4810-BD8D-0AE62615EA1F","layers":[{"animations":[],"initialState":{"affineTransform":[1,0,0,1,0,0],"masksToBounds":false,"rotation":0,"scale":1,"position":{"pointX":430.8939837646485,"pointY":200.7799682617188},"width":870.7630590820312,"sublayerTransform":[1,0,0,0,0,1,0,0,0,0,1,-0.0004922987690640373,0,0,0,1],"contentsRect":{"y":0,"x":0,"width":1,"height":1},"opacity":1,"edgeAntialiasingMask":15,"height":446.3799438476562,"hidden":false,"anchorPoint":{"pointX":0.4948464215040335,"pointY":0.4497961233003837}},"layers":[{"animations":[{"repeatCount":0,"animations":[{"from":{"scalar":0},"beginTime":0,"repeatCount":0,"fillMode":"both","property":"opacity","duration":0.5,"timingFunction":"easeInEaseOut","to":{"scalar":1}},{"from":{"scalar":false},"beginTime":0,"repeatCount":0,"fillMode":"forwards","property":"hidden","duration":0.5,"to":{"scalar":false}}],"beginTime":1e-100,"fillMode":"both","duration":0.5}],"layers":[],"initialState":{"affineTransform":[1,0,0,1,0,0],"masksToBounds":false,"rotation":0,"scale":1,"position":{"pointX":435.3939837646485,"pointY":223.2799682617188},"width":873,"sublayerTransform":[1,0,0,0,0,1,0,0,0,0,1,0,0,0,0,1],"contentsRect":{"y":0,"x":0,"width":1,"height":1},"opacity":1,"edgeAntialiasingMask":0,"height":449,"hidden":true,"anchorPoint":{"pointX":0.5,"pointY":0.5}},"texture":"1DD7E9048AAA1782099918E748F679C4"}]}]},"effects":[{"beginTime":0,"baseLayer":{"animations":[],"initialState":{"affineTransform":[1,0,0,1,0,0],"masksToBounds":false,"rotation":0,"scale":1,"position":{"pointX":516.4875457763671,"pointY":406.4100036621094},"width":870.7630590820312,"sublayerTransform":[1,0,0,0,0,1,0,0,0,0,1,0,0,0,0,1],"contentsRect":{"y":0,"x":0,"width":1,"height":1},"opacity":1,"edgeAntialiasingMask":15,"height":446.3799438476562,"hidden":false,"anchorPoint":{"pointX":0.5,"pointY":0.5}},"objectID":"018FE04C-15ED-4810-BD8D-0AE62615EA1F","layers":[{"animations":[],"layers":[],"initialState":{"affineTransform":[1,0,0,1,0,0],"masksToBounds":false,"rotation":0,"scale":1,"position":{"pointX":435.3939837646485,"pointY":223.2799682617188},"width":873,"sublayerTransform":[1,0,0,0,0,1,0,0,0,0,1,0,0,0,0,1],"contentsRect":{"y":0,"x":0,"width":1,"height":1},"opacity":1,"edgeAntialiasingMask":0,"height":449,"hidden":false,"anchorPoint":{"pointX":0.5,"pointY":0.5}},"texture":"1DD7E9048AAA1782099918E748F679C4"},{"animations":[],"initialState":{"affineTransform":[1,0,0,1,0,0],"masksToBounds":false,"rotation":0,"scale":1,"position":{"pointX":430.8939837646485,"pointY":200.7799682617188},"width":870.7630590820312,"sublayerTransform":[1,0,0,0,0,1,0,0,0,0,1,-0.0004922987690640373,0,0,0,1],"contentsRect":{"y":0,"x":0,"width":1,"height":1},"opacity":1,"edgeAntialiasingMask":15,"height":446.3799438476562,"hidden":false,"anchorPoint":{"pointX":0.4948464215040335,"pointY":0.4497961233003837}},"layers":[{"animations":[{"repeatCount":0,"animations":[{"from":{"scalar":0},"beginTime":0,"repeatCount":0,"fillMode":"both","property":"opacity","duration":0.5,"timingFunction":"easeInEaseOut","to":{"scalar":1}},{"from":{"scalar":false},"beginTime":0,"repeatCount":0,"fillMode":"forwards","property":"hidden","duration":0.5,"to":{"scalar":false}}],"beginTime":1e-100,"fillMode":"both","duration":0.5}],"layers":[],"initialState":{"affineTransform":[1,0,0,1,0,0],"masksToBounds":false,"rotation":0,"scale":1,"position":{"pointX":450.3939837646485,"pointY":220.7799682617188},"width":827,"sublayerTransform":[1,0,0,0,0,1,0,0,0,0,1,0,0,0,0,1],"contentsRect":{"y":0,"x":0,"width":1,"height":1},"opacity":1,"edgeAntialiasingMask":0,"height":408,"hidden":true,"anchorPoint":{"pointX":0.5,"pointY":0.5}},"texture":"A5B95F53E1E25810CF42A6BB11D37284"}]}]},"effects":[{"beginTime":0,"baseLayer":{"animations":[],"initialState":{"affineTransform":[1,0,0,1,0,0],"masksToBounds":false,"rotation":0,"scale":1,"position":{"pointX":516.4875457763671,"pointY":406.4100036621094},"width":870.7630590820312,"sublayerTransform":[1,0,0,0,0,1,0,0,0,0,1,0,0,0,0,1],"contentsRect":{"y":0,"x":0,"width":1,"height":1},"opacity":1,"edgeAntialiasingMask":15,"height":446.3799438476562,"hidden":false,"anchorPoint":{"pointX":0.5,"pointY":0.5}},"objectID":"018FE04C-15ED-4810-BD8D-0AE62615EA1F","layers":[{"animations":[],"layers":[],"initialState":{"affineTransform":[1,0,0,1,0,0],"masksToBounds":false,"rotation":0,"scale":1,"position":{"pointX":435.3939837646485,"pointY":223.2799682617188},"width":873,"sublayerTransform":[1,0,0,0,0,1,0,0,0,0,1,0,0,0,0,1],"contentsRect":{"y":0,"x":0,"width":1,"height":1},"opacity":1,"edgeAntialiasingMask":0,"height":449,"hidden":false,"anchorPoint":{"pointX":0.5,"pointY":0.5}},"texture":"1DD7E9048AAA1782099918E748F679C4"},{"animations":[],"initialState":{"affineTransform":[1,0,0,1,0,0],"masksToBounds":false,"rotation":0,"scale":1,"position":{"pointX":430.8939837646485,"pointY":200.7799682617188},"width":870.7630590820312,"sublayerTransform":[1,0,0,0,0,1,0,0,0,0,1,-0.0004922987690640373,0,0,0,1],"contentsRect":{"y":0,"x":0,"width":1,"height":1},"opacity":1,"edgeAntialiasingMask":15,"height":446.3799438476562,"hidden":false,"anchorPoint":{"pointX":0.4948464215040335,"pointY":0.4497961233003837}},"layers":[{"animations":[{"repeatCount":0,"animations":[{"from":{"scalar":0},"beginTime":0,"repeatCount":0,"fillMode":"both","property":"opacity","duration":0.5,"timingFunction":"easeInEaseOut","to":{"scalar":1}},{"from":{"scalar":false},"beginTime":0,"repeatCount":0,"fillMode":"forwards","property":"hidden","duration":0.5,"to":{"scalar":false}}],"beginTime":1e-100,"fillMode":"both","duration":0.5}],"layers":[],"initialState":{"affineTransform":[1,0,0,1,0,0],"masksToBounds":false,"rotation":0,"scale":1,"position":{"pointX":450.3939837646485,"pointY":216.2799682617188},"width":827,"sublayerTransform":[1,0,0,0,0,1,0,0,0,0,1,0,0,0,0,1],"contentsRect":{"y":0,"x":0,"width":1,"height":1},"opacity":1,"edgeAntialiasingMask":0,"height":417,"hidden":true,"anchorPoint":{"pointX":0.5,"pointY":0.5}},"texture":"14585BCEDFAAA95F61C962EE891427F7"}]},{"animations":[],"layers":[],"initialState":{"affineTransform":[1,0,0,1,0,0],"masksToBounds":false,"rotation":0,"scale":1,"position":{"pointX":450.3939837646485,"pointY":220.7799682617188},"width":827,"sublayerTransform":[1,0,0,0,0,1,0,0,0,0,1,0,0,0,0,1],"contentsRect":{"y":0,"x":0,"width":1,"height":1},"opacity":1,"edgeAntialiasingMask":0,"height":408,"hidden":false,"anchorPoint":{"pointX":0.5,"pointY":0.5}},"texture":"A5B95F53E1E25810CF42A6BB11D37284"}]},"effects":[{"beginTime":0,"baseLayer":{"animations":[],"initialState":{"affineTransform":[1,0,0,1,0,0],"masksToBounds":false,"rotation":0,"scale":1,"position":{"pointX":516.4875457763671,"pointY":406.4100036621094},"width":870.7630590820312,"sublayerTransform":[1,0,0,0,0,1,0,0,0,0,1,0,0,0,0,1],"contentsRect":{"y":0,"x":0,"width":1,"height":1},"opacity":1,"edgeAntialiasingMask":15,"height":446.3799438476562,"hidden":false,"anchorPoint":{"pointX":0.5,"pointY":0.5}},"objectID":"018FE04C-15ED-4810-BD8D-0AE62615EA1F","layers":[{"animations":[],"layers":[],"initialState":{"affineTransform":[1,0,0,1,0,0],"masksToBounds":false,"rotation":0,"scale":1,"position":{"pointX":435.3939837646485,"pointY":223.2799682617188},"width":873,"sublayerTransform":[1,0,0,0,0,1,0,0,0,0,1,0,0,0,0,1],"contentsRect":{"y":0,"x":0,"width":1,"height":1},"opacity":1,"edgeAntialiasingMask":0,"height":449,"hidden":false,"anchorPoint":{"pointX":0.5,"pointY":0.5}},"texture":"1DD7E9048AAA1782099918E748F679C4"},{"animations":[],"initialState":{"affineTransform":[1,0,0,1,0,0],"masksToBounds":false,"rotation":0,"scale":1,"position":{"pointX":430.8939837646485,"pointY":200.7799682617188},"width":870.7630590820312,"sublayerTransform":[1,0,0,0,0,1,0,0,0,0,1,-0.0004922987690640373,0,0,0,1],"contentsRect":{"y":0,"x":0,"width":1,"height":1},"opacity":1,"edgeAntialiasingMask":15,"height":446.3799438476562,"hidden":false,"anchorPoint":{"pointX":0.4948464215040335,"pointY":0.4497961233003837}},"layers":[{"animations":[{"repeatCount":0,"animations":[{"from":{"scalar":0},"beginTime":0,"repeatCount":0,"fillMode":"both","property":"opacity","duration":0.5,"timingFunction":"easeInEaseOut","to":{"scalar":1}},{"from":{"scalar":false},"beginTime":0,"repeatCount":0,"fillMode":"forwards","property":"hidden","duration":0.5,"to":{"scalar":false}}],"beginTime":1e-100,"fillMode":"both","duration":0.5}],"layers":[],"initialState":{"affineTransform":[1,0,0,1,0,0],"masksToBounds":false,"rotation":0,"scale":1,"position":{"pointX":450.3939837646485,"pointY":220.7799682617188},"width":827,"sublayerTransform":[1,0,0,0,0,1,0,0,0,0,1,0,0,0,0,1],"contentsRect":{"y":0,"x":0,"width":1,"height":1},"opacity":1,"edgeAntialiasingMask":0,"height":408,"hidden":true,"anchorPoint":{"pointX":0.5,"pointY":0.5}},"texture":"D37F0FFD597D8C965916B0A260163BBB"}]},{"animations":[],"layers":[],"initialState":{"affineTransform":[1,0,0,1,0,0],"masksToBounds":false,"rotation":0,"scale":1,"position":{"pointX":450.3939837646485,"pointY":216.2799682617188},"width":827,"sublayerTransform":[1,0,0,0,0,1,0,0,0,0,1,0,0,0,0,1],"contentsRect":{"y":0,"x":0,"width":1,"height":1},"opacity":1,"edgeAntialiasingMask":0,"height":417,"hidden":false,"anchorPoint":{"pointX":0.5,"pointY":0.5}},"texture":"229943BFD900D854FC048787A2631647"}]},"effects":[{"beginTime":0,"baseLayer":{"animations":[],"initialState":{"affineTransform":[1,0,0,1,0,0],"masksToBounds":false,"rotation":0,"scale":1,"position":{"pointX":516.4875457763671,"pointY":406.4100036621094},"width":870.7630590820312,"sublayerTransform":[1,0,0,0,0,1,0,0,0,0,1,0,0,0,0,1],"contentsRect":{"y":0,"x":0,"width":1,"height":1},"opacity":1,"edgeAntialiasingMask":15,"height":446.3799438476562,"hidden":false,"anchorPoint":{"pointX":0.5,"pointY":0.5}},"objectID":"018FE04C-15ED-4810-BD8D-0AE62615EA1F","layers":[{"animations":[],"layers":[],"initialState":{"affineTransform":[1,0,0,1,0,0],"masksToBounds":false,"rotation":0,"scale":1,"position":{"pointX":435.3939837646485,"pointY":223.2799682617188},"width":873,"sublayerTransform":[1,0,0,0,0,1,0,0,0,0,1,0,0,0,0,1],"contentsRect":{"y":0,"x":0,"width":1,"height":1},"opacity":1,"edgeAntialiasingMask":0,"height":449,"hidden":false,"anchorPoint":{"pointX":0.5,"pointY":0.5}},"texture":"1DD7E9048AAA1782099918E748F679C4"},{"animations":[],"initialState":{"affineTransform":[1,0,0,1,0,0],"masksToBounds":false,"rotation":0,"scale":1,"position":{"pointX":430.8939837646485,"pointY":200.7799682617188},"width":870.7630590820312,"sublayerTransform":[1,0,0,0,0,1,0,0,0,0,1,-0.0004922987690640373,0,0,0,1],"contentsRect":{"y":0,"x":0,"width":1,"height":1},"opacity":1,"edgeAntialiasingMask":15,"height":446.3799438476562,"hidden":false,"anchorPoint":{"pointX":0.4948464215040335,"pointY":0.4497961233003837}},"layers":[{"animations":[{"repeatCount":0,"animations":[{"from":{"scalar":0},"beginTime":0,"repeatCount":0,"fillMode":"both","property":"opacity","duration":0.5,"timingFunction":"easeInEaseOut","to":{"scalar":1}},{"from":{"scalar":false},"beginTime":0,"repeatCount":0,"fillMode":"forwards","property":"hidden","duration":0.5,"to":{"scalar":false}}],"beginTime":1e-100,"fillMode":"both","duration":0.5}],"layers":[],"initialState":{"affineTransform":[1,0,0,1,0,0],"masksToBounds":false,"rotation":0,"scale":1,"position":{"pointX":450.3939837646485,"pointY":220.7799682617188},"width":827,"sublayerTransform":[1,0,0,0,0,1,0,0,0,0,1,0,0,0,0,1],"contentsRect":{"y":0,"x":0,"width":1,"height":1},"opacity":1,"edgeAntialiasingMask":0,"height":408,"hidden":true,"anchorPoint":{"pointX":0.5,"pointY":0.5}},"texture":"02653660289E9D96D8D65A001DFEA3B5"}]},{"animations":[],"layers":[],"initialState":{"affineTransform":[1,0,0,1,0,0],"masksToBounds":false,"rotation":0,"scale":1,"position":{"pointX":450.3939837646485,"pointY":216.2799682617188},"width":827,"sublayerTransform":[1,0,0,0,0,1,0,0,0,0,1,0,0,0,0,1],"contentsRect":{"y":0,"x":0,"width":1,"height":1},"opacity":1,"edgeAntialiasingMask":0,"height":417,"hidden":false,"anchorPoint":{"pointX":0.5,"pointY":0.5}},"texture":"40F64AEEEF1001880D84473E2DB5D694"}]},"effects":[{"beginTime":0,"baseLayer":{"animations":[],"initialState":{"affineTransform":[1,0,0,1,0,0],"masksToBounds":false,"rotation":0,"scale":1,"position":{"pointX":516.4875457763671,"pointY":406.4100036621094},"width":870.7630590820312,"sublayerTransform":[1,0,0,0,0,1,0,0,0,0,1,0,0,0,0,1],"contentsRect":{"y":0,"x":0,"width":1,"height":1},"opacity":1,"edgeAntialiasingMask":15,"height":446.3799438476562,"hidden":false,"anchorPoint":{"pointX":0.5,"pointY":0.5}},"objectID":"018FE04C-15ED-4810-BD8D-0AE62615EA1F","layers":[{"animations":[],"layers":[],"initialState":{"affineTransform":[1,0,0,1,0,0],"masksToBounds":false,"rotation":0,"scale":1,"position":{"pointX":435.3939837646485,"pointY":223.2799682617188},"width":873,"sublayerTransform":[1,0,0,0,0,1,0,0,0,0,1,0,0,0,0,1],"contentsRect":{"y":0,"x":0,"width":1,"height":1},"opacity":1,"edgeAntialiasingMask":0,"height":449,"hidden":false,"anchorPoint":{"pointX":0.5,"pointY":0.5}},"texture":"1DD7E9048AAA1782099918E748F679C4"},{"animations":[],"initialState":{"affineTransform":[1,0,0,1,0,0],"masksToBounds":false,"rotation":0,"scale":1,"position":{"pointX":430.8939837646485,"pointY":200.7799682617188},"width":870.7630590820312,"sublayerTransform":[1,0,0,0,0,1,0,0,0,0,1,-0.0004922987690640373,0,0,0,1],"contentsRect":{"y":0,"x":0,"width":1,"height":1},"opacity":1,"edgeAntialiasingMask":15,"height":446.3799438476562,"hidden":false,"anchorPoint":{"pointX":0.4948464215040335,"pointY":0.4497961233003837}},"layers":[{"animations":[{"repeatCount":0,"animations":[{"from":{"scalar":0},"beginTime":0,"repeatCount":0,"fillMode":"both","property":"opacity","duration":0.5,"timingFunction":"easeInEaseOut","to":{"scalar":1}},{"from":{"scalar":false},"beginTime":0,"repeatCount":0,"fillMode":"forwards","property":"hidden","duration":0.5,"to":{"scalar":false}}],"beginTime":1e-100,"fillMode":"both","duration":0.5}],"layers":[],"initialState":{"affineTransform":[1,0,0,1,0,0],"masksToBounds":false,"rotation":0,"scale":1,"position":{"pointX":450.3939837646485,"pointY":220.7799682617188},"width":827,"sublayerTransform":[1,0,0,0,0,1,0,0,0,0,1,0,0,0,0,1],"contentsRect":{"y":0,"x":0,"width":1,"height":1},"opacity":1,"edgeAntialiasingMask":0,"height":408,"hidden":true,"anchorPoint":{"pointX":0.5,"pointY":0.5}},"texture":"C7CEA82C126603D5777042029FE8BB06"}]},{"animations":[],"layers":[],"initialState":{"affineTransform":[1,0,0,1,0,0],"masksToBounds":false,"rotation":0,"scale":1,"position":{"pointX":450.3939837646485,"pointY":216.2799682617188},"width":827,"sublayerTransform":[1,0,0,0,0,1,0,0,0,0,1,0,0,0,0,1],"contentsRect":{"y":0,"x":0,"width":1,"height":1},"opacity":1,"edgeAntialiasingMask":0,"height":417,"hidden":false,"anchorPoint":{"pointX":0.5,"pointY":0.5}},"texture":"5BC6C07AD6F9045B715E90E65002C240"}]},"effects":[],"duration":0.5,"type":"buildIn","attributes":{"direction":11},"name":"apple:wipe","objectID":"018FE04C-15ED-4810-BD8D-0AE62615EA1F"}],"duration":0.5,"type":"buildIn","attributes":{"direction":11},"name":"apple:wipe","objectID":"018FE04C-15ED-4810-BD8D-0AE62615EA1F"}],"duration":0.5,"type":"buildIn","attributes":{"direction":11},"name":"apple:wipe","objectID":"018FE04C-15ED-4810-BD8D-0AE62615EA1F"}],"duration":0.5,"type":"buildIn","attributes":{"direction":11},"name":"apple:wipe","objectID":"018FE04C-15ED-4810-BD8D-0AE62615EA1F"}],"duration":0.5,"type":"buildIn","attributes":{"direction":11},"name":"apple:wipe","objectID":"018FE04C-15ED-4810-BD8D-0AE62615EA1F"}],"duration":0.5,"type":"buildIn","attributes":{"direction":11},"name":"apple:wipe","objectID":"018FE04C-15ED-4810-BD8D-0AE62615EA1F"}],"duration":0.01,"type":"buildIn","name":"apple:appear","objectID":"C53FAA34-AA6D-4694-BF03-1C6D77590EA3"}],"automaticPlay":true,"hyperlinks":[],"accessibility":[{"text":"TEG","targetRectangle":{"y":695.8837970793247,"x":173.3400665521622,"width":21.39500000000001,"height":13}},{"text":"qqicon-yz.png","targetRectangle":{"y":656.6707156602916,"x":256.6310348510742,"width":31.97788667277064,"height":35.28853619098663}},{"text":"qqicon-yz.png","targetRectangle":{"y":657.1830444335938,"x":707.8382415771484,"width":31.97128295898438,"height":35.28125}},{"text":"IEG","targetRectangle":{"y":695.3961032931385,"x":262.6078467965126,"width":20.00400000000002,"height":14}},{"text":"qqicon-yz.png","targetRectangle":{"y":657.1830446124077,"x":530.6734161376953,"width":31.97128295898438,"height":35.28125}},{"text":"TEG","targetRectangle":{"y":695.8838199079037,"x":713.1263824701309,"width":21.39499999999998,"height":13}},{"text":"qqicon-yz.png","targetRectangle":{"y":656.6707155075371,"x":619.2525482177734,"width":31.97788667277064,"height":35.28853619098663}},{"text":"qqicon-yz.png","targetRectangle":{"y":656.6707153320312,"x":796.4173431396484,"width":31.97788667277064,"height":35.28853619098663}},{"text":"qqicon-yz.png","targetRectangle":{"y":657.1830444931984,"x":353.5085906982422,"width":31.97128295898438,"height":35.28125}},{"text":"IEG","targetRectangle":{"y":695.3961029648781,"x":802.3941550850868,"width":20.00400000000002,"height":14}},{"text":"IEG","targetRectangle":{"y":695.396103140384,"x":625.2293601632118,"width":20.00400000000002,"height":14}},{"text":"TEG","targetRectangle":{"y":695.8838199675083,"x":358.7967315912247,"width":21.39499999999998,"height":13}},{"text":"qqicon-yz.png","targetRectangle":{"y":656.6707153821758,"x":442.0876922607422,"width":31.97788667277064,"height":35.28853619098663}},{"text":"程序鹅 优势特点 每日高峰","targetRectangle":{"y":90,"x":79,"width":577.783203125,"height":60}},{"text":"IEG","targetRectangle":{"y":695.3961030150226,"x":448.0645042061806,"width":20.00400000000002,"height":14}},{"text":"qqicon-yz.png","targetRectangle":{"y":657.1830216050148,"x":168.0519256591797,"width":31.97128295898438,"height":35.28125}},{"text":"TEG","targetRectangle":{"y":695.8838200867176,"x":535.9615570306778,"width":21.39499999999998,"height":13}}],"baseLayer":{"animations":[],"initialState":{"affineTransform":[1,0,0,1,0,0],"masksToBounds":true,"rotation":0,"scale":1,"position":{"pointX":512,"pointY":384},"width":1024,"sublayerTransform":[1,0,0,0,0,1,0,0,0,0,1,0,0,0,0,1],"contentsRect":{"y":0,"x":0,"width":1,"height":1},"opacity":1,"edgeAntialiasingMask":0,"height":768,"hidden":false,"anchorPoint":{"pointX":0.5,"pointY":0.5}},"layers":[{"animations":[],"initialState":{"affineTransform":[1,0,0,1,0,0],"masksToBounds":false,"rotation":0,"scale":1,"position":{"pointX":512,"pointY":384},"width":1024,"sublayerTransform":[1,0,0,0,0,1,0,0,0,0,1,0,0,0,0,1],"contentsRect":{"y":0,"x":0,"width":1,"height":1},"opacity":1,"edgeAntialiasingMask":15,"height":768,"hidden":false,"anchorPoint":{"pointX":0.5,"pointY":0.5}},"layers":[{"animations":[],"initialState":{"affineTransform":[1,0,0,1,0,0],"masksToBounds":false,"rotation":0,"scale":1,"position":{"pointX":512,"pointY":384},"width":1024,"sublayerTransform":[1,0,0,0,0,1,0,0,0,0,1,0,0,0,0,1],"contentsRect":{"y":0,"x":0,"width":1,"height":1},"opacity":1,"edgeAntialiasingMask":15,"height":768,"hidden":false,"anchorPoint":{"pointX":0.5,"pointY":0.5}},"layers":[{"animations":[],"layers":[],"initialState":{"affineTransform":[1,0,0,1,0,0],"masksToBounds":false,"rotation":0,"scale":1,"position":{"pointX":512,"pointY":384},"width":1024,"sublayerTransform":[1,0,0,0,0,1,0,0,0,0,1,0,0,0,0,1],"contentsRect":{"y":0,"x":0,"width":1,"height":1},"opacity":1,"edgeAntialiasingMask":0,"height":768,"hidden":false,"anchorPoint":{"pointX":0.5,"pointY":0.5}},"texture":"498E23C82CA78A4BCD7BA88E5243B6FC"}]}]},{"animations":[],"initialState":{"affineTransform":[1,0,0,1,0,0],"masksToBounds":false,"rotation":0,"scale":1,"position":{"pointX":512,"pointY":384},"width":1024,"sublayerTransform":[1,0,0,0,0,1,0,0,0,0,1,0,0,0,0,1],"contentsRect":{"y":0,"x":0,"width":1,"height":1},"opacity":1,"edgeAntialiasingMask":15,"height":768,"hidden":false,"anchorPoint":{"pointX":0.5,"pointY":0.5}},"layers":[{"animations":[],"initialState":{"affineTransform":[1,0,0,1,0,0],"masksToBounds":false,"rotation":0,"scale":1,"position":{"pointX":512,"pointY":120},"width":874,"sublayerTransform":[1,0,0,0,0,1,0,0,0,0,1,0,0,0,0,1],"contentsRect":{"y":0,"x":0,"width":1,"height":1},"opacity":1,"edgeAntialiasingMask":15,"height":170,"hidden":false,"anchorPoint":{"pointX":0.5,"pointY":0.5}},"objectID":"A4B0037B-81EE-460A-9C63-2483B2A828F7","layers":[{"animations":[],"layers":[],"initialState":{"affineTransform":[1,0,0,1,0,0],"masksToBounds":false,"rotation":0,"scale":1,"position":{"pointX":292.5,"pointY":86},"width":575,"sublayerTransform":[1,0,0,0,0,1,0,0,0,0,1,0,0,0,0,1],"contentsRect":{"y":0,"x":0,"width":1,"height":1},"opacity":1,"edgeAntialiasingMask":0,"height":50,"hidden":false,"anchorPoint":{"pointX":0.5,"pointY":0.5}},"texture":"6F7F6DE39BAE08461C8B9FDF2E629B93"}]}]},{"animations":[],"initialState":{"affineTransform":[1,0,0,1,0,0],"masksToBounds":false,"rotation":0,"scale":1,"position":{"pointX":512,"pointY":384},"width":1024,"sublayerTransform":[1,0,0,0,0,1,0,0,0,0,1,0,0,0,0,1],"contentsRect":{"y":0,"x":0,"width":1,"height":1},"opacity":1,"edgeAntialiasingMask":15,"height":768,"hidden":false,"anchorPoint":{"pointX":0.5,"pointY":0.5}},"layers":[{"animations":[],"initialState":{"affineTransform":[1,0,0,1,0,0],"masksToBounds":false,"rotation":0,"scale":1,"position":{"pointX":512.0000152587891,"pointY":685.0334091186523},"width":687.8961791992188,"sublayerTransform":[1,0,0,0,0,1,0,0,0,0,1,0,0,0,0,1],"contentsRect":{"y":0,"x":0,"width":1,"height":1},"opacity":1,"edgeAntialiasingMask":15,"height":56.72538757324219,"hidden":false,"anchorPoint":{"pointX":0.5,"pointY":0.5}},"objectID":"C53FAA34-AA6D-4694-BF03-1C6D77590EA3","layers":[{"animations":[],"layers":[],"initialState":{"affineTransform":[1,0,0,1,0,0],"masksToBounds":false,"rotation":0,"scale":1,"position":{"pointX":346.4480743408203,"pointY":28.82928466796875},"width":695,"sublayerTransform":[1,0,0,0,0,1,0,0,0,0,1,0,0,0,0,1],"contentsRect":{"y":0,"x":0,"width":1,"height":1},"opacity":1,"edgeAntialiasingMask":0,"height":59,"hidden":true,"anchorPoint":{"pointX":0.5,"pointY":0.5}},"texture":"3692165FC1F2B573495B54E6F5C7C87B"}]}]},{"animations":[],"initialState":{"affineTransform":[1,0,0,1,0,0],"masksToBounds":false,"rotation":0,"scale":1,"position":{"pointX":512,"pointY":384},"width":1024,"sublayerTransform":[1,0,0,0,0,1,0,0,0,0,1,0,0,0,0,1],"contentsRect":{"y":0,"x":0,"width":1,"height":1},"opacity":1,"edgeAntialiasingMask":15,"height":768,"hidden":false,"anchorPoint":{"pointX":0.5,"pointY":0.5}},"layers":[{"animations":[],"initialState":{"affineTransform":[1,0,0,1,0,0],"masksToBounds":false,"rotation":0,"scale":1,"position":{"pointX":516.4875457763671,"pointY":406.4100036621094},"width":870.7630590820312,"sublayerTransform":[1,0,0,0,0,1,0,0,0,0,1,0,0,0,0,1],"contentsRect":{"y":0,"x":0,"width":1,"height":1},"opacity":1,"edgeAntialiasingMask":15,"height":446.3799438476562,"hidden":false,"anchorPoint":{"pointX":0.5,"pointY":0.5}},"objectID":"018FE04C-15ED-4810-BD8D-0AE62615EA1F","layers":[{"animations":[],"layers":[],"initialState":{"affineTransform":[1,0,0,1,0,0],"masksToBounds":false,"rotation":0,"scale":1,"position":{"pointX":435.3939837646485,"pointY":223.2799682617188},"width":873,"sublayerTransform":[1,0,0,0,0,1,0,0,0,0,1,0,0,0,0,1],"contentsRect":{"y":0,"x":0,"width":1,"height":1},"opacity":1,"edgeAntialiasingMask":0,"height":449,"hidden":true,"anchorPoint":{"pointX":0.5,"pointY":0.5}},"texture":"1DD7E9048AAA1782099918E748F679C4"}]}]}]}},{"effects":[{"beginTime":0,"baseLayer":{"animations":[],"initialState":{"affineTransform":[1,0,0,1,0,0],"masksToBounds":true,"rotation":0,"scale":1,"position":{"pointX":512,"pointY":384},"width":1024,"sublayerTransform":[1,0,0,0,0,1,0,0,0,0,1,0,0,0,0,1],"contentsRect":{"y":0,"x":0,"width":1,"height":1},"opacity":1,"edgeAntialiasingMask":0,"height":768,"hidden":false,"anchorPoint":{"pointX":0.5,"pointY":0.5}},"objectID":"0","layers":[{"animations":[],"initialState":{"affineTransform":[1,0,0,1,0,0],"masksToBounds":false,"rotation":0,"scale":1,"position":{"pointX":512,"pointY":384},"width":1024,"sublayerTransform":[1,0,0,0,0,1,0,0,0,0,1,-0.0004922987690640373,0,0,0,1],"contentsRect":{"y":0,"x":0,"width":1,"height":1},"opacity":1,"edgeAntialiasingMask":15,"height":768,"hidden":false,"anchorPoint":{"pointX":0.5,"pointY":0.5}},"layers":[{"animations":[],"layers":[],"initialState":{"affineTransform":[1,0,0,1,0,0],"masksToBounds":false,"rotation":0,"scale":1,"position":{"pointX":512,"pointY":384},"width":1024,"sublayerTransform":[1,0,0,0,0,1,0,0,0,0,1,0,0,0,0,1],"contentsRect":{"y":0,"x":0,"width":1,"height":1},"opacity":1,"edgeAntialiasingMask":0,"height":768,"hidden":false,"anchorPoint":{"pointX":0.5,"pointY":0.5}},"texture":"ABBFAE0B89CC5B3BA374AD285D0F3F34"},{"animations":[{"from":{"scalar":false},"beginTime":0,"repeatCount":0,"fillMode":"both","property":"hidden","duration":0.01,"to":{"scalar":true}}],"layers":[],"initialState":{"affineTransform":[1,0,0,1,0,0],"masksToBounds":false,"rotation":0,"scale":1,"position":{"pointX":512,"pointY":384},"width":1024,"sublayerTransform":[1,0,0,0,0,1,0,0,0,0,1,0,0,0,0,1],"contentsRect":{"y":0,"x":0,"width":1,"height":1},"opacity":1,"edgeAntialiasingMask":0,"height":768,"hidden":false,"anchorPoint":{"pointX":0.5,"pointY":0.5}},"texture":"985092168BDDE16C981BFADB49D11FDB"}]}]},"effects":[],"duration":0.01,"type":"transition","name":"none","objectID":"0"}],"automaticPlay":false,"hyperlinks":[],"accessibility":[{"text":"TEG","targetRectangle":{"y":695.8837970793247,"x":173.3400665521622,"width":21.39500000000001,"height":13}},{"text":"qqicon-yz.png","targetRectangle":{"y":656.6707156602916,"x":256.6310348510742,"width":31.97788667277064,"height":35.28853619098663}},{"text":"qqicon-yz.png","targetRectangle":{"y":657.1830444335938,"x":707.8382415771484,"width":31.97128295898438,"height":35.28125}},{"text":"IEG","targetRectangle":{"y":695.3961032931385,"x":262.6078467965126,"width":20.00400000000002,"height":14}},{"text":"qqicon-yz.png","targetRectangle":{"y":657.1830446124077,"x":530.6734161376953,"width":31.97128295898438,"height":35.28125}},{"text":"TEG","targetRectangle":{"y":695.8838199079037,"x":713.1263824701309,"width":21.39499999999998,"height":13}},{"text":"qqicon-yz.png","targetRectangle":{"y":656.6707155075371,"x":619.2525482177734,"width":31.97788667277064,"height":35.28853619098663}},{"text":"qqicon-yz.png","targetRectangle":{"y":656.6707153320312,"x":796.4173431396484,"width":31.97788667277064,"height":35.28853619098663}},{"text":"qqicon-yz.png","targetRectangle":{"y":657.1830444931984,"x":353.5085906982422,"width":31.97128295898438,"height":35.28125}},{"text":"IEG","targetRectangle":{"y":695.3961029648781,"x":802.3941550850868,"width":20.00400000000002,"height":14}},{"text":"IEG","targetRectangle":{"y":695.396103140384,"x":625.2293601632118,"width":20.00400000000002,"height":14}},{"text":"TEG","targetRectangle":{"y":695.8838199675083,"x":358.7967315912247,"width":21.39499999999998,"height":13}},{"text":"qqicon-yz.png","targetRectangle":{"y":656.6707153821758,"x":442.0876922607422,"width":31.97788667277064,"height":35.28853619098663}},{"text":"程序鹅 优势特点 每日高峰","targetRectangle":{"y":90,"x":79,"width":577.783203125,"height":60}},{"text":"IEG","targetRectangle":{"y":695.3961030150226,"x":448.0645042061806,"width":20.00400000000002,"height":14}},{"text":"qqicon-yz.png","targetRectangle":{"y":657.1830216050148,"x":168.0519256591797,"width":31.97128295898438,"height":35.28125}},{"text":"TEG","targetRectangle":{"y":695.8838200867176,"x":535.9615570306778,"width":21.39499999999998,"height":13}}],"baseLayer":{"animations":[],"initialState":{"affineTransform":[1,0,0,1,0,0],"masksToBounds":true,"rotation":0,"scale":1,"position":{"pointX":512,"pointY":384},"width":1024,"sublayerTransform":[1,0,0,0,0,1,0,0,0,0,1,0,0,0,0,1],"contentsRect":{"y":0,"x":0,"width":1,"height":1},"opacity":1,"edgeAntialiasingMask":0,"height":768,"hidden":false,"anchorPoint":{"pointX":0.5,"pointY":0.5}},"objectID":"0","layers":[{"animations":[],"initialState":{"affineTransform":[1,0,0,1,0,0],"masksToBounds":false,"rotation":0,"scale":1,"position":{"pointX":512,"pointY":384},"width":1024,"sublayerTransform":[1,0,0,0,0,1,0,0,0,0,1,-0.0004922987690640373,0,0,0,1],"contentsRect":{"y":0,"x":0,"width":1,"height":1},"opacity":1,"edgeAntialiasingMask":15,"height":768,"hidden":false,"anchorPoint":{"pointX":0.5,"pointY":0.5}},"layers":[{"animations":[],"layers":[],"initialState":{"affineTransform":[1,0,0,1,0,0],"masksToBounds":false,"rotation":0,"scale":1,"position":{"pointX":512,"pointY":384},"width":1024,"sublayerTransform":[1,0,0,0,0,1,0,0,0,0,1,0,0,0,0,1],"contentsRect":{"y":0,"x":0,"width":1,"height":1},"opacity":1,"edgeAntialiasingMask":0,"height":768,"hidden":false,"anchorPoint":{"pointX":0.5,"pointY":0.5}},"texture":"985092168BDDE16C981BFADB49D11FDB"}]}]}}]}