{"assets":{"2FEFCE89964708FA098F87F5791B2285":{"type":"texture","index":27,"assetRequest":{"type":"slide","state":"contents","slide":"DD10D534-5540-476F-8535-E1B533824384"},"url":"assets/2FEFCE89964708FA098F87F5791B2285.png","width":48,"height":50},"AC512CB0AD746D8486C68C47F3F09B22":{"type":"texture","index":29,"assetRequest":{"type":"slide","state":"contents","slide":"DD10D534-5540-476F-8535-E1B533824384"},"url":"assets/AC512CB0AD746D8486C68C47F3F09B22.svg","width":83,"height":90},"2E0EFC2873F9BC26A27996DD1C8249FA":{"type":"texture","index":31,"assetRequest":{"type":"slide","state":"incoming","slide":"CDC68F84-EDC3-4539-8371-BF56C4ABB76E"},"url":"assets/2E0EFC2873F9BC26A27996DD1C8249FA.png","width":1024,"height":768},"498E23C82CA78A4BCD7BA88E5243B6FC":{"type":"texture","index":17,"assetRequest":{"type":"slide","state":"contents","slide":"DD10D534-5540-476F-8535-E1B533824384"},"url":"assets/498E23C82CA78A4BCD7BA88E5243B6FC.svg","width":1024,"height":768},"9F8022835DFA63FBBD63BD369C88FB0E":{"type":"texture","index":28,"assetRequest":{"type":"slide","state":"contents","slide":"DD10D534-5540-476F-8535-E1B533824384"},"url":"assets/9F8022835DFA63FBBD63BD369C88FB0E.svg","width":28,"height":40},"9343F32A353B0EAB4E8C9D746C6D4687":{"type":"texture","index":24,"assetRequest":{"type":"slide","state":"contents","slide":"DD10D534-5540-476F-8535-E1B533824384"},"url":"assets/9343F32A353B0EAB4E8C9D746C6D4687.svg","width":27,"height":32},"32E42366DD96878BA50170658738FAE6":{"type":"texture","index":26,"assetRequest":{"type":"slide","state":"contents","slide":"DD10D534-5540-476F-8535-E1B533824384"},"url":"assets/32E42366DD96878BA50170658738FAE6.png","width":48,"height":51},"9325D02844B5DBB1306B46B14AA3B016":{"type":"texture","index":19,"assetRequest":{"type":"slide","state":"contents","slide":"DD10D534-5540-476F-8535-E1B533824384"},"url":"assets/9325D02844B5DBB1306B46B14AA3B016.svg","width":49,"height":40},"5A8FAC4B72C27F36F8258753163657B4":{"type":"texture","index":20,"assetRequest":{"type":"slide","state":"contents","slide":"DD10D534-5540-476F-8535-E1B533824384"},"url":"assets/5A8FAC4B72C27F36F8258753163657B4.svg","width":27,"height":40},"9E1A55547B83A231A3707CB2DAE50267":{"type":"texture","index":21,"assetRequest":{"type":"slide","state":"contents","slide":"DD10D534-5540-476F-8535-E1B533824384"},"url":"assets/9E1A55547B83A231A3707CB2DAE50267.svg","width":28,"height":32},"E6CFEA9E9D43A5277D716EFFEF454FD8":{"type":"texture","index":30,"assetRequest":{"type":"slide","state":"outgoing","slide":"DD10D534-5540-476F-8535-E1B533824384"},"url":"assets/E6CFEA9E9D43A5277D716EFFEF454FD8.png","width":1024,"height":768},"9F1310561E198C30B950FE064CE92644":{"type":"texture","index":18,"assetRequest":{"type":"slide","state":"contents","slide":"DD10D534-5540-476F-8535-E1B533824384"},"url":"assets/9F1310561E198C30B950FE064CE92644.svg","width":500,"height":445},"249C23C390441A119D700136E918464F":{"type":"texture","index":22,"assetRequest":{"type":"slide","state":"contents","slide":"DD10D534-5540-476F-8535-E1B533824384"},"url":"assets/249C23C390441A119D700136E918464F.svg","width":18,"height":39},"CA4CF6607F42F967D725B2B6FF6D160E":{"type":"texture","index":25,"assetRequest":{"type":"slide","state":"contents","slide":"DD10D534-5540-476F-8535-E1B533824384"},"url":"assets/CA4CF6607F42F967D725B2B6FF6D160E.png","width":48,"height":48},"FB2BB95122B4211F2E60D4C27F2CB960":{"type":"texture","index":23,"assetRequest":{"type":"slide","state":"contents","slide":"DD10D534-5540-476F-8535-E1B533824384"},"url":"assets/FB2BB95122B4211F2E60D4C27F2CB960.svg","width":10,"height":40}},"events":[{"effects":[{"beginTime":0,"baseLayer":{"animations":[],"initialState":{"affineTransform":[1,0,0,1,0,0],"masksToBounds":false,"rotation":0,"scale":1,"position":{"pointX":506.0059279972756,"pointY":290.8139867186546},"width":496.1368268728256,"sublayerTransform":[1,0,0,0,0,1,0,0,0,0,1,0,0,0,0,1],"contentsRect":{"y":0,"x":0,"width":1,"height":1},"opacity":1,"edgeAntialiasingMask":15,"height":441.6992892026901,"hidden":false,"anchorPoint":{"pointX":0.5,"pointY":0.5}},"objectID":"D00A14F5-7764-4F49-90CE-A2B1D413DA17","layers":[{"animations":[],"initialState":{"affineTransform":[1,0,0,1,0,0],"masksToBounds":false,"rotation":0,"scale":1,"position":{"pointX":254.0624854391372,"pointY":314.0356578826904},"width":496.1368268728256,"sublayerTransform":[1,0,0,0,0,1,0,0,0,0,1,-0.0004922987690640373,0,0,0,1],"contentsRect":{"y":0,"x":0,"width":1,"height":1},"opacity":1,"edgeAntialiasingMask":15,"height":441.6992892026901,"hidden":false,"anchorPoint":{"pointX":0.5120814897787477,"pointY":0.7109716170237791}},"layers":[{"animations":[{"repeatCount":0,"animations":[{"from":{"scalar":0},"beginTime":0,"repeatCount":0,"fillMode":"both","property":"opacity","duration":2,"timingFunction":"easeInEaseOut","to":{"scalar":1}},{"from":{"scalar":false},"beginTime":0,"repeatCount":0,"fillMode":"forwards","property":"hidden","duration":2,"to":{"scalar":false}}],"beginTime":1e-100,"fillMode":"both","duration":2}],"layers":[],"initialState":{"affineTransform":[1,0,0,1,0,0],"masksToBounds":false,"rotation":0,"scale":1,"position":{"pointX":248.0624854391372,"pointY":220.5356578826904},"width":500,"sublayerTransform":[1,0,0,0,0,1,0,0,0,0,1,0,0,0,0,1],"contentsRect":{"y":0,"x":0,"width":1,"height":1},"opacity":1,"edgeAntialiasingMask":0,"height":445,"hidden":true,"anchorPoint":{"pointX":0.5,"pointY":0.5}},"texture":"9F1310561E198C30B950FE064CE92644"}]}]},"effects":[{"beginTime":0,"baseLayer":{"animations":[],"initialState":{"affineTransform":[1,0,0,1,0,0],"masksToBounds":false,"rotation":0,"scale":1,"position":{"pointX":448.6835911273956,"pointY":624.825927734375},"width":399.3671822547913,"sublayerTransform":[1,0,0,0,0,1,0,0,0,0,1,0,0,0,0,1],"contentsRect":{"y":0,"x":0,"width":1,"height":1},"opacity":1,"edgeAntialiasingMask":15,"height":112,"hidden":false,"anchorPoint":{"pointX":0.5,"pointY":0.5}},"objectID":"A1AD426B-ACFC-42E2-8FE5-027753EEC814","layers":[{"animations":[],"initialState":{"affineTransform":[1,0,0,1,0,0],"masksToBounds":false,"rotation":0,"scale":1,"position":{"pointX":263,"pointY":-184.825927734375},"width":399.3671822547913,"sublayerTransform":[1,0,0,0,0,1,0,0,0,0,1,-0.0004922987690640373,0,0,0,1],"contentsRect":{"y":0,"x":0,"width":1,"height":1},"opacity":1,"edgeAntialiasingMask":15,"height":112,"hidden":false,"anchorPoint":{"pointX":0.6585418424095981,"pointY":-1.650231497628348}},"layers":[{"animations":[{"repeatCount":0,"animations":[{"from":{"scalar":true},"beginTime":0,"repeatCount":0,"fillMode":"removed","property":"hidden","duration":0.05,"to":{"scalar":true}},{"from":{"scalar":false},"beginTime":0.05,"repeatCount":0,"fillMode":"forwards","property":"hidden","duration":0.95,"to":{"scalar":false}}],"beginTime":1e-100,"fillMode":"both","duration":1}],"layers":[],"initialState":{"affineTransform":[1,0,0,1,0,0],"masksToBounds":false,"rotation":0,"scale":1,"position":{"pointX":37.5,"pointY":78.174072265625},"width":49,"sublayerTransform":[1,0,0,0,0,1,0,0,0,0,1,0,0,0,0,1],"contentsRect":{"y":0,"x":0,"width":1,"height":1},"opacity":1,"edgeAntialiasingMask":0,"height":40,"hidden":true,"anchorPoint":{"pointX":0.5,"pointY":0.5}},"texture":"9325D02844B5DBB1306B46B14AA3B016"}]},{"animations":[],"initialState":{"affineTransform":[1,0,0,1,0,0],"masksToBounds":false,"rotation":0,"scale":1,"position":{"pointX":263,"pointY":-184.825927734375},"width":399.3671822547913,"sublayerTransform":[1,0,0,0,0,1,0,0,0,0,1,-0.0004922987690640373,0,0,0,1],"contentsRect":{"y":0,"x":0,"width":1,"height":1},"opacity":1,"edgeAntialiasingMask":15,"height":112,"hidden":false,"anchorPoint":{"pointX":0.6585418424095981,"pointY":-1.650231497628348}},"layers":[{"animations":[{"repeatCount":0,"animations":[{"from":{"scalar":true},"beginTime":0,"repeatCount":0,"fillMode":"removed","property":"hidden","duration":0.14,"to":{"scalar":true}},{"from":{"scalar":false},"beginTime":0.14,"repeatCount":0,"fillMode":"forwards","property":"hidden","duration":0.86,"to":{"scalar":false}}],"beginTime":1e-100,"fillMode":"both","duration":1}],"layers":[],"initialState":{"affineTransform":[1,0,0,1,0,0],"masksToBounds":false,"rotation":0,"scale":1,"position":{"pointX":76.5,"pointY":78.174072265625},"width":27,"sublayerTransform":[1,0,0,0,0,1,0,0,0,0,1,0,0,0,0,1],"contentsRect":{"y":0,"x":0,"width":1,"height":1},"opacity":1,"edgeAntialiasingMask":0,"height":40,"hidden":true,"anchorPoint":{"pointX":0.5,"pointY":0.5}},"texture":"5A8FAC4B72C27F36F8258753163657B4"}]},{"animations":[],"initialState":{"affineTransform":[1,0,0,1,0,0],"masksToBounds":false,"rotation":0,"scale":1,"position":{"pointX":263,"pointY":-184.825927734375},"width":399.3671822547913,"sublayerTransform":[1,0,0,0,0,1,0,0,0,0,1,-0.0004922987690640373,0,0,0,1],"contentsRect":{"y":0,"x":0,"width":1,"height":1},"opacity":1,"edgeAntialiasingMask":15,"height":112,"hidden":false,"anchorPoint":{"pointX":0.6585418424095981,"pointY":-1.650231497628348}},"layers":[{"animations":[{"repeatCount":0,"animations":[{"from":{"scalar":true},"beginTime":0,"repeatCount":0,"fillMode":"removed","property":"hidden","duration":0.23,"to":{"scalar":true}},{"from":{"scalar":false},"beginTime":0.23,"repeatCount":0,"fillMode":"forwards","property":"hidden","duration":0.77,"to":{"scalar":false}}],"beginTime":1e-100,"fillMode":"both","duration":1}],"layers":[],"initialState":{"affineTransform":[1,0,0,1,0,0],"masksToBounds":false,"rotation":0,"scale":1,"position":{"pointX":105,"pointY":83.174072265625},"width":28,"sublayerTransform":[1,0,0,0,0,1,0,0,0,0,1,0,0,0,0,1],"contentsRect":{"y":0,"x":0,"width":1,"height":1},"opacity":1,"edgeAntialiasingMask":0,"height":32,"hidden":true,"anchorPoint":{"pointX":0.5,"pointY":0.5}},"texture":"9E1A55547B83A231A3707CB2DAE50267"}]},{"animations":[],"initialState":{"affineTransform":[1,0,0,1,0,0],"masksToBounds":false,"rotation":0,"scale":1,"position":{"pointX":263,"pointY":-184.825927734375},"width":399.3671822547913,"sublayerTransform":[1,0,0,0,0,1,0,0,0,0,1,-0.0004922987690640373,0,0,0,1],"contentsRect":{"y":0,"x":0,"width":1,"height":1},"opacity":1,"edgeAntialiasingMask":15,"height":112,"hidden":false,"anchorPoint":{"pointX":0.6585418424095981,"pointY":-1.650231497628348}},"layers":[{"animations":[{"repeatCount":0,"animations":[{"from":{"scalar":true},"beginTime":0,"repeatCount":0,"fillMode":"removed","property":"hidden","duration":0.32,"to":{"scalar":true}},{"from":{"scalar":false},"beginTime":0.32,"repeatCount":0,"fillMode":"forwards","property":"hidden","duration":0.6799999999999999,"to":{"scalar":false}}],"beginTime":1e-100,"fillMode":"both","duration":1}],"layers":[],"initialState":{"affineTransform":[1,0,0,1,0,0],"masksToBounds":false,"rotation":0,"scale":1,"position":{"pointX":127,"pointY":79.674072265625},"width":18,"sublayerTransform":[1,0,0,0,0,1,0,0,0,0,1,0,0,0,0,1],"contentsRect":{"y":0,"x":0,"width":1,"height":1},"opacity":1,"edgeAntialiasingMask":0,"height":39,"hidden":true,"anchorPoint":{"pointX":0.5,"pointY":0.5}},"texture":"249C23C390441A119D700136E918464F"}]},{"animations":[],"initialState":{"affineTransform":[1,0,0,1,0,0],"masksToBounds":false,"rotation":0,"scale":1,"position":{"pointX":263,"pointY":-184.825927734375},"width":399.3671822547913,"sublayerTransform":[1,0,0,0,0,1,0,0,0,0,1,-0.0004922987690640373,0,0,0,1],"contentsRect":{"y":0,"x":0,"width":1,"height":1},"opacity":1,"edgeAntialiasingMask":15,"height":112,"hidden":false,"anchorPoint":{"pointX":0.6585418424095981,"pointY":-1.650231497628348}},"layers":[{"animations":[{"repeatCount":0,"animations":[{"from":{"scalar":true},"beginTime":0,"repeatCount":0,"fillMode":"removed","property":"hidden","duration":0.41,"to":{"scalar":true}},{"from":{"scalar":false},"beginTime":0.41,"repeatCount":0,"fillMode":"forwards","property":"hidden","duration":0.5900000000000001,"to":{"scalar":false}}],"beginTime":1e-100,"fillMode":"both","duration":1}],"layers":[],"initialState":{"affineTransform":[1,0,0,1,0,0],"masksToBounds":false,"rotation":0,"scale":1,"position":{"pointX":157,"pointY":78.174072265625},"width":10,"sublayerTransform":[1,0,0,0,0,1,0,0,0,0,1,0,0,0,0,1],"contentsRect":{"y":0,"x":0,"width":1,"height":1},"opacity":1,"edgeAntialiasingMask":0,"height":40,"hidden":true,"anchorPoint":{"pointX":0.5,"pointY":0.5}},"texture":"FB2BB95122B4211F2E60D4C27F2CB960"}]},{"animations":[],"initialState":{"affineTransform":[1,0,0,1,0,0],"masksToBounds":false,"rotation":0,"scale":1,"position":{"pointX":263,"pointY":-184.825927734375},"width":399.3671822547913,"sublayerTransform":[1,0,0,0,0,1,0,0,0,0,1,-0.0004922987690640373,0,0,0,1],"contentsRect":{"y":0,"x":0,"width":1,"height":1},"opacity":1,"edgeAntialiasingMask":15,"height":112,"hidden":false,"anchorPoint":{"pointX":0.6585418424095981,"pointY":-1.650231497628348}},"layers":[{"animations":[{"repeatCount":0,"animations":[{"from":{"scalar":true},"beginTime":0,"repeatCount":0,"fillMode":"removed","property":"hidden","duration":0.4999999999999999,"to":{"scalar":true}},{"from":{"scalar":false},"beginTime":0.4999999999999999,"repeatCount":0,"fillMode":"forwards","property":"hidden","duration":0.5,"to":{"scalar":false}}],"beginTime":1e-100,"fillMode":"both","duration":1}],"layers":[],"initialState":{"affineTransform":[1,0,0,1,0,0],"masksToBounds":false,"rotation":0,"scale":1,"position":{"pointX":177.5,"pointY":83.174072265625},"width":27,"sublayerTransform":[1,0,0,0,0,1,0,0,0,0,1,0,0,0,0,1],"contentsRect":{"y":0,"x":0,"width":1,"height":1},"opacity":1,"edgeAntialiasingMask":0,"height":32,"hidden":true,"anchorPoint":{"pointX":0.5,"pointY":0.5}},"texture":"9343F32A353B0EAB4E8C9D746C6D4687"}]},{"animations":[],"initialState":{"affineTransform":[1,0,0,1,0,0],"masksToBounds":false,"rotation":0,"scale":1,"position":{"pointX":263,"pointY":-184.825927734375},"width":399.3671822547913,"sublayerTransform":[1,0,0,0,0,1,0,0,0,0,1,-0.0004922987690640373,0,0,0,1],"contentsRect":{"y":0,"x":0,"width":1,"height":1},"opacity":1,"edgeAntialiasingMask":15,"height":112,"hidden":false,"anchorPoint":{"pointX":0.6585418424095981,"pointY":-1.650231497628348}},"layers":[{"animations":[{"repeatCount":0,"animations":[{"from":{"scalar":true},"beginTime":0,"repeatCount":0,"fillMode":"removed","property":"hidden","duration":0.5900000000000001,"to":{"scalar":true}},{"from":{"scalar":false},"beginTime":0.5900000000000001,"repeatCount":0,"fillMode":"forwards","property":"hidden","duration":0.4099999999999999,"to":{"scalar":false}}],"beginTime":1e-100,"fillMode":"both","duration":1}],"layers":[],"initialState":{"affineTransform":[1,0,0,1,0,0],"masksToBounds":false,"rotation":0,"scale":1,"position":{"pointX":230,"pointY":79.174072265625},"width":48,"sublayerTransform":[1,0,0,0,0,1,0,0,0,0,1,0,0,0,0,1],"contentsRect":{"y":0,"x":0,"width":1,"height":1},"opacity":1,"edgeAntialiasingMask":0,"height":48,"hidden":true,"anchorPoint":{"pointX":0.5,"pointY":0.5}},"texture":"CA4CF6607F42F967D725B2B6FF6D160E"}]},{"animations":[],"initialState":{"affineTransform":[1,0,0,1,0,0],"masksToBounds":false,"rotation":0,"scale":1,"position":{"pointX":263,"pointY":-184.825927734375},"width":399.3671822547913,"sublayerTransform":[1,0,0,0,0,1,0,0,0,0,1,-0.0004922987690640373,0,0,0,1],"contentsRect":{"y":0,"x":0,"width":1,"height":1},"opacity":1,"edgeAntialiasingMask":15,"height":112,"hidden":false,"anchorPoint":{"pointX":0.6585418424095981,"pointY":-1.650231497628348}},"layers":[{"animations":[{"repeatCount":0,"animations":[{"from":{"scalar":true},"beginTime":0,"repeatCount":0,"fillMode":"removed","property":"hidden","duration":0.68,"to":{"scalar":true}},{"from":{"scalar":false},"beginTime":0.68,"repeatCount":0,"fillMode":"forwards","property":"hidden","duration":0.32,"to":{"scalar":false}}],"beginTime":1e-100,"fillMode":"both","duration":1}],"layers":[],"initialState":{"affineTransform":[1,0,0,1,0,0],"masksToBounds":false,"rotation":0,"scale":1,"position":{"pointX":280,"pointY":78.674072265625},"width":48,"sublayerTransform":[1,0,0,0,0,1,0,0,0,0,1,0,0,0,0,1],"contentsRect":{"y":0,"x":0,"width":1,"height":1},"opacity":1,"edgeAntialiasingMask":0,"height":51,"hidden":true,"anchorPoint":{"pointX":0.5,"pointY":0.5}},"texture":"32E42366DD96878BA50170658738FAE6"}]},{"animations":[],"initialState":{"affineTransform":[1,0,0,1,0,0],"masksToBounds":false,"rotation":0,"scale":1,"position":{"pointX":263,"pointY":-184.825927734375},"width":399.3671822547913,"sublayerTransform":[1,0,0,0,0,1,0,0,0,0,1,-0.0004922987690640373,0,0,0,1],"contentsRect":{"y":0,"x":0,"width":1,"height":1},"opacity":1,"edgeAntialiasingMask":15,"height":112,"hidden":false,"anchorPoint":{"pointX":0.6585418424095981,"pointY":-1.650231497628348}},"layers":[{"animations":[{"repeatCount":0,"animations":[{"from":{"scalar":true},"beginTime":0,"repeatCount":0,"fillMode":"removed","property":"hidden","duration":0.77,"to":{"scalar":true}},{"from":{"scalar":false},"beginTime":0.77,"repeatCount":0,"fillMode":"forwards","property":"hidden","duration":0.23,"to":{"scalar":false}}],"beginTime":1e-100,"fillMode":"both","duration":1}],"layers":[],"initialState":{"affineTransform":[1,0,0,1,0,0],"masksToBounds":false,"rotation":0,"scale":1,"position":{"pointX":330,"pointY":79.174072265625},"width":48,"sublayerTransform":[1,0,0,0,0,1,0,0,0,0,1,0,0,0,0,1],"contentsRect":{"y":0,"x":0,"width":1,"height":1},"opacity":1,"edgeAntialiasingMask":0,"height":50,"hidden":true,"anchorPoint":{"pointX":0.5,"pointY":0.5}},"texture":"2FEFCE89964708FA098F87F5791B2285"}]},{"animations":[],"initialState":{"affineTransform":[1,0,0,1,0,0],"masksToBounds":false,"rotation":0,"scale":1,"position":{"pointX":263,"pointY":-184.825927734375},"width":399.3671822547913,"sublayerTransform":[1,0,0,0,0,1,0,0,0,0,1,-0.0004922987690640373,0,0,0,1],"contentsRect":{"y":0,"x":0,"width":1,"height":1},"opacity":1,"edgeAntialiasingMask":15,"height":112,"hidden":false,"anchorPoint":{"pointX":0.6585418424095981,"pointY":-1.650231497628348}},"layers":[{"animations":[{"repeatCount":0,"animations":[{"from":{"scalar":true},"beginTime":0,"repeatCount":0,"fillMode":"removed","property":"hidden","duration":0.86,"to":{"scalar":true}},{"from":{"scalar":false},"beginTime":0.86,"repeatCount":0,"fillMode":"forwards","property":"hidden","duration":0.14,"to":{"scalar":false}}],"beginTime":1e-100,"fillMode":"both","duration":1}],"layers":[],"initialState":{"affineTransform":[1,0,0,1,0,0],"masksToBounds":false,"rotation":0,"scale":1,"position":{"pointX":371,"pointY":78.174072265625},"width":28,"sublayerTransform":[1,0,0,0,0,1,0,0,0,0,1,0,0,0,0,1],"contentsRect":{"y":0,"x":0,"width":1,"height":1},"opacity":1,"edgeAntialiasingMask":0,"height":40,"hidden":true,"anchorPoint":{"pointX":0.5,"pointY":0.5}},"texture":"9F8022835DFA63FBBD63BD369C88FB0E"}]}]},"effects":[{"beginTime":0,"baseLayer":{"animations":[],"initialState":{"affineTransform":[1,0,0,1,0,0],"masksToBounds":false,"rotation":0,"scale":1,"position":{"pointX":697.3256225585938,"pointY":627.8258819580078},"width":79.4083251953125,"sublayerTransform":[1,0,0,0,0,1,0,0,0,0,1,0,0,0,0,1],"contentsRect":{"y":0,"x":0,"width":1,"height":1},"opacity":1,"edgeAntialiasingMask":15,"height":87.62942504882812,"hidden":false,"anchorPoint":{"pointX":0.5,"pointY":0.5}},"objectID":"5F72C07B-2753-4641-ABC7-32CBCB662722","layers":[{"animations":[],"initialState":{"affineTransform":[1,0,0,1,0,0],"masksToBounds":false,"rotation":0,"scale":1,"position":{"pointX":-145.6214599609375,"pointY":-200.0111694335938},"width":79.4083251953125,"sublayerTransform":[1,0,0,0,0,1,0,0,0,0,1,-0.0004922987690640373,0,0,0,1],"contentsRect":{"y":0,"x":0,"width":1,"height":1},"opacity":1,"edgeAntialiasingMask":15,"height":87.62942504882812,"hidden":false,"anchorPoint":{"pointX":-1.833831145572802,"pointY":-2.282465842063271}},"layers":[{"animations":[{"repeatCount":0,"animations":[{"from":{"scalar":0},"beginTime":0,"repeatCount":0,"fillMode":"both","property":"opacity","duration":1.5,"timingFunction":"easeInEaseOut","to":{"scalar":1}},{"from":{"scalar":false},"beginTime":0,"repeatCount":0,"fillMode":"forwards","property":"hidden","duration":1.5,"to":{"scalar":false}}],"beginTime":1e-100,"fillMode":"both","duration":1.5}],"layers":[],"initialState":{"affineTransform":[1,0,0,1,0,0],"masksToBounds":false,"rotation":0,"scale":1,"position":{"pointX":39.8785400390625,"pointY":43.98883056640625},"width":83,"sublayerTransform":[1,0,0,0,0,1,0,0,0,0,1,0,0,0,0,1],"contentsRect":{"y":0,"x":0,"width":1,"height":1},"opacity":1,"edgeAntialiasingMask":0,"height":90,"hidden":true,"anchorPoint":{"pointX":0.5,"pointY":0.5}},"texture":"AC512CB0AD746D8486C68C47F3F09B22"}]}]},"effects":[],"duration":1.5,"type":"buildIn","attributes":{"direction":0},"name":"com.apple.iWork.Keynote.BUKAnvil","objectID":"5F72C07B-2753-4641-ABC7-32CBCB662722"}],"duration":1,"type":"buildIn","name":"apple:bc-typewriter","objectID":"A1AD426B-ACFC-42E2-8FE5-027753EEC814"}],"duration":2,"type":"buildIn","attributes":{"direction":11},"name":"com.apple.iWork.Keynote.KLNSparkle","objectID":"D00A14F5-7764-4F49-90CE-A2B1D413DA17"}],"automaticPlay":false,"hyperlinks":[],"accessibility":[],"baseLayer":{"animations":[],"initialState":{"affineTransform":[1,0,0,1,0,0],"masksToBounds":true,"rotation":0,"scale":1,"position":{"pointX":512,"pointY":384},"width":1024,"sublayerTransform":[1,0,0,0,0,1,0,0,0,0,1,0,0,0,0,1],"contentsRect":{"y":0,"x":0,"width":1,"height":1},"opacity":1,"edgeAntialiasingMask":0,"height":768,"hidden":false,"anchorPoint":{"pointX":0.5,"pointY":0.5}},"layers":[{"animations":[],"initialState":{"affineTransform":[1,0,0,1,0,0],"masksToBounds":false,"rotation":0,"scale":1,"position":{"pointX":512,"pointY":384},"width":1024,"sublayerTransform":[1,0,0,0,0,1,0,0,0,0,1,0,0,0,0,1],"contentsRect":{"y":0,"x":0,"width":1,"height":1},"opacity":1,"edgeAntialiasingMask":15,"height":768,"hidden":false,"anchorPoint":{"pointX":0.5,"pointY":0.5}},"layers":[{"animations":[],"initialState":{"affineTransform":[1,0,0,1,0,0],"masksToBounds":false,"rotation":0,"scale":1,"position":{"pointX":512,"pointY":384},"width":1024,"sublayerTransform":[1,0,0,0,0,1,0,0,0,0,1,0,0,0,0,1],"contentsRect":{"y":0,"x":0,"width":1,"height":1},"opacity":1,"edgeAntialiasingMask":15,"height":768,"hidden":false,"anchorPoint":{"pointX":0.5,"pointY":0.5}},"layers":[{"animations":[],"layers":[],"initialState":{"affineTransform":[1,0,0,1,0,0],"masksToBounds":false,"rotation":0,"scale":1,"position":{"pointX":512,"pointY":384},"width":1024,"sublayerTransform":[1,0,0,0,0,1,0,0,0,0,1,0,0,0,0,1],"contentsRect":{"y":0,"x":0,"width":1,"height":1},"opacity":1,"edgeAntialiasingMask":0,"height":768,"hidden":false,"anchorPoint":{"pointX":0.5,"pointY":0.5}},"texture":"498E23C82CA78A4BCD7BA88E5243B6FC"}]}]},{"animations":[],"initialState":{"affineTransform":[1,0,0,1,0,0],"masksToBounds":false,"rotation":0,"scale":1,"position":{"pointX":512,"pointY":384},"width":1024,"sublayerTransform":[1,0,0,0,0,1,0,0,0,0,1,0,0,0,0,1],"contentsRect":{"y":0,"x":0,"width":1,"height":1},"opacity":1,"edgeAntialiasingMask":15,"height":768,"hidden":false,"anchorPoint":{"pointX":0.5,"pointY":0.5}},"layers":[{"animations":[],"initialState":{"affineTransform":[1,0,0,1,0,0],"masksToBounds":false,"rotation":0,"scale":1,"position":{"pointX":506.0059279972756,"pointY":290.8139867186546},"width":496.1368268728256,"sublayerTransform":[1,0,0,0,0,1,0,0,0,0,1,0,0,0,0,1],"contentsRect":{"y":0,"x":0,"width":1,"height":1},"opacity":1,"edgeAntialiasingMask":15,"height":441.6992892026901,"hidden":false,"anchorPoint":{"pointX":0.5,"pointY":0.5}},"objectID":"D00A14F5-7764-4F49-90CE-A2B1D413DA17","layers":[{"animations":[],"layers":[],"initialState":{"affineTransform":[1,0,0,1,0,0],"masksToBounds":false,"rotation":0,"scale":1,"position":{"pointX":248.0624854391372,"pointY":220.5356578826904},"width":500,"sublayerTransform":[1,0,0,0,0,1,0,0,0,0,1,0,0,0,0,1],"contentsRect":{"y":0,"x":0,"width":1,"height":1},"opacity":1,"edgeAntialiasingMask":0,"height":445,"hidden":true,"anchorPoint":{"pointX":0.5,"pointY":0.5}},"texture":"9F1310561E198C30B950FE064CE92644"}]}]},{"animations":[],"initialState":{"affineTransform":[1,0,0,1,0,0],"masksToBounds":false,"rotation":0,"scale":1,"position":{"pointX":512,"pointY":384},"width":1024,"sublayerTransform":[1,0,0,0,0,1,0,0,0,0,1,0,0,0,0,1],"contentsRect":{"y":0,"x":0,"width":1,"height":1},"opacity":1,"edgeAntialiasingMask":15,"height":768,"hidden":false,"anchorPoint":{"pointX":0.5,"pointY":0.5}},"layers":[{"animations":[],"initialState":{"affineTransform":[1,0,0,1,0,0],"masksToBounds":false,"rotation":0,"scale":1,"position":{"pointX":448.6835911273956,"pointY":624.825927734375},"width":399.3671822547913,"sublayerTransform":[1,0,0,0,0,1,0,0,0,0,1,0,0,0,0,1],"contentsRect":{"y":0,"x":0,"width":1,"height":1},"opacity":1,"edgeAntialiasingMask":15,"height":112,"hidden":false,"anchorPoint":{"pointX":0.5,"pointY":0.5}},"objectID":"A1AD426B-ACFC-42E2-8FE5-027753EEC814","layers":[{"animations":[],"layers":[],"initialState":{"affineTransform":[1,0,0,1,0,0],"masksToBounds":false,"rotation":0,"scale":1,"position":{"pointX":37.5,"pointY":78.174072265625},"width":49,"sublayerTransform":[1,0,0,0,0,1,0,0,0,0,1,0,0,0,0,1],"contentsRect":{"y":0,"x":0,"width":1,"height":1},"opacity":1,"edgeAntialiasingMask":0,"height":40,"hidden":true,"anchorPoint":{"pointX":0.5,"pointY":0.5}},"texture":"9325D02844B5DBB1306B46B14AA3B016"},{"animations":[],"layers":[],"initialState":{"affineTransform":[1,0,0,1,0,0],"masksToBounds":false,"rotation":0,"scale":1,"position":{"pointX":76.5,"pointY":78.174072265625},"width":27,"sublayerTransform":[1,0,0,0,0,1,0,0,0,0,1,0,0,0,0,1],"contentsRect":{"y":0,"x":0,"width":1,"height":1},"opacity":1,"edgeAntialiasingMask":0,"height":40,"hidden":true,"anchorPoint":{"pointX":0.5,"pointY":0.5}},"texture":"5A8FAC4B72C27F36F8258753163657B4"},{"animations":[],"layers":[],"initialState":{"affineTransform":[1,0,0,1,0,0],"masksToBounds":false,"rotation":0,"scale":1,"position":{"pointX":105,"pointY":83.174072265625},"width":28,"sublayerTransform":[1,0,0,0,0,1,0,0,0,0,1,0,0,0,0,1],"contentsRect":{"y":0,"x":0,"width":1,"height":1},"opacity":1,"edgeAntialiasingMask":0,"height":32,"hidden":true,"anchorPoint":{"pointX":0.5,"pointY":0.5}},"texture":"9E1A55547B83A231A3707CB2DAE50267"},{"animations":[],"layers":[],"initialState":{"affineTransform":[1,0,0,1,0,0],"masksToBounds":false,"rotation":0,"scale":1,"position":{"pointX":127,"pointY":79.674072265625},"width":18,"sublayerTransform":[1,0,0,0,0,1,0,0,0,0,1,0,0,0,0,1],"contentsRect":{"y":0,"x":0,"width":1,"height":1},"opacity":1,"edgeAntialiasingMask":0,"height":39,"hidden":true,"anchorPoint":{"pointX":0.5,"pointY":0.5}},"texture":"249C23C390441A119D700136E918464F"},{"animations":[],"layers":[],"initialState":{"affineTransform":[1,0,0,1,0,0],"masksToBounds":false,"rotation":0,"scale":1,"position":{"pointX":157,"pointY":78.174072265625},"width":10,"sublayerTransform":[1,0,0,0,0,1,0,0,0,0,1,0,0,0,0,1],"contentsRect":{"y":0,"x":0,"width":1,"height":1},"opacity":1,"edgeAntialiasingMask":0,"height":40,"hidden":true,"anchorPoint":{"pointX":0.5,"pointY":0.5}},"texture":"FB2BB95122B4211F2E60D4C27F2CB960"},{"animations":[],"layers":[],"initialState":{"affineTransform":[1,0,0,1,0,0],"masksToBounds":false,"rotation":0,"scale":1,"position":{"pointX":177.5,"pointY":83.174072265625},"width":27,"sublayerTransform":[1,0,0,0,0,1,0,0,0,0,1,0,0,0,0,1],"contentsRect":{"y":0,"x":0,"width":1,"height":1},"opacity":1,"edgeAntialiasingMask":0,"height":32,"hidden":true,"anchorPoint":{"pointX":0.5,"pointY":0.5}},"texture":"9343F32A353B0EAB4E8C9D746C6D4687"},{"animations":[],"layers":[],"initialState":{"affineTransform":[1,0,0,1,0,0],"masksToBounds":false,"rotation":0,"scale":1,"position":{"pointX":230,"pointY":79.174072265625},"width":48,"sublayerTransform":[1,0,0,0,0,1,0,0,0,0,1,0,0,0,0,1],"contentsRect":{"y":0,"x":0,"width":1,"height":1},"opacity":1,"edgeAntialiasingMask":0,"height":48,"hidden":true,"anchorPoint":{"pointX":0.5,"pointY":0.5}},"texture":"CA4CF6607F42F967D725B2B6FF6D160E"},{"animations":[],"layers":[],"initialState":{"affineTransform":[1,0,0,1,0,0],"masksToBounds":false,"rotation":0,"scale":1,"position":{"pointX":280,"pointY":78.674072265625},"width":48,"sublayerTransform":[1,0,0,0,0,1,0,0,0,0,1,0,0,0,0,1],"contentsRect":{"y":0,"x":0,"width":1,"height":1},"opacity":1,"edgeAntialiasingMask":0,"height":51,"hidden":true,"anchorPoint":{"pointX":0.5,"pointY":0.5}},"texture":"32E42366DD96878BA50170658738FAE6"},{"animations":[],"layers":[],"initialState":{"affineTransform":[1,0,0,1,0,0],"masksToBounds":false,"rotation":0,"scale":1,"position":{"pointX":330,"pointY":79.174072265625},"width":48,"sublayerTransform":[1,0,0,0,0,1,0,0,0,0,1,0,0,0,0,1],"contentsRect":{"y":0,"x":0,"width":1,"height":1},"opacity":1,"edgeAntialiasingMask":0,"height":50,"hidden":true,"anchorPoint":{"pointX":0.5,"pointY":0.5}},"texture":"2FEFCE89964708FA098F87F5791B2285"},{"animations":[],"layers":[],"initialState":{"affineTransform":[1,0,0,1,0,0],"masksToBounds":false,"rotation":0,"scale":1,"position":{"pointX":371,"pointY":78.174072265625},"width":28,"sublayerTransform":[1,0,0,0,0,1,0,0,0,0,1,0,0,0,0,1],"contentsRect":{"y":0,"x":0,"width":1,"height":1},"opacity":1,"edgeAntialiasingMask":0,"height":40,"hidden":true,"anchorPoint":{"pointX":0.5,"pointY":0.5}},"texture":"9F8022835DFA63FBBD63BD369C88FB0E"}]}]},{"animations":[],"initialState":{"affineTransform":[1,0,0,1,0,0],"masksToBounds":false,"rotation":0,"scale":1,"position":{"pointX":512,"pointY":384},"width":1024,"sublayerTransform":[1,0,0,0,0,1,0,0,0,0,1,0,0,0,0,1],"contentsRect":{"y":0,"x":0,"width":1,"height":1},"opacity":1,"edgeAntialiasingMask":15,"height":768,"hidden":false,"anchorPoint":{"pointX":0.5,"pointY":0.5}},"layers":[{"animations":[],"initialState":{"affineTransform":[1,0,0,1,0,0],"masksToBounds":false,"rotation":0,"scale":1,"position":{"pointX":697.3256225585938,"pointY":627.8258819580078},"width":79.4083251953125,"sublayerTransform":[1,0,0,0,0,1,0,0,0,0,1,0,0,0,0,1],"contentsRect":{"y":0,"x":0,"width":1,"height":1},"opacity":1,"edgeAntialiasingMask":15,"height":87.62942504882812,"hidden":false,"anchorPoint":{"pointX":0.5,"pointY":0.5}},"objectID":"5F72C07B-2753-4641-ABC7-32CBCB662722","layers":[{"animations":[],"layers":[],"initialState":{"affineTransform":[1,0,0,1,0,0],"masksToBounds":false,"rotation":0,"scale":1,"position":{"pointX":39.8785400390625,"pointY":43.98883056640625},"width":83,"sublayerTransform":[1,0,0,0,0,1,0,0,0,0,1,0,0,0,0,1],"contentsRect":{"y":0,"x":0,"width":1,"height":1},"opacity":1,"edgeAntialiasingMask":0,"height":90,"hidden":true,"anchorPoint":{"pointX":0.5,"pointY":0.5}},"texture":"AC512CB0AD746D8486C68C47F3F09B22"}]}]}]}},{"effects":[{"beginTime":0,"baseLayer":{"animations":[],"initialState":{"affineTransform":[1,0,0,1,0,0],"masksToBounds":true,"rotation":0,"scale":1,"position":{"pointX":512,"pointY":384},"width":1024,"sublayerTransform":[1,0,0,0,0,1,0,0,0,0,1,0,0,0,0,1],"contentsRect":{"y":0,"x":0,"width":1,"height":1},"opacity":1,"edgeAntialiasingMask":0,"height":768,"hidden":false,"anchorPoint":{"pointX":0.5,"pointY":0.5}},"objectID":"0","layers":[{"animations":[],"initialState":{"affineTransform":[1,0,0,1,0,0],"masksToBounds":false,"rotation":0,"scale":1,"position":{"pointX":512,"pointY":384},"width":1024,"sublayerTransform":[1,0,0,0,0,1,0,0,0,0,1,-0.0004922987690640373,0,0,0,1],"contentsRect":{"y":0,"x":0,"width":1,"height":1},"opacity":1,"edgeAntialiasingMask":15,"height":768,"hidden":false,"anchorPoint":{"pointX":0.5,"pointY":0.5}},"layers":[{"animations":[],"layers":[],"initialState":{"affineTransform":[1,0,0,1,0,0],"masksToBounds":false,"rotation":0,"scale":1,"position":{"pointX":512,"pointY":384},"width":1024,"sublayerTransform":[1,0,0,0,0,1,0,0,0,0,1,0,0,0,0,1],"contentsRect":{"y":0,"x":0,"width":1,"height":1},"opacity":1,"edgeAntialiasingMask":0,"height":768,"hidden":false,"anchorPoint":{"pointX":0.5,"pointY":0.5}},"texture":"2E0EFC2873F9BC26A27996DD1C8249FA"},{"animations":[{"from":{"scalar":false},"beginTime":0,"repeatCount":0,"fillMode":"both","property":"hidden","duration":0.01,"to":{"scalar":true}}],"layers":[],"initialState":{"affineTransform":[1,0,0,1,0,0],"masksToBounds":false,"rotation":0,"scale":1,"position":{"pointX":512,"pointY":384},"width":1024,"sublayerTransform":[1,0,0,0,0,1,0,0,0,0,1,0,0,0,0,1],"contentsRect":{"y":0,"x":0,"width":1,"height":1},"opacity":1,"edgeAntialiasingMask":0,"height":768,"hidden":false,"anchorPoint":{"pointX":0.5,"pointY":0.5}},"texture":"E6CFEA9E9D43A5277D716EFFEF454FD8"}]}]},"effects":[],"duration":0.01,"type":"transition","name":"none","objectID":"0"}],"automaticPlay":false,"hyperlinks":[],"accessibility":[{"text":"What is 程序鹅?","targetRectangle":{"y":616.825927734375,"x":262.5751953125,"width":372.216796875,"height":60}},{"text":"qqicon-yz.png","targetRectangle":{"y":584.0111694335938,"x":657.6214599609375,"width":79.4083251953125,"height":87.62942504882812}},{"text":"程序鹅进化图片副本.png","targetRectangle":{"y":69.96434211730957,"x":257.9375145608628,"width":496.1368268728256,"height":441.6992892026901}}],"baseLayer":{"animations":[],"initialState":{"affineTransform":[1,0,0,1,0,0],"masksToBounds":true,"rotation":0,"scale":1,"position":{"pointX":512,"pointY":384},"width":1024,"sublayerTransform":[1,0,0,0,0,1,0,0,0,0,1,0,0,0,0,1],"contentsRect":{"y":0,"x":0,"width":1,"height":1},"opacity":1,"edgeAntialiasingMask":0,"height":768,"hidden":false,"anchorPoint":{"pointX":0.5,"pointY":0.5}},"objectID":"0","layers":[{"animations":[],"initialState":{"affineTransform":[1,0,0,1,0,0],"masksToBounds":false,"rotation":0,"scale":1,"position":{"pointX":512,"pointY":384},"width":1024,"sublayerTransform":[1,0,0,0,0,1,0,0,0,0,1,-0.0004922987690640373,0,0,0,1],"contentsRect":{"y":0,"x":0,"width":1,"height":1},"opacity":1,"edgeAntialiasingMask":15,"height":768,"hidden":false,"anchorPoint":{"pointX":0.5,"pointY":0.5}},"layers":[{"animations":[],"layers":[],"initialState":{"affineTransform":[1,0,0,1,0,0],"masksToBounds":false,"rotation":0,"scale":1,"position":{"pointX":512,"pointY":384},"width":1024,"sublayerTransform":[1,0,0,0,0,1,0,0,0,0,1,0,0,0,0,1],"contentsRect":{"y":0,"x":0,"width":1,"height":1},"opacity":1,"edgeAntialiasingMask":0,"height":768,"hidden":false,"anchorPoint":{"pointX":0.5,"pointY":0.5}},"texture":"E6CFEA9E9D43A5277D716EFFEF454FD8"}]}]}}]}