{"assets":{"A53D2C27076EF486091C847DEEC45DFE":{"type":"texture","index":45,"assetRequest":{"byGlyphStyle":0,"deliveryStyle":106,"chunkIndex":0,"type":"chunk","chunkCount":8,"stageIndex":3,"stageCount":4},"url":"assets/A53D2C27076EF486091C847DEEC45DFE.svg","width":49,"height":254},"E60C42D2825805815FA3E950D1EEF997":{"type":"texture","index":46,"assetRequest":{"stageIndex":2,"stageCount":4,"chunkIndex":1,"type":"final","chunkCount":8},"url":"assets/E60C42D2825805815FA3E950D1EEF997.svg","width":115,"height":147},"FBE49B88E29D90084BBA398135EF6424":{"type":"texture","index":48,"assetRequest":{"stageIndex":3,"stageCount":5,"chunkIndex":1,"type":"final","chunkCount":8},"url":"assets/FBE49B88E29D90084BBA398135EF6424.svg","width":179,"height":254},"81FAC367B25E6254F5425BA7D782B644":{"type":"texture","index":49,"assetRequest":{"byGlyphStyle":0,"deliveryStyle":106,"chunkIndex":0,"type":"chunk","chunkCount":8,"stageIndex":5,"stageCount":6},"url":"assets/81FAC367B25E6254F5425BA7D782B644.svg","width":49,"height":249},"B8E5E887179DB646836ED25CF113E2AF":{"type":"texture","index":40,"assetRequest":{"type":"slide","state":"contents","slide":"CCB8DF5E-5861-4C9A-9AE9-87B3DD27942B"},"url":"assets/B8E5E887179DB646836ED25CF113E2AF.svg","width":571,"height":410},"701D419E8A12FB239F502C331622043C":{"type":"texture","index":50,"assetRequest":{"stageIndex":4,"stageCount":6,"chunkIndex":1,"type":"final","chunkCount":8},"url":"assets/701D419E8A12FB239F502C331622043C.svg","width":244,"height":338},"498E23C82CA78A4BCD7BA88E5243B6FC":{"type":"texture","index":38,"assetRequest":{"type":"slide","state":"contents","slide":"CCB8DF5E-5861-4C9A-9AE9-87B3DD27942B"},"url":"assets/498E23C82CA78A4BCD7BA88E5243B6FC.svg","width":1024,"height":768},"D515493CBB57C23E5C5E1080D040147E":{"type":"texture","index":47,"assetRequest":{"byGlyphStyle":0,"deliveryStyle":106,"chunkIndex":0,"type":"chunk","chunkCount":8,"stageIndex":4,"stageCount":5},"url":"assets/D515493CBB57C23E5C5E1080D040147E.svg","width":49,"height":338},"80681D35F5BCD47AD113145D02134CF9":{"type":"texture","index":44,"assetRequest":{"byGlyphStyle":0,"deliveryStyle":106,"chunkIndex":0,"type":"chunk","chunkCount":8,"stageIndex":2,"stageCount":3},"url":"assets/80681D35F5BCD47AD113145D02134CF9.svg","width":50,"height":142},"0D2845BEEFA15902C502DAB52C2E8907":{"type":"texture","index":52,"assetRequest":{"stageIndex":5,"stageCount":7,"chunkIndex":1,"type":"final","chunkCount":8},"url":"assets/0D2845BEEFA15902C502DAB52C2E8907.svg","width":309,"height":338},"C8DED17E78343895C13216D0D10F2609":{"type":"texture","index":41,"assetRequest":{"type":"slide","state":"contents","slide":"CCB8DF5E-5861-4C9A-9AE9-87B3DD27942B"},"url":"assets/C8DED17E78343895C13216D0D10F2609.svg","width":155,"height":59},"FD003DA77D3F2FB0AE3B6AF62F018BB7":{"type":"texture","index":53,"assetRequest":{"byGlyphStyle":0,"deliveryStyle":106,"chunkIndex":0,"type":"chunk","chunkCount":8,"stageIndex":7,"stageCount":8},"url":"assets/FD003DA77D3F2FB0AE3B6AF62F018BB7.svg","width":50,"height":266},"4F45ABCADDF210F1C4C8C43FB5BB01DE":{"type":"texture","index":54,"assetRequest":{"stageIndex":6,"stageCount":8,"chunkIndex":1,"type":"final","chunkCount":8},"url":"assets/4F45ABCADDF210F1C4C8C43FB5BB01DE.svg","width":374,"height":338},"A9F55C1328E5EF06E48D8539FD78FF90":{"type":"texture","index":55,"assetRequest":{"type":"slide","state":"outgoing","slide":"CCB8DF5E-5861-4C9A-9AE9-87B3DD27942B"},"url":"assets/A9F55C1328E5EF06E48D8539FD78FF90.png","width":1024,"height":768},"0C74A0DB9264F1DB4CB869A811E63D06":{"type":"texture","index":43,"assetRequest":{"byGlyphStyle":0,"deliveryStyle":106,"chunkIndex":0,"type":"chunk","chunkCount":8,"stageIndex":1,"stageCount":2},"url":"assets/0C74A0DB9264F1DB4CB869A811E63D06.svg","width":50,"height":147},"68AEE63F19F849D2E9B681496EAC3926":{"type":"texture","index":42,"assetRequest":{"type":"slide","state":"contents","slide":"CCB8DF5E-5861-4C9A-9AE9-87B3DD27942B"},"url":"assets/68AEE63F19F849D2E9B681496EAC3926.png","width":112,"height":15},"40E123EB54A6E8728DA7FFEE45A0F2EB":{"type":"texture","index":51,"assetRequest":{"byGlyphStyle":0,"deliveryStyle":106,"chunkIndex":0,"type":"chunk","chunkCount":8,"stageIndex":6,"stageCount":7},"url":"assets/40E123EB54A6E8728DA7FFEE45A0F2EB.svg","width":49,"height":284},"B653533AED4AB9EA9F84220C92BE2526":{"type":"texture","index":39,"assetRequest":{"type":"slide","state":"contents","slide":"CCB8DF5E-5861-4C9A-9AE9-87B3DD27942B"},"url":"assets/B653533AED4AB9EA9F84220C92BE2526.png","width":575,"height":50},"0C49ADBC8928BE5F28886BDAA38E2457":{"type":"texture","index":56,"assetRequest":{"type":"slide","state":"incoming","slide":"C950389C-F737-4B72-8391-8DB1808D8875"},"url":"assets/0C49ADBC8928BE5F28886BDAA38E2457.png","width":1024,"height":768}},"events":[{"effects":[{"beginTime":0,"baseLayer":{"animations":[],"initialState":{"affineTransform":[1,0,0,1,0,0],"masksToBounds":false,"rotation":0,"scale":1,"position":{"pointX":496.5086596679687,"pointY":364.20703125},"width":568.4843896484375,"sublayerTransform":[1,0,0,0,0,1,0,0,0,0,1,0,0,0,0,1],"contentsRect":{"y":0,"x":0,"width":1,"height":1},"opacity":1,"edgeAntialiasingMask":15,"height":406.7940063476562,"hidden":false,"anchorPoint":{"pointX":0.5,"pointY":0.5}},"objectID":"533A57EF-3535-42E8-8E9B-5DBB178B8CB1","layers":[{"animations":[],"initialState":{"affineTransform":[1,0,0,1,0,0],"masksToBounds":false,"rotation":0,"scale":1,"position":{"pointX":299.73353515625,"pointY":223.1899719238281},"width":568.4843896484375,"sublayerTransform":[1,0,0,0,0,1,0,0,0,0,1,-0.0004922987690640373,0,0,0,1],"contentsRect":{"y":0,"x":0,"width":1,"height":1},"opacity":1,"edgeAntialiasingMask":15,"height":406.7940063476562,"hidden":false,"anchorPoint":{"pointX":0.5272502475250225,"pointY":0.5486559989605265}},"layers":[{"animations":[{"repeatCount":0,"animations":[{"timingFunctions":[{"timingFunction":"custom","timingControlPoint1y":0.09829729050397873,"timingControlPoint2x":0.8997974395751953,"timingControlPoint1x":0.3006462454795837,"timingControlPoint2y":0.5973872542381287},{"timingFunction":"custom","timingControlPoint1y":0.873240053653717,"timingControlPoint2x":0.7058159708976746,"timingControlPoint1x":0.4557388126850128,"timingControlPoint2y":1},{"timingFunction":"custom","timingControlPoint1y":0.09829729050397873,"timingControlPoint2x":0.8997974395751953,"timingControlPoint1x":0.3006462454795837,"timingControlPoint2y":0.5973872542381287}],"values":[{"scalar":-569},{"scalar":0},{"scalar":-92.82798134876552},{"scalar":0}],"beginTime":0,"repeatCount":0,"keyTimes":[0,0.3333333333333333,0.6666666666666665,1],"property":"transform.translation.y","fillMode":"removed","duration":0.5},{"from":{"scalar":false},"beginTime":0.0001,"repeatCount":0,"fillMode":"forwards","property":"hidden","duration":0.4999,"to":{"scalar":false}}],"beginTime":1e-100,"fillMode":"both","duration":0.5}],"layers":[],"initialState":{"affineTransform":[1,0,0,1,0,0],"masksToBounds":false,"rotation":0,"scale":1,"position":{"pointX":284.23353515625,"pointY":203.1899719238281},"width":571,"sublayerTransform":[1,0,0,0,0,1,0,0,0,0,1,0,0,0,0,1],"contentsRect":{"y":0,"x":0,"width":1,"height":1},"opacity":1,"edgeAntialiasingMask":0,"height":410,"hidden":true,"anchorPoint":{"pointX":0.5,"pointY":0.5}},"texture":"B8E5E887179DB646836ED25CF113E2AF"}]}]},"effects":[{"beginTime":0,"baseLayer":{"animations":[],"initialState":{"affineTransform":[1,0,0,1,0,0],"masksToBounds":false,"rotation":0,"scale":1,"position":{"pointX":496.5086596679687,"pointY":364.20703125},"width":568.4843896484375,"sublayerTransform":[1,0,0,0,0,1,0,0,0,0,1,0,0,0,0,1],"contentsRect":{"y":0,"x":0,"width":1,"height":1},"opacity":1,"edgeAntialiasingMask":15,"height":406.7940063476562,"hidden":false,"anchorPoint":{"pointX":0.5,"pointY":0.5}},"objectID":"533A57EF-3535-42E8-8E9B-5DBB178B8CB1","layers":[{"animations":[],"layers":[],"initialState":{"affineTransform":[1,0,0,1,0,0],"masksToBounds":false,"rotation":0,"scale":1,"position":{"pointX":284.23353515625,"pointY":203.1899719238281},"width":571,"sublayerTransform":[1,0,0,0,0,1,0,0,0,0,1,0,0,0,0,1],"contentsRect":{"y":0,"x":0,"width":1,"height":1},"opacity":1,"edgeAntialiasingMask":0,"height":410,"hidden":false,"anchorPoint":{"pointX":0.5,"pointY":0.5}},"texture":"B8E5E887179DB646836ED25CF113E2AF"},{"animations":[],"initialState":{"affineTransform":[1,0,0,1,0,0],"masksToBounds":false,"rotation":0,"scale":1,"position":{"pointX":299.73353515625,"pointY":223.1899719238281},"width":568.4843896484375,"sublayerTransform":[1,0,0,0,0,1,0,0,0,0,1,-0.0004922987690640373,0,0,0,1],"contentsRect":{"y":0,"x":0,"width":1,"height":1},"opacity":1,"edgeAntialiasingMask":15,"height":406.7940063476562,"hidden":false,"anchorPoint":{"pointX":0.5272502475250225,"pointY":0.5486559989605265}},"layers":[{"animations":[{"repeatCount":0,"animations":[{"timingFunctions":[{"timingFunction":"custom","timingControlPoint1y":0.09829729050397873,"timingControlPoint2x":0.8997974395751953,"timingControlPoint1x":0.3006462454795837,"timingControlPoint2y":0.5973872542381287},{"timingFunction":"custom","timingControlPoint1y":0.873240053653717,"timingControlPoint2x":0.7058159708976746,"timingControlPoint1x":0.4557388126850128,"timingControlPoint2y":1},{"timingFunction":"custom","timingControlPoint1y":0.09829729050397873,"timingControlPoint2x":0.8997974395751953,"timingControlPoint1x":0.3006462454795837,"timingControlPoint2y":0.5973872542381287}],"values":[{"scalar":-537},{"scalar":0},{"scalar":-87.60742703741138},{"scalar":0}],"beginTime":0,"repeatCount":0,"keyTimes":[0,0.3333333333333333,0.6666666666666665,1],"property":"transform.translation.y","fillMode":"removed","duration":0.5},{"from":{"scalar":false},"beginTime":0.0001,"repeatCount":0,"fillMode":"forwards","property":"hidden","duration":0.4999,"to":{"scalar":false}}],"beginTime":1e-100,"fillMode":"both","duration":0.5}],"layers":[],"initialState":{"affineTransform":[1,0,0,1,0,0],"masksToBounds":false,"rotation":0,"scale":1,"position":{"pointX":81.73353515625001,"pointY":302.6899719238281},"width":50,"sublayerTransform":[1,0,0,0,0,1,0,0,0,0,1,0,0,0,0,1],"contentsRect":{"y":0,"x":0,"width":1,"height":1},"opacity":1,"edgeAntialiasingMask":0,"height":147,"hidden":true,"anchorPoint":{"pointX":0.5,"pointY":0.5}},"texture":"0C74A0DB9264F1DB4CB869A811E63D06"}]}]},"effects":[{"beginTime":0,"baseLayer":{"animations":[],"initialState":{"affineTransform":[1,0,0,1,0,0],"masksToBounds":false,"rotation":0,"scale":1,"position":{"pointX":496.5086596679687,"pointY":364.20703125},"width":568.4843896484375,"sublayerTransform":[1,0,0,0,0,1,0,0,0,0,1,0,0,0,0,1],"contentsRect":{"y":0,"x":0,"width":1,"height":1},"opacity":1,"edgeAntialiasingMask":15,"height":406.7940063476562,"hidden":false,"anchorPoint":{"pointX":0.5,"pointY":0.5}},"objectID":"533A57EF-3535-42E8-8E9B-5DBB178B8CB1","layers":[{"animations":[],"layers":[],"initialState":{"affineTransform":[1,0,0,1,0,0],"masksToBounds":false,"rotation":0,"scale":1,"position":{"pointX":284.23353515625,"pointY":203.1899719238281},"width":571,"sublayerTransform":[1,0,0,0,0,1,0,0,0,0,1,0,0,0,0,1],"contentsRect":{"y":0,"x":0,"width":1,"height":1},"opacity":1,"edgeAntialiasingMask":0,"height":410,"hidden":false,"anchorPoint":{"pointX":0.5,"pointY":0.5}},"texture":"B8E5E887179DB646836ED25CF113E2AF"},{"animations":[],"initialState":{"affineTransform":[1,0,0,1,0,0],"masksToBounds":false,"rotation":0,"scale":1,"position":{"pointX":299.73353515625,"pointY":223.1899719238281},"width":568.4843896484375,"sublayerTransform":[1,0,0,0,0,1,0,0,0,0,1,-0.0004922987690640373,0,0,0,1],"contentsRect":{"y":0,"x":0,"width":1,"height":1},"opacity":1,"edgeAntialiasingMask":15,"height":406.7940063476562,"hidden":false,"anchorPoint":{"pointX":0.5272502475250225,"pointY":0.5486559989605265}},"layers":[{"animations":[{"repeatCount":0,"animations":[{"timingFunctions":[{"timingFunction":"custom","timingControlPoint1y":0.09829729050397873,"timingControlPoint2x":0.8997974395751953,"timingControlPoint1x":0.3006462454795837,"timingControlPoint2y":0.5973872542381287},{"timingFunction":"custom","timingControlPoint1y":0.873240053653717,"timingControlPoint2x":0.7058159708976746,"timingControlPoint1x":0.4557388126850128,"timingControlPoint2y":1},{"timingFunction":"custom","timingControlPoint1y":0.09829729050397873,"timingControlPoint2x":0.8997974395751953,"timingControlPoint1x":0.3006462454795837,"timingControlPoint2y":0.5973872542381287}],"values":[{"scalar":-537},{"scalar":0},{"scalar":-87.60742703741138},{"scalar":0}],"beginTime":0,"repeatCount":0,"keyTimes":[0,0.3333333333333333,0.6666666666666665,1],"property":"transform.translation.y","fillMode":"removed","duration":0.5},{"from":{"scalar":false},"beginTime":0.0001,"repeatCount":0,"fillMode":"forwards","property":"hidden","duration":0.4999,"to":{"scalar":false}}],"beginTime":1e-100,"fillMode":"both","duration":0.5}],"layers":[],"initialState":{"affineTransform":[1,0,0,1,0,0],"masksToBounds":false,"rotation":0,"scale":1,"position":{"pointX":146.73353515625,"pointY":305.1899719238281},"width":50,"sublayerTransform":[1,0,0,0,0,1,0,0,0,0,1,0,0,0,0,1],"contentsRect":{"y":0,"x":0,"width":1,"height":1},"opacity":1,"edgeAntialiasingMask":0,"height":142,"hidden":true,"anchorPoint":{"pointX":0.5,"pointY":0.5}},"texture":"80681D35F5BCD47AD113145D02134CF9"}]},{"animations":[],"layers":[],"initialState":{"affineTransform":[1,0,0,1,0,0],"masksToBounds":false,"rotation":0,"scale":1,"position":{"pointX":81.73353515625001,"pointY":302.6899719238281},"width":50,"sublayerTransform":[1,0,0,0,0,1,0,0,0,0,1,0,0,0,0,1],"contentsRect":{"y":0,"x":0,"width":1,"height":1},"opacity":1,"edgeAntialiasingMask":0,"height":147,"hidden":false,"anchorPoint":{"pointX":0.5,"pointY":0.5}},"texture":"0C74A0DB9264F1DB4CB869A811E63D06"}]},"effects":[{"beginTime":0,"baseLayer":{"animations":[],"initialState":{"affineTransform":[1,0,0,1,0,0],"masksToBounds":false,"rotation":0,"scale":1,"position":{"pointX":496.5086596679687,"pointY":364.20703125},"width":568.4843896484375,"sublayerTransform":[1,0,0,0,0,1,0,0,0,0,1,0,0,0,0,1],"contentsRect":{"y":0,"x":0,"width":1,"height":1},"opacity":1,"edgeAntialiasingMask":15,"height":406.7940063476562,"hidden":false,"anchorPoint":{"pointX":0.5,"pointY":0.5}},"objectID":"533A57EF-3535-42E8-8E9B-5DBB178B8CB1","layers":[{"animations":[],"layers":[],"initialState":{"affineTransform":[1,0,0,1,0,0],"masksToBounds":false,"rotation":0,"scale":1,"position":{"pointX":284.23353515625,"pointY":203.1899719238281},"width":571,"sublayerTransform":[1,0,0,0,0,1,0,0,0,0,1,0,0,0,0,1],"contentsRect":{"y":0,"x":0,"width":1,"height":1},"opacity":1,"edgeAntialiasingMask":0,"height":410,"hidden":false,"anchorPoint":{"pointX":0.5,"pointY":0.5}},"texture":"B8E5E887179DB646836ED25CF113E2AF"},{"animations":[],"initialState":{"affineTransform":[1,0,0,1,0,0],"masksToBounds":false,"rotation":0,"scale":1,"position":{"pointX":299.73353515625,"pointY":223.1899719238281},"width":568.4843896484375,"sublayerTransform":[1,0,0,0,0,1,0,0,0,0,1,-0.0004922987690640373,0,0,0,1],"contentsRect":{"y":0,"x":0,"width":1,"height":1},"opacity":1,"edgeAntialiasingMask":15,"height":406.7940063476562,"hidden":false,"anchorPoint":{"pointX":0.5272502475250225,"pointY":0.5486559989605265}},"layers":[{"animations":[{"repeatCount":0,"animations":[{"timingFunctions":[{"timingFunction":"custom","timingControlPoint1y":0.09829729050397873,"timingControlPoint2x":0.8997974395751953,"timingControlPoint1x":0.3006462454795837,"timingControlPoint2y":0.5973872542381287},{"timingFunction":"custom","timingControlPoint1y":0.873240053653717,"timingControlPoint2x":0.7058159708976746,"timingControlPoint1x":0.4557388126850128,"timingControlPoint2y":1},{"timingFunction":"custom","timingControlPoint1y":0.09829729050397873,"timingControlPoint2x":0.8997974395751953,"timingControlPoint1x":0.3006462454795837,"timingControlPoint2y":0.5973872542381287}],"values":[{"scalar":-537},{"scalar":0},{"scalar":-87.60742703741138},{"scalar":0}],"beginTime":0,"repeatCount":0,"keyTimes":[0,0.3333333333333333,0.6666666666666665,1],"property":"transform.translation.y","fillMode":"removed","duration":0.5},{"from":{"scalar":false},"beginTime":0.0001,"repeatCount":0,"fillMode":"forwards","property":"hidden","duration":0.4999,"to":{"scalar":false}}],"beginTime":1e-100,"fillMode":"both","duration":0.5}],"layers":[],"initialState":{"affineTransform":[1,0,0,1,0,0],"masksToBounds":false,"rotation":0,"scale":1,"position":{"pointX":211.23353515625,"pointY":249.1899719238281},"width":49,"sublayerTransform":[1,0,0,0,0,1,0,0,0,0,1,0,0,0,0,1],"contentsRect":{"y":0,"x":0,"width":1,"height":1},"opacity":1,"edgeAntialiasingMask":0,"height":254,"hidden":true,"anchorPoint":{"pointX":0.5,"pointY":0.5}},"texture":"A53D2C27076EF486091C847DEEC45DFE"}]},{"animations":[],"layers":[],"initialState":{"affineTransform":[1,0,0,1,0,0],"masksToBounds":false,"rotation":0,"scale":1,"position":{"pointX":114.23353515625,"pointY":302.6899719238281},"width":115,"sublayerTransform":[1,0,0,0,0,1,0,0,0,0,1,0,0,0,0,1],"contentsRect":{"y":0,"x":0,"width":1,"height":1},"opacity":1,"edgeAntialiasingMask":0,"height":147,"hidden":false,"anchorPoint":{"pointX":0.5,"pointY":0.5}},"texture":"E60C42D2825805815FA3E950D1EEF997"}]},"effects":[{"beginTime":0,"baseLayer":{"animations":[],"initialState":{"affineTransform":[1,0,0,1,0,0],"masksToBounds":false,"rotation":0,"scale":1,"position":{"pointX":496.5086596679687,"pointY":364.20703125},"width":568.4843896484375,"sublayerTransform":[1,0,0,0,0,1,0,0,0,0,1,0,0,0,0,1],"contentsRect":{"y":0,"x":0,"width":1,"height":1},"opacity":1,"edgeAntialiasingMask":15,"height":406.7940063476562,"hidden":false,"anchorPoint":{"pointX":0.5,"pointY":0.5}},"objectID":"533A57EF-3535-42E8-8E9B-5DBB178B8CB1","layers":[{"animations":[],"layers":[],"initialState":{"affineTransform":[1,0,0,1,0,0],"masksToBounds":false,"rotation":0,"scale":1,"position":{"pointX":284.23353515625,"pointY":203.1899719238281},"width":571,"sublayerTransform":[1,0,0,0,0,1,0,0,0,0,1,0,0,0,0,1],"contentsRect":{"y":0,"x":0,"width":1,"height":1},"opacity":1,"edgeAntialiasingMask":0,"height":410,"hidden":false,"anchorPoint":{"pointX":0.5,"pointY":0.5}},"texture":"B8E5E887179DB646836ED25CF113E2AF"},{"animations":[],"initialState":{"affineTransform":[1,0,0,1,0,0],"masksToBounds":false,"rotation":0,"scale":1,"position":{"pointX":299.73353515625,"pointY":223.1899719238281},"width":568.4843896484375,"sublayerTransform":[1,0,0,0,0,1,0,0,0,0,1,-0.0004922987690640373,0,0,0,1],"contentsRect":{"y":0,"x":0,"width":1,"height":1},"opacity":1,"edgeAntialiasingMask":15,"height":406.7940063476562,"hidden":false,"anchorPoint":{"pointX":0.5272502475250225,"pointY":0.5486559989605265}},"layers":[{"animations":[{"repeatCount":0,"animations":[{"timingFunctions":[{"timingFunction":"custom","timingControlPoint1y":0.09829729050397873,"timingControlPoint2x":0.8997974395751953,"timingControlPoint1x":0.3006462454795837,"timingControlPoint2y":0.5973872542381287},{"timingFunction":"custom","timingControlPoint1y":0.873240053653717,"timingControlPoint2x":0.7058159708976746,"timingControlPoint1x":0.4557388126850128,"timingControlPoint2y":1},{"timingFunction":"custom","timingControlPoint1y":0.09829729050397873,"timingControlPoint2x":0.8997974395751953,"timingControlPoint1x":0.3006462454795837,"timingControlPoint2y":0.5973872542381287}],"values":[{"scalar":-537},{"scalar":0},{"scalar":-87.60742703741138},{"scalar":0}],"beginTime":0,"repeatCount":0,"keyTimes":[0,0.3333333333333333,0.6666666666666665,1],"property":"transform.translation.y","fillMode":"removed","duration":0.5},{"from":{"scalar":false},"beginTime":0.0001,"repeatCount":0,"fillMode":"forwards","property":"hidden","duration":0.4999,"to":{"scalar":false}}],"beginTime":1e-100,"fillMode":"both","duration":0.5}],"layers":[],"initialState":{"affineTransform":[1,0,0,1,0,0],"masksToBounds":false,"rotation":0,"scale":1,"position":{"pointX":276.23353515625,"pointY":207.1899719238281},"width":49,"sublayerTransform":[1,0,0,0,0,1,0,0,0,0,1,0,0,0,0,1],"contentsRect":{"y":0,"x":0,"width":1,"height":1},"opacity":1,"edgeAntialiasingMask":0,"height":338,"hidden":true,"anchorPoint":{"pointX":0.5,"pointY":0.5}},"texture":"D515493CBB57C23E5C5E1080D040147E"}]},{"animations":[],"layers":[],"initialState":{"affineTransform":[1,0,0,1,0,0],"masksToBounds":false,"rotation":0,"scale":1,"position":{"pointX":146.23353515625,"pointY":249.1899719238281},"width":179,"sublayerTransform":[1,0,0,0,0,1,0,0,0,0,1,0,0,0,0,1],"contentsRect":{"y":0,"x":0,"width":1,"height":1},"opacity":1,"edgeAntialiasingMask":0,"height":254,"hidden":false,"anchorPoint":{"pointX":0.5,"pointY":0.5}},"texture":"FBE49B88E29D90084BBA398135EF6424"}]},"effects":[{"beginTime":0,"baseLayer":{"animations":[],"initialState":{"affineTransform":[1,0,0,1,0,0],"masksToBounds":false,"rotation":0,"scale":1,"position":{"pointX":496.5086596679687,"pointY":364.20703125},"width":568.4843896484375,"sublayerTransform":[1,0,0,0,0,1,0,0,0,0,1,0,0,0,0,1],"contentsRect":{"y":0,"x":0,"width":1,"height":1},"opacity":1,"edgeAntialiasingMask":15,"height":406.7940063476562,"hidden":false,"anchorPoint":{"pointX":0.5,"pointY":0.5}},"objectID":"533A57EF-3535-42E8-8E9B-5DBB178B8CB1","layers":[{"animations":[],"layers":[],"initialState":{"affineTransform":[1,0,0,1,0,0],"masksToBounds":false,"rotation":0,"scale":1,"position":{"pointX":284.23353515625,"pointY":203.1899719238281},"width":571,"sublayerTransform":[1,0,0,0,0,1,0,0,0,0,1,0,0,0,0,1],"contentsRect":{"y":0,"x":0,"width":1,"height":1},"opacity":1,"edgeAntialiasingMask":0,"height":410,"hidden":false,"anchorPoint":{"pointX":0.5,"pointY":0.5}},"texture":"B8E5E887179DB646836ED25CF113E2AF"},{"animations":[],"initialState":{"affineTransform":[1,0,0,1,0,0],"masksToBounds":false,"rotation":0,"scale":1,"position":{"pointX":299.73353515625,"pointY":223.1899719238281},"width":568.4843896484375,"sublayerTransform":[1,0,0,0,0,1,0,0,0,0,1,-0.0004922987690640373,0,0,0,1],"contentsRect":{"y":0,"x":0,"width":1,"height":1},"opacity":1,"edgeAntialiasingMask":15,"height":406.7940063476562,"hidden":false,"anchorPoint":{"pointX":0.5272502475250225,"pointY":0.5486559989605265}},"layers":[{"animations":[{"repeatCount":0,"animations":[{"timingFunctions":[{"timingFunction":"custom","timingControlPoint1y":0.09829729050397873,"timingControlPoint2x":0.8997974395751953,"timingControlPoint1x":0.3006462454795837,"timingControlPoint2y":0.5973872542381287},{"timingFunction":"custom","timingControlPoint1y":0.873240053653717,"timingControlPoint2x":0.7058159708976746,"timingControlPoint1x":0.4557388126850128,"timingControlPoint2y":1},{"timingFunction":"custom","timingControlPoint1y":0.09829729050397873,"timingControlPoint2x":0.8997974395751953,"timingControlPoint1x":0.3006462454795837,"timingControlPoint2y":0.5973872542381287}],"values":[{"scalar":-537},{"scalar":0},{"scalar":-87.60742703741138},{"scalar":0}],"beginTime":0,"repeatCount":0,"keyTimes":[0,0.3333333333333333,0.6666666666666665,1],"property":"transform.translation.y","fillMode":"removed","duration":0.5},{"from":{"scalar":false},"beginTime":0.0001,"repeatCount":0,"fillMode":"forwards","property":"hidden","duration":0.4999,"to":{"scalar":false}}],"beginTime":1e-100,"fillMode":"both","duration":0.5}],"layers":[],"initialState":{"affineTransform":[1,0,0,1,0,0],"masksToBounds":false,"rotation":0,"scale":1,"position":{"pointX":341.23353515625,"pointY":251.6899719238281},"width":49,"sublayerTransform":[1,0,0,0,0,1,0,0,0,0,1,0,0,0,0,1],"contentsRect":{"y":0,"x":0,"width":1,"height":1},"opacity":1,"edgeAntialiasingMask":0,"height":249,"hidden":true,"anchorPoint":{"pointX":0.5,"pointY":0.5}},"texture":"81FAC367B25E6254F5425BA7D782B644"}]},{"animations":[],"layers":[],"initialState":{"affineTransform":[1,0,0,1,0,0],"masksToBounds":false,"rotation":0,"scale":1,"position":{"pointX":178.73353515625,"pointY":207.1899719238281},"width":244,"sublayerTransform":[1,0,0,0,0,1,0,0,0,0,1,0,0,0,0,1],"contentsRect":{"y":0,"x":0,"width":1,"height":1},"opacity":1,"edgeAntialiasingMask":0,"height":338,"hidden":false,"anchorPoint":{"pointX":0.5,"pointY":0.5}},"texture":"701D419E8A12FB239F502C331622043C"}]},"effects":[{"beginTime":0,"baseLayer":{"animations":[],"initialState":{"affineTransform":[1,0,0,1,0,0],"masksToBounds":false,"rotation":0,"scale":1,"position":{"pointX":496.5086596679687,"pointY":364.20703125},"width":568.4843896484375,"sublayerTransform":[1,0,0,0,0,1,0,0,0,0,1,0,0,0,0,1],"contentsRect":{"y":0,"x":0,"width":1,"height":1},"opacity":1,"edgeAntialiasingMask":15,"height":406.7940063476562,"hidden":false,"anchorPoint":{"pointX":0.5,"pointY":0.5}},"objectID":"533A57EF-3535-42E8-8E9B-5DBB178B8CB1","layers":[{"animations":[],"layers":[],"initialState":{"affineTransform":[1,0,0,1,0,0],"masksToBounds":false,"rotation":0,"scale":1,"position":{"pointX":284.23353515625,"pointY":203.1899719238281},"width":571,"sublayerTransform":[1,0,0,0,0,1,0,0,0,0,1,0,0,0,0,1],"contentsRect":{"y":0,"x":0,"width":1,"height":1},"opacity":1,"edgeAntialiasingMask":0,"height":410,"hidden":false,"anchorPoint":{"pointX":0.5,"pointY":0.5}},"texture":"B8E5E887179DB646836ED25CF113E2AF"},{"animations":[],"initialState":{"affineTransform":[1,0,0,1,0,0],"masksToBounds":false,"rotation":0,"scale":1,"position":{"pointX":299.73353515625,"pointY":223.1899719238281},"width":568.4843896484375,"sublayerTransform":[1,0,0,0,0,1,0,0,0,0,1,-0.0004922987690640373,0,0,0,1],"contentsRect":{"y":0,"x":0,"width":1,"height":1},"opacity":1,"edgeAntialiasingMask":15,"height":406.7940063476562,"hidden":false,"anchorPoint":{"pointX":0.5272502475250225,"pointY":0.5486559989605265}},"layers":[{"animations":[{"repeatCount":0,"animations":[{"timingFunctions":[{"timingFunction":"custom","timingControlPoint1y":0.09829729050397873,"timingControlPoint2x":0.8997974395751953,"timingControlPoint1x":0.3006462454795837,"timingControlPoint2y":0.5973872542381287},{"timingFunction":"custom","timingControlPoint1y":0.873240053653717,"timingControlPoint2x":0.7058159708976746,"timingControlPoint1x":0.4557388126850128,"timingControlPoint2y":1},{"timingFunction":"custom","timingControlPoint1y":0.09829729050397873,"timingControlPoint2x":0.8997974395751953,"timingControlPoint1x":0.3006462454795837,"timingControlPoint2y":0.5973872542381287}],"values":[{"scalar":-537},{"scalar":0},{"scalar":-87.60742703741138},{"scalar":0}],"beginTime":0,"repeatCount":0,"keyTimes":[0,0.3333333333333333,0.6666666666666665,1],"property":"transform.translation.y","fillMode":"removed","duration":0.5},{"from":{"scalar":false},"beginTime":0.0001,"repeatCount":0,"fillMode":"forwards","property":"hidden","duration":0.4999,"to":{"scalar":false}}],"beginTime":1e-100,"fillMode":"both","duration":0.5}],"layers":[],"initialState":{"affineTransform":[1,0,0,1,0,0],"masksToBounds":false,"rotation":0,"scale":1,"position":{"pointX":406.23353515625,"pointY":234.1899719238281},"width":49,"sublayerTransform":[1,0,0,0,0,1,0,0,0,0,1,0,0,0,0,1],"contentsRect":{"y":0,"x":0,"width":1,"height":1},"opacity":1,"edgeAntialiasingMask":0,"height":284,"hidden":true,"anchorPoint":{"pointX":0.5,"pointY":0.5}},"texture":"40E123EB54A6E8728DA7FFEE45A0F2EB"}]},{"animations":[],"layers":[],"initialState":{"affineTransform":[1,0,0,1,0,0],"masksToBounds":false,"rotation":0,"scale":1,"position":{"pointX":211.23353515625,"pointY":207.1899719238281},"width":309,"sublayerTransform":[1,0,0,0,0,1,0,0,0,0,1,0,0,0,0,1],"contentsRect":{"y":0,"x":0,"width":1,"height":1},"opacity":1,"edgeAntialiasingMask":0,"height":338,"hidden":false,"anchorPoint":{"pointX":0.5,"pointY":0.5}},"texture":"0D2845BEEFA15902C502DAB52C2E8907"}]},"effects":[{"beginTime":0,"baseLayer":{"animations":[],"initialState":{"affineTransform":[1,0,0,1,0,0],"masksToBounds":false,"rotation":0,"scale":1,"position":{"pointX":496.5086596679687,"pointY":364.20703125},"width":568.4843896484375,"sublayerTransform":[1,0,0,0,0,1,0,0,0,0,1,0,0,0,0,1],"contentsRect":{"y":0,"x":0,"width":1,"height":1},"opacity":1,"edgeAntialiasingMask":15,"height":406.7940063476562,"hidden":false,"anchorPoint":{"pointX":0.5,"pointY":0.5}},"objectID":"533A57EF-3535-42E8-8E9B-5DBB178B8CB1","layers":[{"animations":[],"layers":[],"initialState":{"affineTransform":[1,0,0,1,0,0],"masksToBounds":false,"rotation":0,"scale":1,"position":{"pointX":284.23353515625,"pointY":203.1899719238281},"width":571,"sublayerTransform":[1,0,0,0,0,1,0,0,0,0,1,0,0,0,0,1],"contentsRect":{"y":0,"x":0,"width":1,"height":1},"opacity":1,"edgeAntialiasingMask":0,"height":410,"hidden":false,"anchorPoint":{"pointX":0.5,"pointY":0.5}},"texture":"B8E5E887179DB646836ED25CF113E2AF"},{"animations":[],"initialState":{"affineTransform":[1,0,0,1,0,0],"masksToBounds":false,"rotation":0,"scale":1,"position":{"pointX":299.73353515625,"pointY":223.1899719238281},"width":568.4843896484375,"sublayerTransform":[1,0,0,0,0,1,0,0,0,0,1,-0.0004922987690640373,0,0,0,1],"contentsRect":{"y":0,"x":0,"width":1,"height":1},"opacity":1,"edgeAntialiasingMask":15,"height":406.7940063476562,"hidden":false,"anchorPoint":{"pointX":0.5272502475250225,"pointY":0.5486559989605265}},"layers":[{"animations":[{"repeatCount":0,"animations":[{"timingFunctions":[{"timingFunction":"custom","timingControlPoint1y":0.09829729050397873,"timingControlPoint2x":0.8997974395751953,"timingControlPoint1x":0.3006462454795837,"timingControlPoint2y":0.5973872542381287},{"timingFunction":"custom","timingControlPoint1y":0.873240053653717,"timingControlPoint2x":0.7058159708976746,"timingControlPoint1x":0.4557388126850128,"timingControlPoint2y":1},{"timingFunction":"custom","timingControlPoint1y":0.09829729050397873,"timingControlPoint2x":0.8997974395751953,"timingControlPoint1x":0.3006462454795837,"timingControlPoint2y":0.5973872542381287}],"values":[{"scalar":-537},{"scalar":0},{"scalar":-87.60742703741138},{"scalar":0}],"beginTime":0,"repeatCount":0,"keyTimes":[0,0.3333333333333333,0.6666666666666665,1],"property":"transform.translation.y","fillMode":"removed","duration":0.5},{"from":{"scalar":false},"beginTime":0.0001,"repeatCount":0,"fillMode":"forwards","property":"hidden","duration":0.4999,"to":{"scalar":false}}],"beginTime":1e-100,"fillMode":"both","duration":0.5}],"layers":[],"initialState":{"affineTransform":[1,0,0,1,0,0],"masksToBounds":false,"rotation":0,"scale":1,"position":{"pointX":470.73353515625,"pointY":243.1899719238281},"width":50,"sublayerTransform":[1,0,0,0,0,1,0,0,0,0,1,0,0,0,0,1],"contentsRect":{"y":0,"x":0,"width":1,"height":1},"opacity":1,"edgeAntialiasingMask":0,"height":266,"hidden":true,"anchorPoint":{"pointX":0.5,"pointY":0.5}},"texture":"FD003DA77D3F2FB0AE3B6AF62F018BB7"}]},{"animations":[],"layers":[],"initialState":{"affineTransform":[1,0,0,1,0,0],"masksToBounds":false,"rotation":0,"scale":1,"position":{"pointX":243.73353515625,"pointY":207.1899719238281},"width":374,"sublayerTransform":[1,0,0,0,0,1,0,0,0,0,1,0,0,0,0,1],"contentsRect":{"y":0,"x":0,"width":1,"height":1},"opacity":1,"edgeAntialiasingMask":0,"height":338,"hidden":false,"anchorPoint":{"pointX":0.5,"pointY":0.5}},"texture":"4F45ABCADDF210F1C4C8C43FB5BB01DE"}]},"effects":[{"beginTime":0,"baseLayer":{"animations":[],"initialState":{"affineTransform":[1,0,0,1,0,0],"masksToBounds":false,"rotation":0,"scale":1,"position":{"pointX":520.9386520385742,"pointY":630.1619491577148},"width":148.1098480224609,"sublayerTransform":[1,0,0,0,0,1,0,0,0,0,1,0,0,0,0,1],"contentsRect":{"y":0,"x":0,"width":1,"height":1},"opacity":1,"edgeAntialiasingMask":15,"height":56.72538757324219,"hidden":false,"anchorPoint":{"pointX":0.5,"pointY":0.5}},"objectID":"5F444C63-A86F-4365-AD5E-3E0451490388","layers":[{"animations":[],"initialState":{"affineTransform":[1,0,0,1,0,0],"masksToBounds":false,"rotation":0,"scale":1,"position":{"pointX":65.11627197265625,"pointY":-217.7992553710938},"width":148.1098480224609,"sublayerTransform":[1,0,0,0,0,1,0,0,0,0,1,-0.0004922987690640373,0,0,0,1],"contentsRect":{"y":0,"x":0,"width":1,"height":1},"opacity":1,"edgeAntialiasingMask":15,"height":56.72538757324219,"hidden":false,"anchorPoint":{"pointX":0.4396484963159326,"pointY":-3.839537545510423}},"layers":[{"animations":[{"repeatCount":0,"animations":[{"from":{"scalar":0},"beginTime":0,"repeatCount":0,"fillMode":"both","property":"opacity","duration":1,"timingFunction":"easeInEaseOut","to":{"scalar":1}},{"from":{"scalar":false},"beginTime":0,"repeatCount":0,"fillMode":"forwards","property":"hidden","duration":1,"to":{"scalar":false}}],"beginTime":1e-100,"fillMode":"both","duration":1}],"layers":[],"initialState":{"affineTransform":[1,0,0,1,0,0],"masksToBounds":false,"rotation":0,"scale":1,"position":{"pointX":76.61627197265625,"pointY":28.70074462890625},"width":155,"sublayerTransform":[1,0,0,0,0,1,0,0,0,0,1,0,0,0,0,1],"contentsRect":{"y":0,"x":0,"width":1,"height":1},"opacity":1,"edgeAntialiasingMask":0,"height":59,"hidden":true,"anchorPoint":{"pointX":0.5,"pointY":0.5}},"texture":"C8DED17E78343895C13216D0D10F2609"}]}]},"effects":[],"duration":1,"type":"buildIn","name":"apple:dissolve","objectID":"5F444C63-A86F-4365-AD5E-3E0451490388"}],"duration":0.5,"type":"buildIn","name":"apple:dropbuild","objectID":"533A57EF-3535-42E8-8E9B-5DBB178B8CB1"}],"duration":0.5,"type":"buildIn","name":"apple:dropbuild","objectID":"533A57EF-3535-42E8-8E9B-5DBB178B8CB1"}],"duration":0.5,"type":"buildIn","name":"apple:dropbuild","objectID":"533A57EF-3535-42E8-8E9B-5DBB178B8CB1"}],"duration":0.5,"type":"buildIn","name":"apple:dropbuild","objectID":"533A57EF-3535-42E8-8E9B-5DBB178B8CB1"}],"duration":0.5,"type":"buildIn","name":"apple:dropbuild","objectID":"533A57EF-3535-42E8-8E9B-5DBB178B8CB1"}],"duration":0.5,"type":"buildIn","name":"apple:dropbuild","objectID":"533A57EF-3535-42E8-8E9B-5DBB178B8CB1"}],"duration":0.5,"type":"buildIn","name":"apple:dropbuild","objectID":"533A57EF-3535-42E8-8E9B-5DBB178B8CB1"}],"duration":0.5,"type":"buildIn","name":"apple:dropbuild","objectID":"533A57EF-3535-42E8-8E9B-5DBB178B8CB1"}],"automaticPlay":true,"hyperlinks":[],"accessibility":[{"text":"qqicon-yz.png","targetRectangle":{"y":602.3115612864494,"x":446.8837280273438,"width":31.97128295898438,"height":35.28125}},{"text":"Boy","targetRectangle":{"y":641.0123367607594,"x":453.3928700685501,"width":18.95299999999997,"height":13}},{"text":"qqicon-yz.png","targetRectangle":{"y":601.7992553710938,"x":535.4628372192383,"width":31.97788667277064,"height":35.28853619098663}},{"text":"Girl","targetRectangle":{"y":640.5246430039406,"x":542.1116483211517,"width":18.65999999999997,"height":14}},{"text":"* 不同BG的男女占比","targetRectangle":{"y":711.5000000596046,"x":888.6599702835083,"width":109.3440000000001,"height":14}},{"text":"程序鹅 生存环境 性别比例","targetRectangle":{"y":90,"x":79,"width":577.783203125,"height":60}}],"baseLayer":{"animations":[],"initialState":{"affineTransform":[1,0,0,1,0,0],"masksToBounds":true,"rotation":0,"scale":1,"position":{"pointX":512,"pointY":384},"width":1024,"sublayerTransform":[1,0,0,0,0,1,0,0,0,0,1,0,0,0,0,1],"contentsRect":{"y":0,"x":0,"width":1,"height":1},"opacity":1,"edgeAntialiasingMask":0,"height":768,"hidden":false,"anchorPoint":{"pointX":0.5,"pointY":0.5}},"layers":[{"animations":[],"initialState":{"affineTransform":[1,0,0,1,0,0],"masksToBounds":false,"rotation":0,"scale":1,"position":{"pointX":512,"pointY":384},"width":1024,"sublayerTransform":[1,0,0,0,0,1,0,0,0,0,1,0,0,0,0,1],"contentsRect":{"y":0,"x":0,"width":1,"height":1},"opacity":1,"edgeAntialiasingMask":15,"height":768,"hidden":false,"anchorPoint":{"pointX":0.5,"pointY":0.5}},"layers":[{"animations":[],"initialState":{"affineTransform":[1,0,0,1,0,0],"masksToBounds":false,"rotation":0,"scale":1,"position":{"pointX":512,"pointY":384},"width":1024,"sublayerTransform":[1,0,0,0,0,1,0,0,0,0,1,0,0,0,0,1],"contentsRect":{"y":0,"x":0,"width":1,"height":1},"opacity":1,"edgeAntialiasingMask":15,"height":768,"hidden":false,"anchorPoint":{"pointX":0.5,"pointY":0.5}},"layers":[{"animations":[],"layers":[],"initialState":{"affineTransform":[1,0,0,1,0,0],"masksToBounds":false,"rotation":0,"scale":1,"position":{"pointX":512,"pointY":384},"width":1024,"sublayerTransform":[1,0,0,0,0,1,0,0,0,0,1,0,0,0,0,1],"contentsRect":{"y":0,"x":0,"width":1,"height":1},"opacity":1,"edgeAntialiasingMask":0,"height":768,"hidden":false,"anchorPoint":{"pointX":0.5,"pointY":0.5}},"texture":"498E23C82CA78A4BCD7BA88E5243B6FC"}]}]},{"animations":[],"initialState":{"affineTransform":[1,0,0,1,0,0],"masksToBounds":false,"rotation":0,"scale":1,"position":{"pointX":512,"pointY":384},"width":1024,"sublayerTransform":[1,0,0,0,0,1,0,0,0,0,1,0,0,0,0,1],"contentsRect":{"y":0,"x":0,"width":1,"height":1},"opacity":1,"edgeAntialiasingMask":15,"height":768,"hidden":false,"anchorPoint":{"pointX":0.5,"pointY":0.5}},"layers":[{"animations":[],"initialState":{"affineTransform":[1,0,0,1,0,0],"masksToBounds":false,"rotation":0,"scale":1,"position":{"pointX":512,"pointY":120},"width":874,"sublayerTransform":[1,0,0,0,0,1,0,0,0,0,1,0,0,0,0,1],"contentsRect":{"y":0,"x":0,"width":1,"height":1},"opacity":1,"edgeAntialiasingMask":15,"height":170,"hidden":false,"anchorPoint":{"pointX":0.5,"pointY":0.5}},"objectID":"F64DA9C0-BE23-4950-BCAB-AF4D792496DB","layers":[{"animations":[],"layers":[],"initialState":{"affineTransform":[1,0,0,1,0,0],"masksToBounds":false,"rotation":0,"scale":1,"position":{"pointX":292.5,"pointY":86},"width":575,"sublayerTransform":[1,0,0,0,0,1,0,0,0,0,1,0,0,0,0,1],"contentsRect":{"y":0,"x":0,"width":1,"height":1},"opacity":1,"edgeAntialiasingMask":0,"height":50,"hidden":false,"anchorPoint":{"pointX":0.5,"pointY":0.5}},"texture":"B653533AED4AB9EA9F84220C92BE2526"}]}]},{"animations":[],"initialState":{"affineTransform":[1,0,0,1,0,0],"masksToBounds":false,"rotation":0,"scale":1,"position":{"pointX":512,"pointY":384},"width":1024,"sublayerTransform":[1,0,0,0,0,1,0,0,0,0,1,0,0,0,0,1],"contentsRect":{"y":0,"x":0,"width":1,"height":1},"opacity":1,"edgeAntialiasingMask":15,"height":768,"hidden":false,"anchorPoint":{"pointX":0.5,"pointY":0.5}},"layers":[{"animations":[],"initialState":{"affineTransform":[1,0,0,1,0,0],"masksToBounds":false,"rotation":0,"scale":1,"position":{"pointX":496.5086596679687,"pointY":364.20703125},"width":568.4843896484375,"sublayerTransform":[1,0,0,0,0,1,0,0,0,0,1,0,0,0,0,1],"contentsRect":{"y":0,"x":0,"width":1,"height":1},"opacity":1,"edgeAntialiasingMask":15,"height":406.7940063476562,"hidden":false,"anchorPoint":{"pointX":0.5,"pointY":0.5}},"objectID":"533A57EF-3535-42E8-8E9B-5DBB178B8CB1","layers":[{"animations":[],"layers":[],"initialState":{"affineTransform":[1,0,0,1,0,0],"masksToBounds":false,"rotation":0,"scale":1,"position":{"pointX":284.23353515625,"pointY":203.1899719238281},"width":571,"sublayerTransform":[1,0,0,0,0,1,0,0,0,0,1,0,0,0,0,1],"contentsRect":{"y":0,"x":0,"width":1,"height":1},"opacity":1,"edgeAntialiasingMask":0,"height":410,"hidden":true,"anchorPoint":{"pointX":0.5,"pointY":0.5}},"texture":"B8E5E887179DB646836ED25CF113E2AF"}]}]},{"animations":[],"initialState":{"affineTransform":[1,0,0,1,0,0],"masksToBounds":false,"rotation":0,"scale":1,"position":{"pointX":512,"pointY":384},"width":1024,"sublayerTransform":[1,0,0,0,0,1,0,0,0,0,1,0,0,0,0,1],"contentsRect":{"y":0,"x":0,"width":1,"height":1},"opacity":1,"edgeAntialiasingMask":15,"height":768,"hidden":false,"anchorPoint":{"pointX":0.5,"pointY":0.5}},"layers":[{"animations":[],"initialState":{"affineTransform":[1,0,0,1,0,0],"masksToBounds":false,"rotation":0,"scale":1,"position":{"pointX":520.9386520385742,"pointY":630.1619491577148},"width":148.1098480224609,"sublayerTransform":[1,0,0,0,0,1,0,0,0,0,1,0,0,0,0,1],"contentsRect":{"y":0,"x":0,"width":1,"height":1},"opacity":1,"edgeAntialiasingMask":15,"height":56.72538757324219,"hidden":false,"anchorPoint":{"pointX":0.5,"pointY":0.5}},"objectID":"5F444C63-A86F-4365-AD5E-3E0451490388","layers":[{"animations":[],"layers":[],"initialState":{"affineTransform":[1,0,0,1,0,0],"masksToBounds":false,"rotation":0,"scale":1,"position":{"pointX":76.61627197265625,"pointY":28.70074462890625},"width":155,"sublayerTransform":[1,0,0,0,0,1,0,0,0,0,1,0,0,0,0,1],"contentsRect":{"y":0,"x":0,"width":1,"height":1},"opacity":1,"edgeAntialiasingMask":0,"height":59,"hidden":true,"anchorPoint":{"pointX":0.5,"pointY":0.5}},"texture":"C8DED17E78343895C13216D0D10F2609"}]}]},{"animations":[],"initialState":{"affineTransform":[1,0,0,1,0,0],"masksToBounds":false,"rotation":0,"scale":1,"position":{"pointX":512,"pointY":384},"width":1024,"sublayerTransform":[1,0,0,0,0,1,0,0,0,0,1,0,0,0,0,1],"contentsRect":{"y":0,"x":0,"width":1,"height":1},"opacity":1,"edgeAntialiasingMask":15,"height":768,"hidden":false,"anchorPoint":{"pointX":0.5,"pointY":0.5}},"layers":[{"animations":[],"initialState":{"affineTransform":[1,0,0,1,0,0],"masksToBounds":false,"rotation":0,"scale":1,"position":{"pointX":942.8319687843323,"pointY":718.5},"width":118.3439970016479,"sublayerTransform":[1,0,0,0,0,1,0,0,0,0,1,0,0,0,0,1],"contentsRect":{"y":0,"x":0,"width":1,"height":1},"opacity":1,"edgeAntialiasingMask":15,"height":21.99999988079071,"hidden":false,"anchorPoint":{"pointX":0.5,"pointY":0.5}},"objectID":"0355A660-CDAA-457B-AF17-BA9809F4F3DB","layers":[{"animations":[],"layers":[],"initialState":{"affineTransform":[1,0,0,1,0,0],"masksToBounds":false,"rotation":0,"scale":1,"position":{"pointX":59.3400297164917,"pointY":10.99999994039536},"width":112,"sublayerTransform":[1,0,0,0,0,1,0,0,0,0,1,0,0,0,0,1],"contentsRect":{"y":0,"x":0,"width":1,"height":1},"opacity":1,"edgeAntialiasingMask":0,"height":15,"hidden":false,"anchorPoint":{"pointX":0.5,"pointY":0.5}},"texture":"68AEE63F19F849D2E9B681496EAC3926"}]}]}]}},{"effects":[{"beginTime":0,"baseLayer":{"animations":[],"initialState":{"affineTransform":[1,0,0,1,0,0],"masksToBounds":true,"rotation":0,"scale":1,"position":{"pointX":512,"pointY":384},"width":1024,"sublayerTransform":[1,0,0,0,0,1,0,0,0,0,1,0,0,0,0,1],"contentsRect":{"y":0,"x":0,"width":1,"height":1},"opacity":1,"edgeAntialiasingMask":0,"height":768,"hidden":false,"anchorPoint":{"pointX":0.5,"pointY":0.5}},"objectID":"0","layers":[{"animations":[],"initialState":{"affineTransform":[1,0,0,1,0,0],"masksToBounds":false,"rotation":0,"scale":1,"position":{"pointX":512,"pointY":384},"width":1024,"sublayerTransform":[1,0,0,0,0,1,0,0,0,0,1,-0.0004922987690640373,0,0,0,1],"contentsRect":{"y":0,"x":0,"width":1,"height":1},"opacity":1,"edgeAntialiasingMask":15,"height":768,"hidden":false,"anchorPoint":{"pointX":0.5,"pointY":0.5}},"layers":[{"animations":[],"layers":[],"initialState":{"affineTransform":[1,0,0,1,0,0],"masksToBounds":false,"rotation":0,"scale":1,"position":{"pointX":512,"pointY":384},"width":1024,"sublayerTransform":[1,0,0,0,0,1,0,0,0,0,1,0,0,0,0,1],"contentsRect":{"y":0,"x":0,"width":1,"height":1},"opacity":1,"edgeAntialiasingMask":0,"height":768,"hidden":false,"anchorPoint":{"pointX":0.5,"pointY":0.5}},"texture":"0C49ADBC8928BE5F28886BDAA38E2457"},{"animations":[{"from":{"scalar":false},"beginTime":0,"repeatCount":0,"fillMode":"both","property":"hidden","duration":0.01,"to":{"scalar":true}}],"layers":[],"initialState":{"affineTransform":[1,0,0,1,0,0],"masksToBounds":false,"rotation":0,"scale":1,"position":{"pointX":512,"pointY":384},"width":1024,"sublayerTransform":[1,0,0,0,0,1,0,0,0,0,1,0,0,0,0,1],"contentsRect":{"y":0,"x":0,"width":1,"height":1},"opacity":1,"edgeAntialiasingMask":0,"height":768,"hidden":false,"anchorPoint":{"pointX":0.5,"pointY":0.5}},"texture":"A9F55C1328E5EF06E48D8539FD78FF90"}]}]},"effects":[],"duration":0.01,"type":"transition","name":"none","objectID":"0"}],"automaticPlay":false,"hyperlinks":[],"accessibility":[{"text":"qqicon-yz.png","targetRectangle":{"y":602.3115612864494,"x":446.8837280273438,"width":31.97128295898438,"height":35.28125}},{"text":"Boy","targetRectangle":{"y":641.0123367607594,"x":453.3928700685501,"width":18.95299999999997,"height":13}},{"text":"qqicon-yz.png","targetRectangle":{"y":601.7992553710938,"x":535.4628372192383,"width":31.97788667277064,"height":35.28853619098663}},{"text":"Girl","targetRectangle":{"y":640.5246430039406,"x":542.1116483211517,"width":18.65999999999997,"height":14}},{"text":"* 不同BG的男女占比","targetRectangle":{"y":711.5000000596046,"x":888.6599702835083,"width":109.3440000000001,"height":14}},{"text":"程序鹅 生存环境 性别比例","targetRectangle":{"y":90,"x":79,"width":577.783203125,"height":60}}],"baseLayer":{"animations":[],"initialState":{"affineTransform":[1,0,0,1,0,0],"masksToBounds":true,"rotation":0,"scale":1,"position":{"pointX":512,"pointY":384},"width":1024,"sublayerTransform":[1,0,0,0,0,1,0,0,0,0,1,0,0,0,0,1],"contentsRect":{"y":0,"x":0,"width":1,"height":1},"opacity":1,"edgeAntialiasingMask":0,"height":768,"hidden":false,"anchorPoint":{"pointX":0.5,"pointY":0.5}},"objectID":"0","layers":[{"animations":[],"initialState":{"affineTransform":[1,0,0,1,0,0],"masksToBounds":false,"rotation":0,"scale":1,"position":{"pointX":512,"pointY":384},"width":1024,"sublayerTransform":[1,0,0,0,0,1,0,0,0,0,1,-0.0004922987690640373,0,0,0,1],"contentsRect":{"y":0,"x":0,"width":1,"height":1},"opacity":1,"edgeAntialiasingMask":15,"height":768,"hidden":false,"anchorPoint":{"pointX":0.5,"pointY":0.5}},"layers":[{"animations":[],"layers":[],"initialState":{"affineTransform":[1,0,0,1,0,0],"masksToBounds":false,"rotation":0,"scale":1,"position":{"pointX":512,"pointY":384},"width":1024,"sublayerTransform":[1,0,0,0,0,1,0,0,0,0,1,0,0,0,0,1],"contentsRect":{"y":0,"x":0,"width":1,"height":1},"opacity":1,"edgeAntialiasingMask":0,"height":768,"hidden":false,"anchorPoint":{"pointX":0.5,"pointY":0.5}},"texture":"A9F55C1328E5EF06E48D8539FD78FF90"}]}]}}]}