{"assets":{"68D74DC352525538253668ECEE342947":{"type":"texture","index":86,"assetRequest":{"byGlyphStyle":0,"deliveryStyle":107,"chunkIndex":0,"type":"chunk","chunkCount":25,"stageIndex":3,"stageCount":4},"url":"assets/68D74DC352525538253668ECEE342947.svg","width":31,"height":155},"74AEC28F5F2EEEA212D6D789993505F8":{"type":"texture","index":125,"assetRequest":{"stageIndex":21,"stageCount":23,"chunkIndex":1,"type":"final","chunkCount":25},"url":"assets/74AEC28F5F2EEEA212D6D789993505F8.svg","width":748,"height":321},"EB3CC2900EAF1FEBD91AA042B093D31F":{"type":"texture","index":103,"assetRequest":{"stageIndex":10,"stageCount":12,"chunkIndex":1,"type":"final","chunkCount":25},"url":"assets/EB3CC2900EAF1FEBD91AA042B093D31F.svg","width":653,"height":278},"05E5CEA358168ACCF525BBCE491E099B":{"type":"texture","index":98,"assetRequest":{"byGlyphStyle":0,"deliveryStyle":107,"chunkIndex":0,"type":"chunk","chunkCount":25,"stageIndex":9,"stageCount":10},"url":"assets/05E5CEA358168ACCF525BBCE491E099B.svg","width":31,"height":38},"3DD5A5A1C2B7E2CBA04D59467DABAE68":{"type":"texture","index":108,"assetRequest":{"byGlyphStyle":0,"deliveryStyle":107,"chunkIndex":0,"type":"chunk","chunkCount":25,"stageIndex":14,"stageCount":15},"url":"assets/3DD5A5A1C2B7E2CBA04D59467DABAE68.svg","width":32,"height":321},"6F5F196EA94F238944F23F52F4B92174":{"type":"texture","index":105,"assetRequest":{"stageIndex":11,"stageCount":13,"chunkIndex":1,"type":"final","chunkCount":25},"url":"assets/6F5F196EA94F238944F23F52F4B92174.svg","width":653,"height":278},"498BFFE29D177C75EA254879B1D68B01":{"type":"texture","index":82,"assetRequest":{"type":"slide","state":"contents","slide":"24DB4BE3-5566-4C2A-8422-44E86E1CCF2B"},"url":"assets/498BFFE29D177C75EA254879B1D68B01.png","width":840,"height":400},"8303A4505B01E45D8BC454D20D660E69":{"type":"texture","index":109,"assetRequest":{"stageIndex":13,"stageCount":15,"chunkIndex":1,"type":"final","chunkCount":25},"url":"assets/8303A4505B01E45D8BC454D20D660E69.svg","width":685,"height":278},"498E23C82CA78A4BCD7BA88E5243B6FC":{"type":"texture","index":80,"assetRequest":{"type":"slide","state":"contents","slide":"24DB4BE3-5566-4C2A-8422-44E86E1CCF2B"},"url":"assets/498E23C82CA78A4BCD7BA88E5243B6FC.svg","width":1024,"height":768},"B1A9BB550B5DDF904D9D0A674BF54725":{"type":"texture","index":116,"assetRequest":{"byGlyphStyle":0,"deliveryStyle":107,"chunkIndex":0,"type":"chunk","chunkCount":25,"stageIndex":18,"stageCount":19},"url":"assets/B1A9BB550B5DDF904D9D0A674BF54725.svg","width":32,"height":66},"BD44E1A818365F7BCFFB343C67C5DF63":{"type":"texture","index":119,"assetRequest":{"stageIndex":18,"stageCount":20,"chunkIndex":1,"type":"final","chunkCount":25},"url":"assets/BD44E1A818365F7BCFFB343C67C5DF63.svg","width":716,"height":321},"89C24514B48CEB8B05FA96C76E08A815":{"type":"texture","index":120,"assetRequest":{"byGlyphStyle":0,"deliveryStyle":107,"chunkIndex":0,"type":"chunk","chunkCount":25,"stageIndex":20,"stageCount":21},"url":"assets/89C24514B48CEB8B05FA96C76E08A815.svg","width":32,"height":101},"B5A3BF6787800064B56766F3F0FE1928":{"type":"texture","index":106,"assetRequest":{"byGlyphStyle":0,"deliveryStyle":107,"chunkIndex":0,"type":"chunk","chunkCount":25,"stageIndex":13,"stageCount":14},"url":"assets/B5A3BF6787800064B56766F3F0FE1928.svg","width":32,"height":66},"FDCAC47E912839EA09BCF5D3743CEE80":{"type":"texture","index":122,"assetRequest":{"byGlyphStyle":0,"deliveryStyle":107,"chunkIndex":0,"type":"chunk","chunkCount":25,"stageIndex":21,"stageCount":22},"url":"assets/FDCAC47E912839EA09BCF5D3743CEE80.svg","width":32,"height":132},"31B54A2CCBFD2A15F94E78D5CB97A4A8":{"type":"texture","index":123,"assetRequest":{"stageIndex":20,"stageCount":22,"chunkIndex":1,"type":"final","chunkCount":25},"url":"assets/31B54A2CCBFD2A15F94E78D5CB97A4A8.svg","width":748,"height":321},"F2BC09FB94B19D9BD9C5D30C85D84520":{"type":"texture","index":128,"assetRequest":{"byGlyphStyle":0,"deliveryStyle":107,"chunkIndex":0,"type":"chunk","chunkCount":25,"stageIndex":24,"stageCount":25},"url":"assets/F2BC09FB94B19D9BD9C5D30C85D84520.svg","width":32,"height":195},"33BCACDE913D17EF8511B3964688115C":{"type":"texture","index":118,"assetRequest":{"byGlyphStyle":0,"deliveryStyle":107,"chunkIndex":0,"type":"chunk","chunkCount":25,"stageIndex":19,"stageCount":20},"url":"assets/33BCACDE913D17EF8511B3964688115C.svg","width":32,"height":164},"07DFB7A30BB84C7446694B82E120C6F5":{"type":"texture","index":102,"assetRequest":{"byGlyphStyle":0,"deliveryStyle":107,"chunkIndex":0,"type":"chunk","chunkCount":25,"stageIndex":11,"stageCount":12},"url":"assets/07DFB7A30BB84C7446694B82E120C6F5.svg","width":32,"height":38},"E321AD2CFB6AD702F3521F6D77FCA6B4":{"type":"texture","index":99,"assetRequest":{"stageIndex":8,"stageCount":10,"chunkIndex":1,"type":"final","chunkCount":25},"url":"assets/E321AD2CFB6AD702F3521F6D77FCA6B4.svg","width":653,"height":278},"2936BA5BBF986265C805CA0F9C797FC8":{"type":"texture","index":121,"assetRequest":{"stageIndex":19,"stageCount":21,"chunkIndex":1,"type":"final","chunkCount":25},"url":"assets/2936BA5BBF986265C805CA0F9C797FC8.svg","width":716,"height":321},"ECFE25D39BDB4A939DAFBA30F52D7A60":{"type":"texture","index":85,"assetRequest":{"byGlyphStyle":0,"deliveryStyle":107,"chunkIndex":0,"type":"chunk","chunkCount":25,"stageIndex":2,"stageCount":3},"url":"assets/ECFE25D39BDB4A939DAFBA30F52D7A60.svg","width":31,"height":78},"5437DB34A4774E634A3C7C26B7E4B118":{"type":"texture","index":124,"assetRequest":{"byGlyphStyle":0,"deliveryStyle":107,"chunkIndex":0,"type":"chunk","chunkCount":25,"stageIndex":22,"stageCount":23},"url":"assets/5437DB34A4774E634A3C7C26B7E4B118.svg","width":31,"height":69},"AA5CB2D816C26FDCD419B91B2EB4913E":{"type":"texture","index":88,"assetRequest":{"byGlyphStyle":0,"deliveryStyle":107,"chunkIndex":0,"type":"chunk","chunkCount":25,"stageIndex":4,"stageCount":5},"url":"assets/AA5CB2D816C26FDCD419B91B2EB4913E.svg","width":31,"height":278},"0F8AF35A98C6721B398A02B4CAF7E488":{"type":"texture","index":83,"assetRequest":{"type":"slide","state":"contents","slide":"24DB4BE3-5566-4C2A-8422-44E86E1CCF2B"},"url":"assets/0F8AF35A98C6721B398A02B4CAF7E488.svg","width":695,"height":59},"50038BDD07D4BFE58CDED805126E6BD7":{"type":"texture","index":97,"assetRequest":{"stageIndex":7,"stageCount":9,"chunkIndex":1,"type":"final","chunkCount":25},"url":"assets/50038BDD07D4BFE58CDED805126E6BD7.svg","width":622,"height":278},"D0D6711F39085E70A163AE3DE22A8940":{"type":"texture","index":92,"assetRequest":{"byGlyphStyle":0,"deliveryStyle":107,"chunkIndex":0,"type":"chunk","chunkCount":25,"stageIndex":6,"stageCount":7},"url":"assets/D0D6711F39085E70A163AE3DE22A8940.svg","width":32,"height":126},"D3CA9B8245AEF746FCD1C0808076C316":{"type":"texture","index":113,"assetRequest":{"stageIndex":15,"stageCount":17,"chunkIndex":1,"type":"final","chunkCount":25},"url":"assets/D3CA9B8245AEF746FCD1C0808076C316.svg","width":685,"height":321},"950A6D773EE765E5606E1F952051D154":{"type":"texture","index":126,"assetRequest":{"byGlyphStyle":0,"deliveryStyle":107,"chunkIndex":0,"type":"chunk","chunkCount":25,"stageIndex":23,"stageCount":24},"url":"assets/950A6D773EE765E5606E1F952051D154.svg","width":31,"height":221},"A67AEE6B8F81CAEE47D3F0495596C1BD":{"type":"texture","index":101,"assetRequest":{"stageIndex":9,"stageCount":11,"chunkIndex":1,"type":"final","chunkCount":25},"url":"assets/A67AEE6B8F81CAEE47D3F0495596C1BD.svg","width":653,"height":278},"33DAF2653EFE0643AD0216A01F09808B":{"type":"texture","index":90,"assetRequest":{"byGlyphStyle":0,"deliveryStyle":107,"chunkIndex":0,"type":"chunk","chunkCount":25,"stageIndex":5,"stageCount":6},"url":"assets/33DAF2653EFE0643AD0216A01F09808B.svg","width":31,"height":161},"4C79098726F91750556BFEB526E2BA09":{"type":"texture","index":117,"assetRequest":{"stageIndex":17,"stageCount":19,"chunkIndex":1,"type":"final","chunkCount":25},"url":"assets/4C79098726F91750556BFEB526E2BA09.svg","width":716,"height":321},"967465BB768F8F1D58D42D807C3FD14F":{"type":"texture","index":107,"assetRequest":{"stageIndex":12,"stageCount":14,"chunkIndex":1,"type":"final","chunkCount":25},"url":"assets/967465BB768F8F1D58D42D807C3FD14F.svg","width":685,"height":278},"1032368FBCD96869AE8503AF02799988":{"type":"texture","index":131,"assetRequest":{"type":"slide","state":"incoming","slide":"9324A137-045F-49BD-A387-6F33B5411CC6"},"url":"assets/1032368FBCD96869AE8503AF02799988.png","width":1024,"height":768},"44EE1B1FCF0063C3D47AFBC2F3BB1172":{"type":"texture","index":96,"assetRequest":{"byGlyphStyle":0,"deliveryStyle":107,"chunkIndex":0,"type":"chunk","chunkCount":25,"stageIndex":8,"stageCount":9},"url":"assets/44EE1B1FCF0063C3D47AFBC2F3BB1172.svg","width":31,"height":169},"6E3134267B26E1BC27FE588BC5DC776E":{"type":"texture","index":89,"assetRequest":{"stageIndex":3,"stageCount":5,"chunkIndex":1,"type":"final","chunkCount":25},"url":"assets/6E3134267B26E1BC27FE588BC5DC776E.svg","width":425,"height":155},"15A3BB0000E4E9A180C4CAED07045C46":{"type":"texture","index":127,"assetRequest":{"stageIndex":22,"stageCount":24,"chunkIndex":1,"type":"final","chunkCount":25},"url":"assets/15A3BB0000E4E9A180C4CAED07045C46.svg","width":748,"height":321},"5D7C8B24FEAC23B364AF0E7736F58742":{"type":"texture","index":94,"assetRequest":{"byGlyphStyle":0,"deliveryStyle":107,"chunkIndex":0,"type":"chunk","chunkCount":25,"stageIndex":7,"stageCount":8},"url":"assets/5D7C8B24FEAC23B364AF0E7736F58742.svg","width":32,"height":204},"4B358341CA7FDC777DEC26502389E0E2":{"type":"texture","index":91,"assetRequest":{"stageIndex":4,"stageCount":6,"chunkIndex":1,"type":"final","chunkCount":25},"url":"assets/4B358341CA7FDC777DEC26502389E0E2.svg","width":622,"height":278},"5DE54DA0DB595956A74AB7F36F9A507E":{"type":"texture","index":95,"assetRequest":{"stageIndex":6,"stageCount":8,"chunkIndex":1,"type":"final","chunkCount":25},"url":"assets/5DE54DA0DB595956A74AB7F36F9A507E.svg","width":622,"height":278},"B521E3707ED113E7D795291058DFD48C":{"type":"texture","index":112,"assetRequest":{"byGlyphStyle":0,"deliveryStyle":107,"chunkIndex":0,"type":"chunk","chunkCount":25,"stageIndex":16,"stageCount":17},"url":"assets/B521E3707ED113E7D795291058DFD48C.svg","width":31,"height":55},"1A33320166C6114021556D0E12065059":{"type":"texture","index":84,"assetRequest":{"byGlyphStyle":0,"deliveryStyle":107,"chunkIndex":0,"type":"chunk","chunkCount":25,"stageIndex":1,"stageCount":2},"url":"assets/1A33320166C6114021556D0E12065059.svg","width":32,"height":52},"89CC44B83CA453A9C80588AFF90153D1":{"type":"texture","index":81,"assetRequest":{"type":"slide","state":"contents","slide":"24DB4BE3-5566-4C2A-8422-44E86E1CCF2B"},"url":"assets/89CC44B83CA453A9C80588AFF90153D1.png","width":575,"height":50},"5E9090F7EAF86E5163B99BD75721368A":{"type":"texture","index":87,"assetRequest":{"stageIndex":2,"stageCount":4,"chunkIndex":1,"type":"final","chunkCount":25},"url":"assets/5E9090F7EAF86E5163B99BD75721368A.svg","width":228,"height":78},"4E5F0835ACD0B15285097233386AE419":{"type":"texture","index":111,"assetRequest":{"stageIndex":14,"stageCount":16,"chunkIndex":1,"type":"final","chunkCount":25},"url":"assets/4E5F0835ACD0B15285097233386AE419.svg","width":685,"height":321},"4F6DAD14A0DE6475102199F0C5BE878C":{"type":"texture","index":100,"assetRequest":{"byGlyphStyle":0,"deliveryStyle":107,"chunkIndex":0,"type":"chunk","chunkCount":25,"stageIndex":10,"stageCount":11},"url":"assets/4F6DAD14A0DE6475102199F0C5BE878C.svg","width":31,"height":35},"B605A48CFB0B61C03BC5BEFDDE0BA99C":{"type":"texture","index":110,"assetRequest":{"byGlyphStyle":0,"deliveryStyle":107,"chunkIndex":0,"type":"chunk","chunkCount":25,"stageIndex":15,"stageCount":16},"url":"assets/B605A48CFB0B61C03BC5BEFDDE0BA99C.svg","width":31,"height":132},"7D6045587440003AB04CBBCD8AD170D1":{"type":"texture","index":93,"assetRequest":{"stageIndex":5,"stageCount":7,"chunkIndex":1,"type":"final","chunkCount":25},"url":"assets/7D6045587440003AB04CBBCD8AD170D1.svg","width":622,"height":278},"7CD81F8C648F8A63EB80FC68982E8AFD":{"type":"texture","index":130,"assetRequest":{"type":"slide","state":"outgoing","slide":"24DB4BE3-5566-4C2A-8422-44E86E1CCF2B"},"url":"assets/7CD81F8C648F8A63EB80FC68982E8AFD.png","width":1024,"height":768},"100364CF208444F85EBB3305975ABF96":{"type":"texture","index":104,"assetRequest":{"byGlyphStyle":0,"deliveryStyle":107,"chunkIndex":0,"type":"chunk","chunkCount":25,"stageIndex":12,"stageCount":13},"url":"assets/100364CF208444F85EBB3305975ABF96.svg","width":32,"height":38},"A0E4297ECBD427E942AB74449F39ED76":{"type":"texture","index":114,"assetRequest":{"byGlyphStyle":0,"deliveryStyle":107,"chunkIndex":0,"type":"chunk","chunkCount":25,"stageIndex":17,"stageCount":18},"url":"assets/A0E4297ECBD427E942AB74449F39ED76.svg","width":31,"height":129},"AD3CD5A86E4FA8DB835F35447A27386E":{"type":"texture","index":115,"assetRequest":{"stageIndex":16,"stageCount":18,"chunkIndex":1,"type":"final","chunkCount":25},"url":"assets/AD3CD5A86E4FA8DB835F35447A27386E.svg","width":716,"height":321},"797368DD64D6921895CD2D8CF094F43F":{"type":"texture","index":129,"assetRequest":{"stageIndex":23,"stageCount":25,"chunkIndex":1,"type":"final","chunkCount":25},"url":"assets/797368DD64D6921895CD2D8CF094F43F.svg","width":748,"height":321}},"events":[{"effects":[{"beginTime":0,"baseLayer":{"animations":[],"initialState":{"affineTransform":[1,0,0,1,0,0],"masksToBounds":false,"rotation":0,"scale":1,"position":{"pointX":512.0000152587891,"pointY":659.1093368530273},"width":687.8961791992188,"sublayerTransform":[1,0,0,0,0,1,0,0,0,0,1,0,0,0,0,1],"contentsRect":{"y":0,"x":0,"width":1,"height":1},"opacity":1,"edgeAntialiasingMask":15,"height":56.72538757324219,"hidden":false,"anchorPoint":{"pointX":0.5,"pointY":0.5}},"objectID":"845A98AF-12CA-4DF4-9046-433AE68D2B4E","layers":[{"animations":[],"initialState":{"affineTransform":[1,0,0,1,0,0],"masksToBounds":false,"rotation":0,"scale":1,"position":{"pointX":343.9480743408203,"pointY":-246.7466430664062},"width":687.8961791992188,"sublayerTransform":[1,0,0,0,0,1,0,0,0,0,1,-0.0004922987690640373,0,0,0,1],"contentsRect":{"y":0,"x":0,"width":1,"height":1},"opacity":1,"edgeAntialiasingMask":15,"height":56.72538757324219,"hidden":false,"anchorPoint":{"pointX":0.4999999778181802,"pointY":-4.349844992205899}},"layers":[{"animations":[{"from":{"scalar":true},"beginTime":1e-100,"repeatCount":0,"fillMode":"both","property":"hidden","duration":0.01,"to":{"scalar":false}}],"layers":[],"initialState":{"affineTransform":[1,0,0,1,0,0],"masksToBounds":false,"rotation":0,"scale":1,"position":{"pointX":346.4480743408203,"pointY":28.75335693359375},"width":695,"sublayerTransform":[1,0,0,0,0,1,0,0,0,0,1,0,0,0,0,1],"contentsRect":{"y":0,"x":0,"width":1,"height":1},"opacity":1,"edgeAntialiasingMask":0,"height":59,"hidden":true,"anchorPoint":{"pointX":0.5,"pointY":0.5}},"texture":"0F8AF35A98C6721B398A02B4CAF7E488"}]}]},"effects":[{"beginTime":0,"baseLayer":{"animations":[],"initialState":{"affineTransform":[1,0,0,1,0,0],"masksToBounds":false,"rotation":0,"scale":1,"position":{"pointX":505.1147235107422,"pointY":384},"width":836.9672387695313,"sublayerTransform":[1,0,0,0,0,1,0,0,0,0,1,0,0,0,0,1],"contentsRect":{"y":0,"x":0,"width":1,"height":1},"opacity":1,"edgeAntialiasingMask":15,"height":396.1881408691406,"hidden":false,"anchorPoint":{"pointX":0.5,"pointY":0.5}},"objectID":"41241C1B-06E0-430F-9B3E-019B8F4968D7","layers":[{"animations":[],"initialState":{"affineTransform":[1,0,0,1,0,0],"masksToBounds":false,"rotation":0,"scale":1,"position":{"pointX":425.3688958740235,"pointY":198.0940704345703},"width":836.9672387695313,"sublayerTransform":[1,0,0,0,0,1,0,0,0,0,1,-0.0004922987690640373,0,0,0,1],"contentsRect":{"y":0,"x":0,"width":1,"height":1},"opacity":1,"edgeAntialiasingMask":15,"height":396.1881408691406,"hidden":false,"anchorPoint":{"pointX":0.5082264587791754,"pointY":0.5}},"layers":[{"animations":[{"repeatCount":0,"animations":[{"from":{"scalar":0},"beginTime":0,"repeatCount":0,"fillMode":"both","property":"opacity","duration":0.2,"timingFunction":"easeInEaseOut","to":{"scalar":1}},{"from":{"scalar":false},"beginTime":0,"repeatCount":0,"fillMode":"forwards","property":"hidden","duration":0.2,"to":{"scalar":false}}],"beginTime":1e-100,"fillMode":"both","duration":0.2}],"layers":[],"initialState":{"affineTransform":[1,0,0,1,0,0],"masksToBounds":false,"rotation":0,"scale":1,"position":{"pointX":418.3688958740235,"pointY":198.0940704345703},"width":840,"sublayerTransform":[1,0,0,0,0,1,0,0,0,0,1,0,0,0,0,1],"contentsRect":{"y":0,"x":0,"width":1,"height":1},"opacity":1,"edgeAntialiasingMask":0,"height":400,"hidden":true,"anchorPoint":{"pointX":0.5,"pointY":0.5}},"texture":"498BFFE29D177C75EA254879B1D68B01"}]}]},"effects":[{"beginTime":0,"baseLayer":{"animations":[],"initialState":{"affineTransform":[1,0,0,1,0,0],"masksToBounds":false,"rotation":0,"scale":1,"position":{"pointX":505.1147235107422,"pointY":384},"width":836.9672387695313,"sublayerTransform":[1,0,0,0,0,1,0,0,0,0,1,0,0,0,0,1],"contentsRect":{"y":0,"x":0,"width":1,"height":1},"opacity":1,"edgeAntialiasingMask":15,"height":396.1881408691406,"hidden":false,"anchorPoint":{"pointX":0.5,"pointY":0.5}},"objectID":"41241C1B-06E0-430F-9B3E-019B8F4968D7","layers":[{"animations":[],"layers":[],"initialState":{"affineTransform":[1,0,0,1,0,0],"masksToBounds":false,"rotation":0,"scale":1,"position":{"pointX":418.3688958740235,"pointY":198.0940704345703},"width":840,"sublayerTransform":[1,0,0,0,0,1,0,0,0,0,1,0,0,0,0,1],"contentsRect":{"y":0,"x":0,"width":1,"height":1},"opacity":1,"edgeAntialiasingMask":0,"height":400,"hidden":false,"anchorPoint":{"pointX":0.5,"pointY":0.5}},"texture":"498BFFE29D177C75EA254879B1D68B01"},{"animations":[],"initialState":{"affineTransform":[1,0,0,1,0,0],"masksToBounds":false,"rotation":0,"scale":1,"position":{"pointX":425.3688958740235,"pointY":198.0940704345703},"width":836.9672387695313,"sublayerTransform":[1,0,0,0,0,1,0,0,0,0,1,-0.0004922987690640373,0,0,0,1],"contentsRect":{"y":0,"x":0,"width":1,"height":1},"opacity":1,"edgeAntialiasingMask":15,"height":396.1881408691406,"hidden":false,"anchorPoint":{"pointX":0.5082264587791754,"pointY":0.5}},"layers":[{"animations":[{"repeatCount":0,"animations":[{"from":{"scalar":0},"beginTime":0,"repeatCount":0,"fillMode":"both","property":"opacity","duration":0.2,"timingFunction":"easeInEaseOut","to":{"scalar":1}},{"from":{"scalar":false},"beginTime":0,"repeatCount":0,"fillMode":"forwards","property":"hidden","duration":0.2,"to":{"scalar":false}}],"beginTime":1e-100,"fillMode":"both","duration":0.2}],"layers":[],"initialState":{"affineTransform":[1,0,0,1,0,0],"masksToBounds":false,"rotation":0,"scale":1,"position":{"pointX":69.36889587402344,"pointY":343.0940704345703},"width":32,"sublayerTransform":[1,0,0,0,0,1,0,0,0,0,1,0,0,0,0,1],"contentsRect":{"y":0,"x":0,"width":1,"height":1},"opacity":1,"edgeAntialiasingMask":0,"height":52,"hidden":true,"anchorPoint":{"pointX":0.5,"pointY":0.5}},"texture":"1A33320166C6114021556D0E12065059"}]}]},"effects":[{"beginTime":0,"baseLayer":{"animations":[],"initialState":{"affineTransform":[1,0,0,1,0,0],"masksToBounds":false,"rotation":0,"scale":1,"position":{"pointX":505.1147235107422,"pointY":384},"width":836.9672387695313,"sublayerTransform":[1,0,0,0,0,1,0,0,0,0,1,0,0,0,0,1],"contentsRect":{"y":0,"x":0,"width":1,"height":1},"opacity":1,"edgeAntialiasingMask":15,"height":396.1881408691406,"hidden":false,"anchorPoint":{"pointX":0.5,"pointY":0.5}},"objectID":"41241C1B-06E0-430F-9B3E-019B8F4968D7","layers":[{"animations":[],"layers":[],"initialState":{"affineTransform":[1,0,0,1,0,0],"masksToBounds":false,"rotation":0,"scale":1,"position":{"pointX":418.3688958740235,"pointY":198.0940704345703},"width":840,"sublayerTransform":[1,0,0,0,0,1,0,0,0,0,1,0,0,0,0,1],"contentsRect":{"y":0,"x":0,"width":1,"height":1},"opacity":1,"edgeAntialiasingMask":0,"height":400,"hidden":false,"anchorPoint":{"pointX":0.5,"pointY":0.5}},"texture":"498BFFE29D177C75EA254879B1D68B01"},{"animations":[],"initialState":{"affineTransform":[1,0,0,1,0,0],"masksToBounds":false,"rotation":0,"scale":1,"position":{"pointX":425.3688958740235,"pointY":198.0940704345703},"width":836.9672387695313,"sublayerTransform":[1,0,0,0,0,1,0,0,0,0,1,-0.0004922987690640373,0,0,0,1],"contentsRect":{"y":0,"x":0,"width":1,"height":1},"opacity":1,"edgeAntialiasingMask":15,"height":396.1881408691406,"hidden":false,"anchorPoint":{"pointX":0.5082264587791754,"pointY":0.5}},"layers":[{"animations":[{"repeatCount":0,"animations":[{"from":{"scalar":0},"beginTime":0,"repeatCount":0,"fillMode":"both","property":"opacity","duration":0.2,"timingFunction":"easeInEaseOut","to":{"scalar":1}},{"from":{"scalar":false},"beginTime":0,"repeatCount":0,"fillMode":"forwards","property":"hidden","duration":0.2,"to":{"scalar":false}}],"beginTime":1e-100,"fillMode":"both","duration":0.2}],"layers":[],"initialState":{"affineTransform":[1,0,0,1,0,0],"masksToBounds":false,"rotation":0,"scale":1,"position":{"pointX":265.8688958740235,"pointY":330.0940704345703},"width":31,"sublayerTransform":[1,0,0,0,0,1,0,0,0,0,1,0,0,0,0,1],"contentsRect":{"y":0,"x":0,"width":1,"height":1},"opacity":1,"edgeAntialiasingMask":0,"height":78,"hidden":true,"anchorPoint":{"pointX":0.5,"pointY":0.5}},"texture":"ECFE25D39BDB4A939DAFBA30F52D7A60"}]},{"animations":[],"layers":[],"initialState":{"affineTransform":[1,0,0,1,0,0],"masksToBounds":false,"rotation":0,"scale":1,"position":{"pointX":69.36889587402344,"pointY":343.0940704345703},"width":32,"sublayerTransform":[1,0,0,0,0,1,0,0,0,0,1,0,0,0,0,1],"contentsRect":{"y":0,"x":0,"width":1,"height":1},"opacity":1,"edgeAntialiasingMask":0,"height":52,"hidden":false,"anchorPoint":{"pointX":0.5,"pointY":0.5}},"texture":"1A33320166C6114021556D0E12065059"}]},"effects":[{"beginTime":0,"baseLayer":{"animations":[],"initialState":{"affineTransform":[1,0,0,1,0,0],"masksToBounds":false,"rotation":0,"scale":1,"position":{"pointX":505.1147235107422,"pointY":384},"width":836.9672387695313,"sublayerTransform":[1,0,0,0,0,1,0,0,0,0,1,0,0,0,0,1],"contentsRect":{"y":0,"x":0,"width":1,"height":1},"opacity":1,"edgeAntialiasingMask":15,"height":396.1881408691406,"hidden":false,"anchorPoint":{"pointX":0.5,"pointY":0.5}},"objectID":"41241C1B-06E0-430F-9B3E-019B8F4968D7","layers":[{"animations":[],"layers":[],"initialState":{"affineTransform":[1,0,0,1,0,0],"masksToBounds":false,"rotation":0,"scale":1,"position":{"pointX":418.3688958740235,"pointY":198.0940704345703},"width":840,"sublayerTransform":[1,0,0,0,0,1,0,0,0,0,1,0,0,0,0,1],"contentsRect":{"y":0,"x":0,"width":1,"height":1},"opacity":1,"edgeAntialiasingMask":0,"height":400,"hidden":false,"anchorPoint":{"pointX":0.5,"pointY":0.5}},"texture":"498BFFE29D177C75EA254879B1D68B01"},{"animations":[],"initialState":{"affineTransform":[1,0,0,1,0,0],"masksToBounds":false,"rotation":0,"scale":1,"position":{"pointX":425.3688958740235,"pointY":198.0940704345703},"width":836.9672387695313,"sublayerTransform":[1,0,0,0,0,1,0,0,0,0,1,-0.0004922987690640373,0,0,0,1],"contentsRect":{"y":0,"x":0,"width":1,"height":1},"opacity":1,"edgeAntialiasingMask":15,"height":396.1881408691406,"hidden":false,"anchorPoint":{"pointX":0.5082264587791754,"pointY":0.5}},"layers":[{"animations":[{"repeatCount":0,"animations":[{"from":{"scalar":0},"beginTime":0,"repeatCount":0,"fillMode":"both","property":"opacity","duration":0.2,"timingFunction":"easeInEaseOut","to":{"scalar":1}},{"from":{"scalar":false},"beginTime":0,"repeatCount":0,"fillMode":"forwards","property":"hidden","duration":0.2,"to":{"scalar":false}}],"beginTime":1e-100,"fillMode":"both","duration":0.2}],"layers":[],"initialState":{"affineTransform":[1,0,0,1,0,0],"masksToBounds":false,"rotation":0,"scale":1,"position":{"pointX":462.8688958740235,"pointY":291.5940704345703},"width":31,"sublayerTransform":[1,0,0,0,0,1,0,0,0,0,1,0,0,0,0,1],"contentsRect":{"y":0,"x":0,"width":1,"height":1},"opacity":1,"edgeAntialiasingMask":0,"height":155,"hidden":true,"anchorPoint":{"pointX":0.5,"pointY":0.5}},"texture":"68D74DC352525538253668ECEE342947"}]},{"animations":[],"layers":[],"initialState":{"affineTransform":[1,0,0,1,0,0],"masksToBounds":false,"rotation":0,"scale":1,"position":{"pointX":167.3688958740235,"pointY":330.0940704345703},"width":228,"sublayerTransform":[1,0,0,0,0,1,0,0,0,0,1,0,0,0,0,1],"contentsRect":{"y":0,"x":0,"width":1,"height":1},"opacity":1,"edgeAntialiasingMask":0,"height":78,"hidden":false,"anchorPoint":{"pointX":0.5,"pointY":0.5}},"texture":"5E9090F7EAF86E5163B99BD75721368A"}]},"effects":[{"beginTime":0,"baseLayer":{"animations":[],"initialState":{"affineTransform":[1,0,0,1,0,0],"masksToBounds":false,"rotation":0,"scale":1,"position":{"pointX":505.1147235107422,"pointY":384},"width":836.9672387695313,"sublayerTransform":[1,0,0,0,0,1,0,0,0,0,1,0,0,0,0,1],"contentsRect":{"y":0,"x":0,"width":1,"height":1},"opacity":1,"edgeAntialiasingMask":15,"height":396.1881408691406,"hidden":false,"anchorPoint":{"pointX":0.5,"pointY":0.5}},"objectID":"41241C1B-06E0-430F-9B3E-019B8F4968D7","layers":[{"animations":[],"layers":[],"initialState":{"affineTransform":[1,0,0,1,0,0],"masksToBounds":false,"rotation":0,"scale":1,"position":{"pointX":418.3688958740235,"pointY":198.0940704345703},"width":840,"sublayerTransform":[1,0,0,0,0,1,0,0,0,0,1,0,0,0,0,1],"contentsRect":{"y":0,"x":0,"width":1,"height":1},"opacity":1,"edgeAntialiasingMask":0,"height":400,"hidden":false,"anchorPoint":{"pointX":0.5,"pointY":0.5}},"texture":"498BFFE29D177C75EA254879B1D68B01"},{"animations":[],"initialState":{"affineTransform":[1,0,0,1,0,0],"masksToBounds":false,"rotation":0,"scale":1,"position":{"pointX":425.3688958740235,"pointY":198.0940704345703},"width":836.9672387695313,"sublayerTransform":[1,0,0,0,0,1,0,0,0,0,1,-0.0004922987690640373,0,0,0,1],"contentsRect":{"y":0,"x":0,"width":1,"height":1},"opacity":1,"edgeAntialiasingMask":15,"height":396.1881408691406,"hidden":false,"anchorPoint":{"pointX":0.5082264587791754,"pointY":0.5}},"layers":[{"animations":[{"repeatCount":0,"animations":[{"from":{"scalar":0},"beginTime":0,"repeatCount":0,"fillMode":"both","property":"opacity","duration":0.2,"timingFunction":"easeInEaseOut","to":{"scalar":1}},{"from":{"scalar":false},"beginTime":0,"repeatCount":0,"fillMode":"forwards","property":"hidden","duration":0.2,"to":{"scalar":false}}],"beginTime":1e-100,"fillMode":"both","duration":0.2}],"layers":[],"initialState":{"affineTransform":[1,0,0,1,0,0],"masksToBounds":false,"rotation":0,"scale":1,"position":{"pointX":659.8688958740235,"pointY":230.0940704345703},"width":31,"sublayerTransform":[1,0,0,0,0,1,0,0,0,0,1,0,0,0,0,1],"contentsRect":{"y":0,"x":0,"width":1,"height":1},"opacity":1,"edgeAntialiasingMask":0,"height":278,"hidden":true,"anchorPoint":{"pointX":0.5,"pointY":0.5}},"texture":"AA5CB2D816C26FDCD419B91B2EB4913E"}]},{"animations":[],"layers":[],"initialState":{"affineTransform":[1,0,0,1,0,0],"masksToBounds":false,"rotation":0,"scale":1,"position":{"pointX":265.8688958740235,"pointY":291.5940704345703},"width":425,"sublayerTransform":[1,0,0,0,0,1,0,0,0,0,1,0,0,0,0,1],"contentsRect":{"y":0,"x":0,"width":1,"height":1},"opacity":1,"edgeAntialiasingMask":0,"height":155,"hidden":false,"anchorPoint":{"pointX":0.5,"pointY":0.5}},"texture":"6E3134267B26E1BC27FE588BC5DC776E"}]},"effects":[{"beginTime":0,"baseLayer":{"animations":[],"initialState":{"affineTransform":[1,0,0,1,0,0],"masksToBounds":false,"rotation":0,"scale":1,"position":{"pointX":505.1147235107422,"pointY":384},"width":836.9672387695313,"sublayerTransform":[1,0,0,0,0,1,0,0,0,0,1,0,0,0,0,1],"contentsRect":{"y":0,"x":0,"width":1,"height":1},"opacity":1,"edgeAntialiasingMask":15,"height":396.1881408691406,"hidden":false,"anchorPoint":{"pointX":0.5,"pointY":0.5}},"objectID":"41241C1B-06E0-430F-9B3E-019B8F4968D7","layers":[{"animations":[],"layers":[],"initialState":{"affineTransform":[1,0,0,1,0,0],"masksToBounds":false,"rotation":0,"scale":1,"position":{"pointX":418.3688958740235,"pointY":198.0940704345703},"width":840,"sublayerTransform":[1,0,0,0,0,1,0,0,0,0,1,0,0,0,0,1],"contentsRect":{"y":0,"x":0,"width":1,"height":1},"opacity":1,"edgeAntialiasingMask":0,"height":400,"hidden":false,"anchorPoint":{"pointX":0.5,"pointY":0.5}},"texture":"498BFFE29D177C75EA254879B1D68B01"},{"animations":[],"initialState":{"affineTransform":[1,0,0,1,0,0],"masksToBounds":false,"rotation":0,"scale":1,"position":{"pointX":425.3688958740235,"pointY":198.0940704345703},"width":836.9672387695313,"sublayerTransform":[1,0,0,0,0,1,0,0,0,0,1,-0.0004922987690640373,0,0,0,1],"contentsRect":{"y":0,"x":0,"width":1,"height":1},"opacity":1,"edgeAntialiasingMask":15,"height":396.1881408691406,"hidden":false,"anchorPoint":{"pointX":0.5082264587791754,"pointY":0.5}},"layers":[{"animations":[{"repeatCount":0,"animations":[{"from":{"scalar":0},"beginTime":0,"repeatCount":0,"fillMode":"both","property":"opacity","duration":0.2,"timingFunction":"easeInEaseOut","to":{"scalar":1}},{"from":{"scalar":false},"beginTime":0,"repeatCount":0,"fillMode":"forwards","property":"hidden","duration":0.2,"to":{"scalar":false}}],"beginTime":1e-100,"fillMode":"both","duration":0.2}],"layers":[],"initialState":{"affineTransform":[1,0,0,1,0,0],"masksToBounds":false,"rotation":0,"scale":1,"position":{"pointX":100.8688958740234,"pointY":288.5940704345703},"width":31,"sublayerTransform":[1,0,0,0,0,1,0,0,0,0,1,0,0,0,0,1],"contentsRect":{"y":0,"x":0,"width":1,"height":1},"opacity":1,"edgeAntialiasingMask":0,"height":161,"hidden":true,"anchorPoint":{"pointX":0.5,"pointY":0.5}},"texture":"33DAF2653EFE0643AD0216A01F09808B"}]},{"animations":[],"layers":[],"initialState":{"affineTransform":[1,0,0,1,0,0],"masksToBounds":false,"rotation":0,"scale":1,"position":{"pointX":364.3688958740235,"pointY":230.0940704345703},"width":622,"sublayerTransform":[1,0,0,0,0,1,0,0,0,0,1,0,0,0,0,1],"contentsRect":{"y":0,"x":0,"width":1,"height":1},"opacity":1,"edgeAntialiasingMask":0,"height":278,"hidden":false,"anchorPoint":{"pointX":0.5,"pointY":0.5}},"texture":"4B358341CA7FDC777DEC26502389E0E2"}]},"effects":[{"beginTime":0,"baseLayer":{"animations":[],"initialState":{"affineTransform":[1,0,0,1,0,0],"masksToBounds":false,"rotation":0,"scale":1,"position":{"pointX":505.1147235107422,"pointY":384},"width":836.9672387695313,"sublayerTransform":[1,0,0,0,0,1,0,0,0,0,1,0,0,0,0,1],"contentsRect":{"y":0,"x":0,"width":1,"height":1},"opacity":1,"edgeAntialiasingMask":15,"height":396.1881408691406,"hidden":false,"anchorPoint":{"pointX":0.5,"pointY":0.5}},"objectID":"41241C1B-06E0-430F-9B3E-019B8F4968D7","layers":[{"animations":[],"layers":[],"initialState":{"affineTransform":[1,0,0,1,0,0],"masksToBounds":false,"rotation":0,"scale":1,"position":{"pointX":418.3688958740235,"pointY":198.0940704345703},"width":840,"sublayerTransform":[1,0,0,0,0,1,0,0,0,0,1,0,0,0,0,1],"contentsRect":{"y":0,"x":0,"width":1,"height":1},"opacity":1,"edgeAntialiasingMask":0,"height":400,"hidden":false,"anchorPoint":{"pointX":0.5,"pointY":0.5}},"texture":"498BFFE29D177C75EA254879B1D68B01"},{"animations":[],"initialState":{"affineTransform":[1,0,0,1,0,0],"masksToBounds":false,"rotation":0,"scale":1,"position":{"pointX":425.3688958740235,"pointY":198.0940704345703},"width":836.9672387695313,"sublayerTransform":[1,0,0,0,0,1,0,0,0,0,1,-0.0004922987690640373,0,0,0,1],"contentsRect":{"y":0,"x":0,"width":1,"height":1},"opacity":1,"edgeAntialiasingMask":15,"height":396.1881408691406,"hidden":false,"anchorPoint":{"pointX":0.5082264587791754,"pointY":0.5}},"layers":[{"animations":[{"repeatCount":0,"animations":[{"from":{"scalar":0},"beginTime":0,"repeatCount":0,"fillMode":"both","property":"opacity","duration":0.2,"timingFunction":"easeInEaseOut","to":{"scalar":1}},{"from":{"scalar":false},"beginTime":0,"repeatCount":0,"fillMode":"forwards","property":"hidden","duration":0.2,"to":{"scalar":false}}],"beginTime":1e-100,"fillMode":"both","duration":0.2}],"layers":[],"initialState":{"affineTransform":[1,0,0,1,0,0],"masksToBounds":false,"rotation":0,"scale":1,"position":{"pointX":297.3688958740235,"pointY":306.0940704345703},"width":32,"sublayerTransform":[1,0,0,0,0,1,0,0,0,0,1,0,0,0,0,1],"contentsRect":{"y":0,"x":0,"width":1,"height":1},"opacity":1,"edgeAntialiasingMask":0,"height":126,"hidden":true,"anchorPoint":{"pointX":0.5,"pointY":0.5}},"texture":"D0D6711F39085E70A163AE3DE22A8940"}]},{"animations":[],"layers":[],"initialState":{"affineTransform":[1,0,0,1,0,0],"masksToBounds":false,"rotation":0,"scale":1,"position":{"pointX":364.3688958740235,"pointY":230.0940704345703},"width":622,"sublayerTransform":[1,0,0,0,0,1,0,0,0,0,1,0,0,0,0,1],"contentsRect":{"y":0,"x":0,"width":1,"height":1},"opacity":1,"edgeAntialiasingMask":0,"height":278,"hidden":false,"anchorPoint":{"pointX":0.5,"pointY":0.5}},"texture":"7D6045587440003AB04CBBCD8AD170D1"}]},"effects":[{"beginTime":0,"baseLayer":{"animations":[],"initialState":{"affineTransform":[1,0,0,1,0,0],"masksToBounds":false,"rotation":0,"scale":1,"position":{"pointX":505.1147235107422,"pointY":384},"width":836.9672387695313,"sublayerTransform":[1,0,0,0,0,1,0,0,0,0,1,0,0,0,0,1],"contentsRect":{"y":0,"x":0,"width":1,"height":1},"opacity":1,"edgeAntialiasingMask":15,"height":396.1881408691406,"hidden":false,"anchorPoint":{"pointX":0.5,"pointY":0.5}},"objectID":"41241C1B-06E0-430F-9B3E-019B8F4968D7","layers":[{"animations":[],"layers":[],"initialState":{"affineTransform":[1,0,0,1,0,0],"masksToBounds":false,"rotation":0,"scale":1,"position":{"pointX":418.3688958740235,"pointY":198.0940704345703},"width":840,"sublayerTransform":[1,0,0,0,0,1,0,0,0,0,1,0,0,0,0,1],"contentsRect":{"y":0,"x":0,"width":1,"height":1},"opacity":1,"edgeAntialiasingMask":0,"height":400,"hidden":false,"anchorPoint":{"pointX":0.5,"pointY":0.5}},"texture":"498BFFE29D177C75EA254879B1D68B01"},{"animations":[],"initialState":{"affineTransform":[1,0,0,1,0,0],"masksToBounds":false,"rotation":0,"scale":1,"position":{"pointX":425.3688958740235,"pointY":198.0940704345703},"width":836.9672387695313,"sublayerTransform":[1,0,0,0,0,1,0,0,0,0,1,-0.0004922987690640373,0,0,0,1],"contentsRect":{"y":0,"x":0,"width":1,"height":1},"opacity":1,"edgeAntialiasingMask":15,"height":396.1881408691406,"hidden":false,"anchorPoint":{"pointX":0.5082264587791754,"pointY":0.5}},"layers":[{"animations":[{"repeatCount":0,"animations":[{"from":{"scalar":0},"beginTime":0,"repeatCount":0,"fillMode":"both","property":"opacity","duration":0.2,"timingFunction":"easeInEaseOut","to":{"scalar":1}},{"from":{"scalar":false},"beginTime":0,"repeatCount":0,"fillMode":"forwards","property":"hidden","duration":0.2,"to":{"scalar":false}}],"beginTime":1e-100,"fillMode":"both","duration":0.2}],"layers":[],"initialState":{"affineTransform":[1,0,0,1,0,0],"masksToBounds":false,"rotation":0,"scale":1,"position":{"pointX":494.3688958740235,"pointY":267.0940704345703},"width":32,"sublayerTransform":[1,0,0,0,0,1,0,0,0,0,1,0,0,0,0,1],"contentsRect":{"y":0,"x":0,"width":1,"height":1},"opacity":1,"edgeAntialiasingMask":0,"height":204,"hidden":true,"anchorPoint":{"pointX":0.5,"pointY":0.5}},"texture":"5D7C8B24FEAC23B364AF0E7736F58742"}]},{"animations":[],"layers":[],"initialState":{"affineTransform":[1,0,0,1,0,0],"masksToBounds":false,"rotation":0,"scale":1,"position":{"pointX":364.3688958740235,"pointY":230.0940704345703},"width":622,"sublayerTransform":[1,0,0,0,0,1,0,0,0,0,1,0,0,0,0,1],"contentsRect":{"y":0,"x":0,"width":1,"height":1},"opacity":1,"edgeAntialiasingMask":0,"height":278,"hidden":false,"anchorPoint":{"pointX":0.5,"pointY":0.5}},"texture":"5DE54DA0DB595956A74AB7F36F9A507E"}]},"effects":[{"beginTime":0,"baseLayer":{"animations":[],"initialState":{"affineTransform":[1,0,0,1,0,0],"masksToBounds":false,"rotation":0,"scale":1,"position":{"pointX":505.1147235107422,"pointY":384},"width":836.9672387695313,"sublayerTransform":[1,0,0,0,0,1,0,0,0,0,1,0,0,0,0,1],"contentsRect":{"y":0,"x":0,"width":1,"height":1},"opacity":1,"edgeAntialiasingMask":15,"height":396.1881408691406,"hidden":false,"anchorPoint":{"pointX":0.5,"pointY":0.5}},"objectID":"41241C1B-06E0-430F-9B3E-019B8F4968D7","layers":[{"animations":[],"layers":[],"initialState":{"affineTransform":[1,0,0,1,0,0],"masksToBounds":false,"rotation":0,"scale":1,"position":{"pointX":418.3688958740235,"pointY":198.0940704345703},"width":840,"sublayerTransform":[1,0,0,0,0,1,0,0,0,0,1,0,0,0,0,1],"contentsRect":{"y":0,"x":0,"width":1,"height":1},"opacity":1,"edgeAntialiasingMask":0,"height":400,"hidden":false,"anchorPoint":{"pointX":0.5,"pointY":0.5}},"texture":"498BFFE29D177C75EA254879B1D68B01"},{"animations":[],"initialState":{"affineTransform":[1,0,0,1,0,0],"masksToBounds":false,"rotation":0,"scale":1,"position":{"pointX":425.3688958740235,"pointY":198.0940704345703},"width":836.9672387695313,"sublayerTransform":[1,0,0,0,0,1,0,0,0,0,1,-0.0004922987690640373,0,0,0,1],"contentsRect":{"y":0,"x":0,"width":1,"height":1},"opacity":1,"edgeAntialiasingMask":15,"height":396.1881408691406,"hidden":false,"anchorPoint":{"pointX":0.5082264587791754,"pointY":0.5}},"layers":[{"animations":[{"repeatCount":0,"animations":[{"from":{"scalar":0},"beginTime":0,"repeatCount":0,"fillMode":"both","property":"opacity","duration":0.2,"timingFunction":"easeInEaseOut","to":{"scalar":1}},{"from":{"scalar":false},"beginTime":0,"repeatCount":0,"fillMode":"forwards","property":"hidden","duration":0.2,"to":{"scalar":false}}],"beginTime":1e-100,"fillMode":"both","duration":0.2}],"layers":[],"initialState":{"affineTransform":[1,0,0,1,0,0],"masksToBounds":false,"rotation":0,"scale":1,"position":{"pointX":690.8688958740235,"pointY":284.5940704345703},"width":31,"sublayerTransform":[1,0,0,0,0,1,0,0,0,0,1,0,0,0,0,1],"contentsRect":{"y":0,"x":0,"width":1,"height":1},"opacity":1,"edgeAntialiasingMask":0,"height":169,"hidden":true,"anchorPoint":{"pointX":0.5,"pointY":0.5}},"texture":"44EE1B1FCF0063C3D47AFBC2F3BB1172"}]},{"animations":[],"layers":[],"initialState":{"affineTransform":[1,0,0,1,0,0],"masksToBounds":false,"rotation":0,"scale":1,"position":{"pointX":364.3688958740235,"pointY":230.0940704345703},"width":622,"sublayerTransform":[1,0,0,0,0,1,0,0,0,0,1,0,0,0,0,1],"contentsRect":{"y":0,"x":0,"width":1,"height":1},"opacity":1,"edgeAntialiasingMask":0,"height":278,"hidden":false,"anchorPoint":{"pointX":0.5,"pointY":0.5}},"texture":"50038BDD07D4BFE58CDED805126E6BD7"}]},"effects":[{"beginTime":0,"baseLayer":{"animations":[],"initialState":{"affineTransform":[1,0,0,1,0,0],"masksToBounds":false,"rotation":0,"scale":1,"position":{"pointX":505.1147235107422,"pointY":384},"width":836.9672387695313,"sublayerTransform":[1,0,0,0,0,1,0,0,0,0,1,0,0,0,0,1],"contentsRect":{"y":0,"x":0,"width":1,"height":1},"opacity":1,"edgeAntialiasingMask":15,"height":396.1881408691406,"hidden":false,"anchorPoint":{"pointX":0.5,"pointY":0.5}},"objectID":"41241C1B-06E0-430F-9B3E-019B8F4968D7","layers":[{"animations":[],"layers":[],"initialState":{"affineTransform":[1,0,0,1,0,0],"masksToBounds":false,"rotation":0,"scale":1,"position":{"pointX":418.3688958740235,"pointY":198.0940704345703},"width":840,"sublayerTransform":[1,0,0,0,0,1,0,0,0,0,1,0,0,0,0,1],"contentsRect":{"y":0,"x":0,"width":1,"height":1},"opacity":1,"edgeAntialiasingMask":0,"height":400,"hidden":false,"anchorPoint":{"pointX":0.5,"pointY":0.5}},"texture":"498BFFE29D177C75EA254879B1D68B01"},{"animations":[],"initialState":{"affineTransform":[1,0,0,1,0,0],"masksToBounds":false,"rotation":0,"scale":1,"position":{"pointX":425.3688958740235,"pointY":198.0940704345703},"width":836.9672387695313,"sublayerTransform":[1,0,0,0,0,1,0,0,0,0,1,-0.0004922987690640373,0,0,0,1],"contentsRect":{"y":0,"x":0,"width":1,"height":1},"opacity":1,"edgeAntialiasingMask":15,"height":396.1881408691406,"hidden":false,"anchorPoint":{"pointX":0.5082264587791754,"pointY":0.5}},"layers":[{"animations":[{"repeatCount":0,"animations":[{"from":{"scalar":0},"beginTime":0,"repeatCount":0,"fillMode":"both","property":"opacity","duration":0.2,"timingFunction":"easeInEaseOut","to":{"scalar":1}},{"from":{"scalar":false},"beginTime":0,"repeatCount":0,"fillMode":"forwards","property":"hidden","duration":0.2,"to":{"scalar":false}}],"beginTime":1e-100,"fillMode":"both","duration":0.2}],"layers":[],"initialState":{"affineTransform":[1,0,0,1,0,0],"masksToBounds":false,"rotation":0,"scale":1,"position":{"pointX":131.8688958740235,"pointY":350.0940704345703},"width":31,"sublayerTransform":[1,0,0,0,0,1,0,0,0,0,1,0,0,0,0,1],"contentsRect":{"y":0,"x":0,"width":1,"height":1},"opacity":1,"edgeAntialiasingMask":0,"height":38,"hidden":true,"anchorPoint":{"pointX":0.5,"pointY":0.5}},"texture":"05E5CEA358168ACCF525BBCE491E099B"}]},{"animations":[],"layers":[],"initialState":{"affineTransform":[1,0,0,1,0,0],"masksToBounds":false,"rotation":0,"scale":1,"position":{"pointX":379.8688958740235,"pointY":230.0940704345703},"width":653,"sublayerTransform":[1,0,0,0,0,1,0,0,0,0,1,0,0,0,0,1],"contentsRect":{"y":0,"x":0,"width":1,"height":1},"opacity":1,"edgeAntialiasingMask":0,"height":278,"hidden":false,"anchorPoint":{"pointX":0.5,"pointY":0.5}},"texture":"E321AD2CFB6AD702F3521F6D77FCA6B4"}]},"effects":[{"beginTime":0,"baseLayer":{"animations":[],"initialState":{"affineTransform":[1,0,0,1,0,0],"masksToBounds":false,"rotation":0,"scale":1,"position":{"pointX":505.1147235107422,"pointY":384},"width":836.9672387695313,"sublayerTransform":[1,0,0,0,0,1,0,0,0,0,1,0,0,0,0,1],"contentsRect":{"y":0,"x":0,"width":1,"height":1},"opacity":1,"edgeAntialiasingMask":15,"height":396.1881408691406,"hidden":false,"anchorPoint":{"pointX":0.5,"pointY":0.5}},"objectID":"41241C1B-06E0-430F-9B3E-019B8F4968D7","layers":[{"animations":[],"layers":[],"initialState":{"affineTransform":[1,0,0,1,0,0],"masksToBounds":false,"rotation":0,"scale":1,"position":{"pointX":418.3688958740235,"pointY":198.0940704345703},"width":840,"sublayerTransform":[1,0,0,0,0,1,0,0,0,0,1,0,0,0,0,1],"contentsRect":{"y":0,"x":0,"width":1,"height":1},"opacity":1,"edgeAntialiasingMask":0,"height":400,"hidden":false,"anchorPoint":{"pointX":0.5,"pointY":0.5}},"texture":"498BFFE29D177C75EA254879B1D68B01"},{"animations":[],"initialState":{"affineTransform":[1,0,0,1,0,0],"masksToBounds":false,"rotation":0,"scale":1,"position":{"pointX":425.3688958740235,"pointY":198.0940704345703},"width":836.9672387695313,"sublayerTransform":[1,0,0,0,0,1,0,0,0,0,1,-0.0004922987690640373,0,0,0,1],"contentsRect":{"y":0,"x":0,"width":1,"height":1},"opacity":1,"edgeAntialiasingMask":15,"height":396.1881408691406,"hidden":false,"anchorPoint":{"pointX":0.5082264587791754,"pointY":0.5}},"layers":[{"animations":[{"repeatCount":0,"animations":[{"from":{"scalar":0},"beginTime":0,"repeatCount":0,"fillMode":"both","property":"opacity","duration":0.2,"timingFunction":"easeInEaseOut","to":{"scalar":1}},{"from":{"scalar":false},"beginTime":0,"repeatCount":0,"fillMode":"forwards","property":"hidden","duration":0.2,"to":{"scalar":false}}],"beginTime":1e-100,"fillMode":"both","duration":0.2}],"layers":[],"initialState":{"affineTransform":[1,0,0,1,0,0],"masksToBounds":false,"rotation":0,"scale":1,"position":{"pointX":328.8688958740235,"pointY":351.5940704345703},"width":31,"sublayerTransform":[1,0,0,0,0,1,0,0,0,0,1,0,0,0,0,1],"contentsRect":{"y":0,"x":0,"width":1,"height":1},"opacity":1,"edgeAntialiasingMask":0,"height":35,"hidden":true,"anchorPoint":{"pointX":0.5,"pointY":0.5}},"texture":"4F6DAD14A0DE6475102199F0C5BE878C"}]},{"animations":[],"layers":[],"initialState":{"affineTransform":[1,0,0,1,0,0],"masksToBounds":false,"rotation":0,"scale":1,"position":{"pointX":379.8688958740235,"pointY":230.0940704345703},"width":653,"sublayerTransform":[1,0,0,0,0,1,0,0,0,0,1,0,0,0,0,1],"contentsRect":{"y":0,"x":0,"width":1,"height":1},"opacity":1,"edgeAntialiasingMask":0,"height":278,"hidden":false,"anchorPoint":{"pointX":0.5,"pointY":0.5}},"texture":"A67AEE6B8F81CAEE47D3F0495596C1BD"}]},"effects":[{"beginTime":0,"baseLayer":{"animations":[],"initialState":{"affineTransform":[1,0,0,1,0,0],"masksToBounds":false,"rotation":0,"scale":1,"position":{"pointX":505.1147235107422,"pointY":384},"width":836.9672387695313,"sublayerTransform":[1,0,0,0,0,1,0,0,0,0,1,0,0,0,0,1],"contentsRect":{"y":0,"x":0,"width":1,"height":1},"opacity":1,"edgeAntialiasingMask":15,"height":396.1881408691406,"hidden":false,"anchorPoint":{"pointX":0.5,"pointY":0.5}},"objectID":"41241C1B-06E0-430F-9B3E-019B8F4968D7","layers":[{"animations":[],"layers":[],"initialState":{"affineTransform":[1,0,0,1,0,0],"masksToBounds":false,"rotation":0,"scale":1,"position":{"pointX":418.3688958740235,"pointY":198.0940704345703},"width":840,"sublayerTransform":[1,0,0,0,0,1,0,0,0,0,1,0,0,0,0,1],"contentsRect":{"y":0,"x":0,"width":1,"height":1},"opacity":1,"edgeAntialiasingMask":0,"height":400,"hidden":false,"anchorPoint":{"pointX":0.5,"pointY":0.5}},"texture":"498BFFE29D177C75EA254879B1D68B01"},{"animations":[],"initialState":{"affineTransform":[1,0,0,1,0,0],"masksToBounds":false,"rotation":0,"scale":1,"position":{"pointX":425.3688958740235,"pointY":198.0940704345703},"width":836.9672387695313,"sublayerTransform":[1,0,0,0,0,1,0,0,0,0,1,-0.0004922987690640373,0,0,0,1],"contentsRect":{"y":0,"x":0,"width":1,"height":1},"opacity":1,"edgeAntialiasingMask":15,"height":396.1881408691406,"hidden":false,"anchorPoint":{"pointX":0.5082264587791754,"pointY":0.5}},"layers":[{"animations":[{"repeatCount":0,"animations":[{"from":{"scalar":0},"beginTime":0,"repeatCount":0,"fillMode":"both","property":"opacity","duration":0.2,"timingFunction":"easeInEaseOut","to":{"scalar":1}},{"from":{"scalar":false},"beginTime":0,"repeatCount":0,"fillMode":"forwards","property":"hidden","duration":0.2,"to":{"scalar":false}}],"beginTime":1e-100,"fillMode":"both","duration":0.2}],"layers":[],"initialState":{"affineTransform":[1,0,0,1,0,0],"masksToBounds":false,"rotation":0,"scale":1,"position":{"pointX":525.3688958740235,"pointY":350.0940704345703},"width":32,"sublayerTransform":[1,0,0,0,0,1,0,0,0,0,1,0,0,0,0,1],"contentsRect":{"y":0,"x":0,"width":1,"height":1},"opacity":1,"edgeAntialiasingMask":0,"height":38,"hidden":true,"anchorPoint":{"pointX":0.5,"pointY":0.5}},"texture":"07DFB7A30BB84C7446694B82E120C6F5"}]},{"animations":[],"layers":[],"initialState":{"affineTransform":[1,0,0,1,0,0],"masksToBounds":false,"rotation":0,"scale":1,"position":{"pointX":379.8688958740235,"pointY":230.0940704345703},"width":653,"sublayerTransform":[1,0,0,0,0,1,0,0,0,0,1,0,0,0,0,1],"contentsRect":{"y":0,"x":0,"width":1,"height":1},"opacity":1,"edgeAntialiasingMask":0,"height":278,"hidden":false,"anchorPoint":{"pointX":0.5,"pointY":0.5}},"texture":"EB3CC2900EAF1FEBD91AA042B093D31F"}]},"effects":[{"beginTime":0,"baseLayer":{"animations":[],"initialState":{"affineTransform":[1,0,0,1,0,0],"masksToBounds":false,"rotation":0,"scale":1,"position":{"pointX":505.1147235107422,"pointY":384},"width":836.9672387695313,"sublayerTransform":[1,0,0,0,0,1,0,0,0,0,1,0,0,0,0,1],"contentsRect":{"y":0,"x":0,"width":1,"height":1},"opacity":1,"edgeAntialiasingMask":15,"height":396.1881408691406,"hidden":false,"anchorPoint":{"pointX":0.5,"pointY":0.5}},"objectID":"41241C1B-06E0-430F-9B3E-019B8F4968D7","layers":[{"animations":[],"layers":[],"initialState":{"affineTransform":[1,0,0,1,0,0],"masksToBounds":false,"rotation":0,"scale":1,"position":{"pointX":418.3688958740235,"pointY":198.0940704345703},"width":840,"sublayerTransform":[1,0,0,0,0,1,0,0,0,0,1,0,0,0,0,1],"contentsRect":{"y":0,"x":0,"width":1,"height":1},"opacity":1,"edgeAntialiasingMask":0,"height":400,"hidden":false,"anchorPoint":{"pointX":0.5,"pointY":0.5}},"texture":"498BFFE29D177C75EA254879B1D68B01"},{"animations":[],"initialState":{"affineTransform":[1,0,0,1,0,0],"masksToBounds":false,"rotation":0,"scale":1,"position":{"pointX":425.3688958740235,"pointY":198.0940704345703},"width":836.9672387695313,"sublayerTransform":[1,0,0,0,0,1,0,0,0,0,1,-0.0004922987690640373,0,0,0,1],"contentsRect":{"y":0,"x":0,"width":1,"height":1},"opacity":1,"edgeAntialiasingMask":15,"height":396.1881408691406,"hidden":false,"anchorPoint":{"pointX":0.5082264587791754,"pointY":0.5}},"layers":[{"animations":[{"repeatCount":0,"animations":[{"from":{"scalar":0},"beginTime":0,"repeatCount":0,"fillMode":"both","property":"opacity","duration":0.2,"timingFunction":"easeInEaseOut","to":{"scalar":1}},{"from":{"scalar":false},"beginTime":0,"repeatCount":0,"fillMode":"forwards","property":"hidden","duration":0.2,"to":{"scalar":false}}],"beginTime":1e-100,"fillMode":"both","duration":0.2}],"layers":[],"initialState":{"affineTransform":[1,0,0,1,0,0],"masksToBounds":false,"rotation":0,"scale":1,"position":{"pointX":722.3688958740235,"pointY":350.0940704345703},"width":32,"sublayerTransform":[1,0,0,0,0,1,0,0,0,0,1,0,0,0,0,1],"contentsRect":{"y":0,"x":0,"width":1,"height":1},"opacity":1,"edgeAntialiasingMask":0,"height":38,"hidden":true,"anchorPoint":{"pointX":0.5,"pointY":0.5}},"texture":"100364CF208444F85EBB3305975ABF96"}]},{"animations":[],"layers":[],"initialState":{"affineTransform":[1,0,0,1,0,0],"masksToBounds":false,"rotation":0,"scale":1,"position":{"pointX":379.8688958740235,"pointY":230.0940704345703},"width":653,"sublayerTransform":[1,0,0,0,0,1,0,0,0,0,1,0,0,0,0,1],"contentsRect":{"y":0,"x":0,"width":1,"height":1},"opacity":1,"edgeAntialiasingMask":0,"height":278,"hidden":false,"anchorPoint":{"pointX":0.5,"pointY":0.5}},"texture":"6F5F196EA94F238944F23F52F4B92174"}]},"effects":[{"beginTime":0,"baseLayer":{"animations":[],"initialState":{"affineTransform":[1,0,0,1,0,0],"masksToBounds":false,"rotation":0,"scale":1,"position":{"pointX":505.1147235107422,"pointY":384},"width":836.9672387695313,"sublayerTransform":[1,0,0,0,0,1,0,0,0,0,1,0,0,0,0,1],"contentsRect":{"y":0,"x":0,"width":1,"height":1},"opacity":1,"edgeAntialiasingMask":15,"height":396.1881408691406,"hidden":false,"anchorPoint":{"pointX":0.5,"pointY":0.5}},"objectID":"41241C1B-06E0-430F-9B3E-019B8F4968D7","layers":[{"animations":[],"layers":[],"initialState":{"affineTransform":[1,0,0,1,0,0],"masksToBounds":false,"rotation":0,"scale":1,"position":{"pointX":418.3688958740235,"pointY":198.0940704345703},"width":840,"sublayerTransform":[1,0,0,0,0,1,0,0,0,0,1,0,0,0,0,1],"contentsRect":{"y":0,"x":0,"width":1,"height":1},"opacity":1,"edgeAntialiasingMask":0,"height":400,"hidden":false,"anchorPoint":{"pointX":0.5,"pointY":0.5}},"texture":"498BFFE29D177C75EA254879B1D68B01"},{"animations":[],"initialState":{"affineTransform":[1,0,0,1,0,0],"masksToBounds":false,"rotation":0,"scale":1,"position":{"pointX":425.3688958740235,"pointY":198.0940704345703},"width":836.9672387695313,"sublayerTransform":[1,0,0,0,0,1,0,0,0,0,1,-0.0004922987690640373,0,0,0,1],"contentsRect":{"y":0,"x":0,"width":1,"height":1},"opacity":1,"edgeAntialiasingMask":15,"height":396.1881408691406,"hidden":false,"anchorPoint":{"pointX":0.5082264587791754,"pointY":0.5}},"layers":[{"animations":[{"repeatCount":0,"animations":[{"from":{"scalar":0},"beginTime":0,"repeatCount":0,"fillMode":"both","property":"opacity","duration":0.2,"timingFunction":"easeInEaseOut","to":{"scalar":1}},{"from":{"scalar":false},"beginTime":0,"repeatCount":0,"fillMode":"forwards","property":"hidden","duration":0.2,"to":{"scalar":false}}],"beginTime":1e-100,"fillMode":"both","duration":0.2}],"layers":[],"initialState":{"affineTransform":[1,0,0,1,0,0],"masksToBounds":false,"rotation":0,"scale":1,"position":{"pointX":163.3688958740235,"pointY":336.0940704345703},"width":32,"sublayerTransform":[1,0,0,0,0,1,0,0,0,0,1,0,0,0,0,1],"contentsRect":{"y":0,"x":0,"width":1,"height":1},"opacity":1,"edgeAntialiasingMask":0,"height":66,"hidden":true,"anchorPoint":{"pointX":0.5,"pointY":0.5}},"texture":"B5A3BF6787800064B56766F3F0FE1928"}]},{"animations":[],"layers":[],"initialState":{"affineTransform":[1,0,0,1,0,0],"masksToBounds":false,"rotation":0,"scale":1,"position":{"pointX":395.8688958740235,"pointY":230.0940704345703},"width":685,"sublayerTransform":[1,0,0,0,0,1,0,0,0,0,1,0,0,0,0,1],"contentsRect":{"y":0,"x":0,"width":1,"height":1},"opacity":1,"edgeAntialiasingMask":0,"height":278,"hidden":false,"anchorPoint":{"pointX":0.5,"pointY":0.5}},"texture":"967465BB768F8F1D58D42D807C3FD14F"}]},"effects":[{"beginTime":0,"baseLayer":{"animations":[],"initialState":{"affineTransform":[1,0,0,1,0,0],"masksToBounds":false,"rotation":0,"scale":1,"position":{"pointX":505.1147235107422,"pointY":384},"width":836.9672387695313,"sublayerTransform":[1,0,0,0,0,1,0,0,0,0,1,0,0,0,0,1],"contentsRect":{"y":0,"x":0,"width":1,"height":1},"opacity":1,"edgeAntialiasingMask":15,"height":396.1881408691406,"hidden":false,"anchorPoint":{"pointX":0.5,"pointY":0.5}},"objectID":"41241C1B-06E0-430F-9B3E-019B8F4968D7","layers":[{"animations":[],"layers":[],"initialState":{"affineTransform":[1,0,0,1,0,0],"masksToBounds":false,"rotation":0,"scale":1,"position":{"pointX":418.3688958740235,"pointY":198.0940704345703},"width":840,"sublayerTransform":[1,0,0,0,0,1,0,0,0,0,1,0,0,0,0,1],"contentsRect":{"y":0,"x":0,"width":1,"height":1},"opacity":1,"edgeAntialiasingMask":0,"height":400,"hidden":false,"anchorPoint":{"pointX":0.5,"pointY":0.5}},"texture":"498BFFE29D177C75EA254879B1D68B01"},{"animations":[],"initialState":{"affineTransform":[1,0,0,1,0,0],"masksToBounds":false,"rotation":0,"scale":1,"position":{"pointX":425.3688958740235,"pointY":198.0940704345703},"width":836.9672387695313,"sublayerTransform":[1,0,0,0,0,1,0,0,0,0,1,-0.0004922987690640373,0,0,0,1],"contentsRect":{"y":0,"x":0,"width":1,"height":1},"opacity":1,"edgeAntialiasingMask":15,"height":396.1881408691406,"hidden":false,"anchorPoint":{"pointX":0.5082264587791754,"pointY":0.5}},"layers":[{"animations":[{"repeatCount":0,"animations":[{"from":{"scalar":0},"beginTime":0,"repeatCount":0,"fillMode":"both","property":"opacity","duration":0.2,"timingFunction":"easeInEaseOut","to":{"scalar":1}},{"from":{"scalar":false},"beginTime":0,"repeatCount":0,"fillMode":"forwards","property":"hidden","duration":0.2,"to":{"scalar":false}}],"beginTime":1e-100,"fillMode":"both","duration":0.2}],"layers":[],"initialState":{"affineTransform":[1,0,0,1,0,0],"masksToBounds":false,"rotation":0,"scale":1,"position":{"pointX":360.3688958740235,"pointY":208.5940704345703},"width":32,"sublayerTransform":[1,0,0,0,0,1,0,0,0,0,1,0,0,0,0,1],"contentsRect":{"y":0,"x":0,"width":1,"height":1},"opacity":1,"edgeAntialiasingMask":0,"height":321,"hidden":true,"anchorPoint":{"pointX":0.5,"pointY":0.5}},"texture":"3DD5A5A1C2B7E2CBA04D59467DABAE68"}]},{"animations":[],"layers":[],"initialState":{"affineTransform":[1,0,0,1,0,0],"masksToBounds":false,"rotation":0,"scale":1,"position":{"pointX":395.8688958740235,"pointY":230.0940704345703},"width":685,"sublayerTransform":[1,0,0,0,0,1,0,0,0,0,1,0,0,0,0,1],"contentsRect":{"y":0,"x":0,"width":1,"height":1},"opacity":1,"edgeAntialiasingMask":0,"height":278,"hidden":false,"anchorPoint":{"pointX":0.5,"pointY":0.5}},"texture":"8303A4505B01E45D8BC454D20D660E69"}]},"effects":[{"beginTime":0,"baseLayer":{"animations":[],"initialState":{"affineTransform":[1,0,0,1,0,0],"masksToBounds":false,"rotation":0,"scale":1,"position":{"pointX":505.1147235107422,"pointY":384},"width":836.9672387695313,"sublayerTransform":[1,0,0,0,0,1,0,0,0,0,1,0,0,0,0,1],"contentsRect":{"y":0,"x":0,"width":1,"height":1},"opacity":1,"edgeAntialiasingMask":15,"height":396.1881408691406,"hidden":false,"anchorPoint":{"pointX":0.5,"pointY":0.5}},"objectID":"41241C1B-06E0-430F-9B3E-019B8F4968D7","layers":[{"animations":[],"layers":[],"initialState":{"affineTransform":[1,0,0,1,0,0],"masksToBounds":false,"rotation":0,"scale":1,"position":{"pointX":418.3688958740235,"pointY":198.0940704345703},"width":840,"sublayerTransform":[1,0,0,0,0,1,0,0,0,0,1,0,0,0,0,1],"contentsRect":{"y":0,"x":0,"width":1,"height":1},"opacity":1,"edgeAntialiasingMask":0,"height":400,"hidden":false,"anchorPoint":{"pointX":0.5,"pointY":0.5}},"texture":"498BFFE29D177C75EA254879B1D68B01"},{"animations":[],"initialState":{"affineTransform":[1,0,0,1,0,0],"masksToBounds":false,"rotation":0,"scale":1,"position":{"pointX":425.3688958740235,"pointY":198.0940704345703},"width":836.9672387695313,"sublayerTransform":[1,0,0,0,0,1,0,0,0,0,1,-0.0004922987690640373,0,0,0,1],"contentsRect":{"y":0,"x":0,"width":1,"height":1},"opacity":1,"edgeAntialiasingMask":15,"height":396.1881408691406,"hidden":false,"anchorPoint":{"pointX":0.5082264587791754,"pointY":0.5}},"layers":[{"animations":[{"repeatCount":0,"animations":[{"from":{"scalar":0},"beginTime":0,"repeatCount":0,"fillMode":"both","property":"opacity","duration":0.2,"timingFunction":"easeInEaseOut","to":{"scalar":1}},{"from":{"scalar":false},"beginTime":0,"repeatCount":0,"fillMode":"forwards","property":"hidden","duration":0.2,"to":{"scalar":false}}],"beginTime":1e-100,"fillMode":"both","duration":0.2}],"layers":[],"initialState":{"affineTransform":[1,0,0,1,0,0],"masksToBounds":false,"rotation":0,"scale":1,"position":{"pointX":556.8688958740235,"pointY":303.0940704345703},"width":31,"sublayerTransform":[1,0,0,0,0,1,0,0,0,0,1,0,0,0,0,1],"contentsRect":{"y":0,"x":0,"width":1,"height":1},"opacity":1,"edgeAntialiasingMask":0,"height":132,"hidden":true,"anchorPoint":{"pointX":0.5,"pointY":0.5}},"texture":"B605A48CFB0B61C03BC5BEFDDE0BA99C"}]},{"animations":[],"layers":[],"initialState":{"affineTransform":[1,0,0,1,0,0],"masksToBounds":false,"rotation":0,"scale":1,"position":{"pointX":395.8688958740235,"pointY":208.5940704345703},"width":685,"sublayerTransform":[1,0,0,0,0,1,0,0,0,0,1,0,0,0,0,1],"contentsRect":{"y":0,"x":0,"width":1,"height":1},"opacity":1,"edgeAntialiasingMask":0,"height":321,"hidden":false,"anchorPoint":{"pointX":0.5,"pointY":0.5}},"texture":"4E5F0835ACD0B15285097233386AE419"}]},"effects":[{"beginTime":0,"baseLayer":{"animations":[],"initialState":{"affineTransform":[1,0,0,1,0,0],"masksToBounds":false,"rotation":0,"scale":1,"position":{"pointX":505.1147235107422,"pointY":384},"width":836.9672387695313,"sublayerTransform":[1,0,0,0,0,1,0,0,0,0,1,0,0,0,0,1],"contentsRect":{"y":0,"x":0,"width":1,"height":1},"opacity":1,"edgeAntialiasingMask":15,"height":396.1881408691406,"hidden":false,"anchorPoint":{"pointX":0.5,"pointY":0.5}},"objectID":"41241C1B-06E0-430F-9B3E-019B8F4968D7","layers":[{"animations":[],"layers":[],"initialState":{"affineTransform":[1,0,0,1,0,0],"masksToBounds":false,"rotation":0,"scale":1,"position":{"pointX":418.3688958740235,"pointY":198.0940704345703},"width":840,"sublayerTransform":[1,0,0,0,0,1,0,0,0,0,1,0,0,0,0,1],"contentsRect":{"y":0,"x":0,"width":1,"height":1},"opacity":1,"edgeAntialiasingMask":0,"height":400,"hidden":false,"anchorPoint":{"pointX":0.5,"pointY":0.5}},"texture":"498BFFE29D177C75EA254879B1D68B01"},{"animations":[],"initialState":{"affineTransform":[1,0,0,1,0,0],"masksToBounds":false,"rotation":0,"scale":1,"position":{"pointX":425.3688958740235,"pointY":198.0940704345703},"width":836.9672387695313,"sublayerTransform":[1,0,0,0,0,1,0,0,0,0,1,-0.0004922987690640373,0,0,0,1],"contentsRect":{"y":0,"x":0,"width":1,"height":1},"opacity":1,"edgeAntialiasingMask":15,"height":396.1881408691406,"hidden":false,"anchorPoint":{"pointX":0.5082264587791754,"pointY":0.5}},"layers":[{"animations":[{"repeatCount":0,"animations":[{"from":{"scalar":0},"beginTime":0,"repeatCount":0,"fillMode":"both","property":"opacity","duration":0.2,"timingFunction":"easeInEaseOut","to":{"scalar":1}},{"from":{"scalar":false},"beginTime":0,"repeatCount":0,"fillMode":"forwards","property":"hidden","duration":0.2,"to":{"scalar":false}}],"beginTime":1e-100,"fillMode":"both","duration":0.2}],"layers":[],"initialState":{"affineTransform":[1,0,0,1,0,0],"masksToBounds":false,"rotation":0,"scale":1,"position":{"pointX":753.8688958740235,"pointY":341.5940704345703},"width":31,"sublayerTransform":[1,0,0,0,0,1,0,0,0,0,1,0,0,0,0,1],"contentsRect":{"y":0,"x":0,"width":1,"height":1},"opacity":1,"edgeAntialiasingMask":0,"height":55,"hidden":true,"anchorPoint":{"pointX":0.5,"pointY":0.5}},"texture":"B521E3707ED113E7D795291058DFD48C"}]},{"animations":[],"layers":[],"initialState":{"affineTransform":[1,0,0,1,0,0],"masksToBounds":false,"rotation":0,"scale":1,"position":{"pointX":395.8688958740235,"pointY":208.5940704345703},"width":685,"sublayerTransform":[1,0,0,0,0,1,0,0,0,0,1,0,0,0,0,1],"contentsRect":{"y":0,"x":0,"width":1,"height":1},"opacity":1,"edgeAntialiasingMask":0,"height":321,"hidden":false,"anchorPoint":{"pointX":0.5,"pointY":0.5}},"texture":"D3CA9B8245AEF746FCD1C0808076C316"}]},"effects":[{"beginTime":0,"baseLayer":{"animations":[],"initialState":{"affineTransform":[1,0,0,1,0,0],"masksToBounds":false,"rotation":0,"scale":1,"position":{"pointX":505.1147235107422,"pointY":384},"width":836.9672387695313,"sublayerTransform":[1,0,0,0,0,1,0,0,0,0,1,0,0,0,0,1],"contentsRect":{"y":0,"x":0,"width":1,"height":1},"opacity":1,"edgeAntialiasingMask":15,"height":396.1881408691406,"hidden":false,"anchorPoint":{"pointX":0.5,"pointY":0.5}},"objectID":"41241C1B-06E0-430F-9B3E-019B8F4968D7","layers":[{"animations":[],"layers":[],"initialState":{"affineTransform":[1,0,0,1,0,0],"masksToBounds":false,"rotation":0,"scale":1,"position":{"pointX":418.3688958740235,"pointY":198.0940704345703},"width":840,"sublayerTransform":[1,0,0,0,0,1,0,0,0,0,1,0,0,0,0,1],"contentsRect":{"y":0,"x":0,"width":1,"height":1},"opacity":1,"edgeAntialiasingMask":0,"height":400,"hidden":false,"anchorPoint":{"pointX":0.5,"pointY":0.5}},"texture":"498BFFE29D177C75EA254879B1D68B01"},{"animations":[],"initialState":{"affineTransform":[1,0,0,1,0,0],"masksToBounds":false,"rotation":0,"scale":1,"position":{"pointX":425.3688958740235,"pointY":198.0940704345703},"width":836.9672387695313,"sublayerTransform":[1,0,0,0,0,1,0,0,0,0,1,-0.0004922987690640373,0,0,0,1],"contentsRect":{"y":0,"x":0,"width":1,"height":1},"opacity":1,"edgeAntialiasingMask":15,"height":396.1881408691406,"hidden":false,"anchorPoint":{"pointX":0.5082264587791754,"pointY":0.5}},"layers":[{"animations":[{"repeatCount":0,"animations":[{"from":{"scalar":0},"beginTime":0,"repeatCount":0,"fillMode":"both","property":"opacity","duration":0.2,"timingFunction":"easeInEaseOut","to":{"scalar":1}},{"from":{"scalar":false},"beginTime":0,"repeatCount":0,"fillMode":"forwards","property":"hidden","duration":0.2,"to":{"scalar":false}}],"beginTime":1e-100,"fillMode":"both","duration":0.2}],"layers":[],"initialState":{"affineTransform":[1,0,0,1,0,0],"masksToBounds":false,"rotation":0,"scale":1,"position":{"pointX":194.8688958740235,"pointY":304.5940704345703},"width":31,"sublayerTransform":[1,0,0,0,0,1,0,0,0,0,1,0,0,0,0,1],"contentsRect":{"y":0,"x":0,"width":1,"height":1},"opacity":1,"edgeAntialiasingMask":0,"height":129,"hidden":true,"anchorPoint":{"pointX":0.5,"pointY":0.5}},"texture":"A0E4297ECBD427E942AB74449F39ED76"}]},{"animations":[],"layers":[],"initialState":{"affineTransform":[1,0,0,1,0,0],"masksToBounds":false,"rotation":0,"scale":1,"position":{"pointX":411.3688958740235,"pointY":208.5940704345703},"width":716,"sublayerTransform":[1,0,0,0,0,1,0,0,0,0,1,0,0,0,0,1],"contentsRect":{"y":0,"x":0,"width":1,"height":1},"opacity":1,"edgeAntialiasingMask":0,"height":321,"hidden":false,"anchorPoint":{"pointX":0.5,"pointY":0.5}},"texture":"AD3CD5A86E4FA8DB835F35447A27386E"}]},"effects":[{"beginTime":0,"baseLayer":{"animations":[],"initialState":{"affineTransform":[1,0,0,1,0,0],"masksToBounds":false,"rotation":0,"scale":1,"position":{"pointX":505.1147235107422,"pointY":384},"width":836.9672387695313,"sublayerTransform":[1,0,0,0,0,1,0,0,0,0,1,0,0,0,0,1],"contentsRect":{"y":0,"x":0,"width":1,"height":1},"opacity":1,"edgeAntialiasingMask":15,"height":396.1881408691406,"hidden":false,"anchorPoint":{"pointX":0.5,"pointY":0.5}},"objectID":"41241C1B-06E0-430F-9B3E-019B8F4968D7","layers":[{"animations":[],"layers":[],"initialState":{"affineTransform":[1,0,0,1,0,0],"masksToBounds":false,"rotation":0,"scale":1,"position":{"pointX":418.3688958740235,"pointY":198.0940704345703},"width":840,"sublayerTransform":[1,0,0,0,0,1,0,0,0,0,1,0,0,0,0,1],"contentsRect":{"y":0,"x":0,"width":1,"height":1},"opacity":1,"edgeAntialiasingMask":0,"height":400,"hidden":false,"anchorPoint":{"pointX":0.5,"pointY":0.5}},"texture":"498BFFE29D177C75EA254879B1D68B01"},{"animations":[],"initialState":{"affineTransform":[1,0,0,1,0,0],"masksToBounds":false,"rotation":0,"scale":1,"position":{"pointX":425.3688958740235,"pointY":198.0940704345703},"width":836.9672387695313,"sublayerTransform":[1,0,0,0,0,1,0,0,0,0,1,-0.0004922987690640373,0,0,0,1],"contentsRect":{"y":0,"x":0,"width":1,"height":1},"opacity":1,"edgeAntialiasingMask":15,"height":396.1881408691406,"hidden":false,"anchorPoint":{"pointX":0.5082264587791754,"pointY":0.5}},"layers":[{"animations":[{"repeatCount":0,"animations":[{"from":{"scalar":0},"beginTime":0,"repeatCount":0,"fillMode":"both","property":"opacity","duration":0.2,"timingFunction":"easeInEaseOut","to":{"scalar":1}},{"from":{"scalar":false},"beginTime":0,"repeatCount":0,"fillMode":"forwards","property":"hidden","duration":0.2,"to":{"scalar":false}}],"beginTime":1e-100,"fillMode":"both","duration":0.2}],"layers":[],"initialState":{"affineTransform":[1,0,0,1,0,0],"masksToBounds":false,"rotation":0,"scale":1,"position":{"pointX":391.3688958740235,"pointY":336.0940704345703},"width":32,"sublayerTransform":[1,0,0,0,0,1,0,0,0,0,1,0,0,0,0,1],"contentsRect":{"y":0,"x":0,"width":1,"height":1},"opacity":1,"edgeAntialiasingMask":0,"height":66,"hidden":true,"anchorPoint":{"pointX":0.5,"pointY":0.5}},"texture":"B1A9BB550B5DDF904D9D0A674BF54725"}]},{"animations":[],"layers":[],"initialState":{"affineTransform":[1,0,0,1,0,0],"masksToBounds":false,"rotation":0,"scale":1,"position":{"pointX":411.3688958740235,"pointY":208.5940704345703},"width":716,"sublayerTransform":[1,0,0,0,0,1,0,0,0,0,1,0,0,0,0,1],"contentsRect":{"y":0,"x":0,"width":1,"height":1},"opacity":1,"edgeAntialiasingMask":0,"height":321,"hidden":false,"anchorPoint":{"pointX":0.5,"pointY":0.5}},"texture":"4C79098726F91750556BFEB526E2BA09"}]},"effects":[{"beginTime":0,"baseLayer":{"animations":[],"initialState":{"affineTransform":[1,0,0,1,0,0],"masksToBounds":false,"rotation":0,"scale":1,"position":{"pointX":505.1147235107422,"pointY":384},"width":836.9672387695313,"sublayerTransform":[1,0,0,0,0,1,0,0,0,0,1,0,0,0,0,1],"contentsRect":{"y":0,"x":0,"width":1,"height":1},"opacity":1,"edgeAntialiasingMask":15,"height":396.1881408691406,"hidden":false,"anchorPoint":{"pointX":0.5,"pointY":0.5}},"objectID":"41241C1B-06E0-430F-9B3E-019B8F4968D7","layers":[{"animations":[],"layers":[],"initialState":{"affineTransform":[1,0,0,1,0,0],"masksToBounds":false,"rotation":0,"scale":1,"position":{"pointX":418.3688958740235,"pointY":198.0940704345703},"width":840,"sublayerTransform":[1,0,0,0,0,1,0,0,0,0,1,0,0,0,0,1],"contentsRect":{"y":0,"x":0,"width":1,"height":1},"opacity":1,"edgeAntialiasingMask":0,"height":400,"hidden":false,"anchorPoint":{"pointX":0.5,"pointY":0.5}},"texture":"498BFFE29D177C75EA254879B1D68B01"},{"animations":[],"initialState":{"affineTransform":[1,0,0,1,0,0],"masksToBounds":false,"rotation":0,"scale":1,"position":{"pointX":425.3688958740235,"pointY":198.0940704345703},"width":836.9672387695313,"sublayerTransform":[1,0,0,0,0,1,0,0,0,0,1,-0.0004922987690640373,0,0,0,1],"contentsRect":{"y":0,"x":0,"width":1,"height":1},"opacity":1,"edgeAntialiasingMask":15,"height":396.1881408691406,"hidden":false,"anchorPoint":{"pointX":0.5082264587791754,"pointY":0.5}},"layers":[{"animations":[{"repeatCount":0,"animations":[{"from":{"scalar":0},"beginTime":0,"repeatCount":0,"fillMode":"both","property":"opacity","duration":0.2,"timingFunction":"easeInEaseOut","to":{"scalar":1}},{"from":{"scalar":false},"beginTime":0,"repeatCount":0,"fillMode":"forwards","property":"hidden","duration":0.2,"to":{"scalar":false}}],"beginTime":1e-100,"fillMode":"both","duration":0.2}],"layers":[],"initialState":{"affineTransform":[1,0,0,1,0,0],"masksToBounds":false,"rotation":0,"scale":1,"position":{"pointX":588.3688958740235,"pointY":287.0940704345703},"width":32,"sublayerTransform":[1,0,0,0,0,1,0,0,0,0,1,0,0,0,0,1],"contentsRect":{"y":0,"x":0,"width":1,"height":1},"opacity":1,"edgeAntialiasingMask":0,"height":164,"hidden":true,"anchorPoint":{"pointX":0.5,"pointY":0.5}},"texture":"33BCACDE913D17EF8511B3964688115C"}]},{"animations":[],"layers":[],"initialState":{"affineTransform":[1,0,0,1,0,0],"masksToBounds":false,"rotation":0,"scale":1,"position":{"pointX":411.3688958740235,"pointY":208.5940704345703},"width":716,"sublayerTransform":[1,0,0,0,0,1,0,0,0,0,1,0,0,0,0,1],"contentsRect":{"y":0,"x":0,"width":1,"height":1},"opacity":1,"edgeAntialiasingMask":0,"height":321,"hidden":false,"anchorPoint":{"pointX":0.5,"pointY":0.5}},"texture":"BD44E1A818365F7BCFFB343C67C5DF63"}]},"effects":[{"beginTime":0,"baseLayer":{"animations":[],"initialState":{"affineTransform":[1,0,0,1,0,0],"masksToBounds":false,"rotation":0,"scale":1,"position":{"pointX":505.1147235107422,"pointY":384},"width":836.9672387695313,"sublayerTransform":[1,0,0,0,0,1,0,0,0,0,1,0,0,0,0,1],"contentsRect":{"y":0,"x":0,"width":1,"height":1},"opacity":1,"edgeAntialiasingMask":15,"height":396.1881408691406,"hidden":false,"anchorPoint":{"pointX":0.5,"pointY":0.5}},"objectID":"41241C1B-06E0-430F-9B3E-019B8F4968D7","layers":[{"animations":[],"layers":[],"initialState":{"affineTransform":[1,0,0,1,0,0],"masksToBounds":false,"rotation":0,"scale":1,"position":{"pointX":418.3688958740235,"pointY":198.0940704345703},"width":840,"sublayerTransform":[1,0,0,0,0,1,0,0,0,0,1,0,0,0,0,1],"contentsRect":{"y":0,"x":0,"width":1,"height":1},"opacity":1,"edgeAntialiasingMask":0,"height":400,"hidden":false,"anchorPoint":{"pointX":0.5,"pointY":0.5}},"texture":"498BFFE29D177C75EA254879B1D68B01"},{"animations":[],"initialState":{"affineTransform":[1,0,0,1,0,0],"masksToBounds":false,"rotation":0,"scale":1,"position":{"pointX":425.3688958740235,"pointY":198.0940704345703},"width":836.9672387695313,"sublayerTransform":[1,0,0,0,0,1,0,0,0,0,1,-0.0004922987690640373,0,0,0,1],"contentsRect":{"y":0,"x":0,"width":1,"height":1},"opacity":1,"edgeAntialiasingMask":15,"height":396.1881408691406,"hidden":false,"anchorPoint":{"pointX":0.5082264587791754,"pointY":0.5}},"layers":[{"animations":[{"repeatCount":0,"animations":[{"from":{"scalar":0},"beginTime":0,"repeatCount":0,"fillMode":"both","property":"opacity","duration":0.2,"timingFunction":"easeInEaseOut","to":{"scalar":1}},{"from":{"scalar":false},"beginTime":0,"repeatCount":0,"fillMode":"forwards","property":"hidden","duration":0.2,"to":{"scalar":false}}],"beginTime":1e-100,"fillMode":"both","duration":0.2}],"layers":[],"initialState":{"affineTransform":[1,0,0,1,0,0],"masksToBounds":false,"rotation":0,"scale":1,"position":{"pointX":785.3688958740235,"pointY":318.5940704345703},"width":32,"sublayerTransform":[1,0,0,0,0,1,0,0,0,0,1,0,0,0,0,1],"contentsRect":{"y":0,"x":0,"width":1,"height":1},"opacity":1,"edgeAntialiasingMask":0,"height":101,"hidden":true,"anchorPoint":{"pointX":0.5,"pointY":0.5}},"texture":"89C24514B48CEB8B05FA96C76E08A815"}]},{"animations":[],"layers":[],"initialState":{"affineTransform":[1,0,0,1,0,0],"masksToBounds":false,"rotation":0,"scale":1,"position":{"pointX":411.3688958740235,"pointY":208.5940704345703},"width":716,"sublayerTransform":[1,0,0,0,0,1,0,0,0,0,1,0,0,0,0,1],"contentsRect":{"y":0,"x":0,"width":1,"height":1},"opacity":1,"edgeAntialiasingMask":0,"height":321,"hidden":false,"anchorPoint":{"pointX":0.5,"pointY":0.5}},"texture":"2936BA5BBF986265C805CA0F9C797FC8"}]},"effects":[{"beginTime":0,"baseLayer":{"animations":[],"initialState":{"affineTransform":[1,0,0,1,0,0],"masksToBounds":false,"rotation":0,"scale":1,"position":{"pointX":505.1147235107422,"pointY":384},"width":836.9672387695313,"sublayerTransform":[1,0,0,0,0,1,0,0,0,0,1,0,0,0,0,1],"contentsRect":{"y":0,"x":0,"width":1,"height":1},"opacity":1,"edgeAntialiasingMask":15,"height":396.1881408691406,"hidden":false,"anchorPoint":{"pointX":0.5,"pointY":0.5}},"objectID":"41241C1B-06E0-430F-9B3E-019B8F4968D7","layers":[{"animations":[],"layers":[],"initialState":{"affineTransform":[1,0,0,1,0,0],"masksToBounds":false,"rotation":0,"scale":1,"position":{"pointX":418.3688958740235,"pointY":198.0940704345703},"width":840,"sublayerTransform":[1,0,0,0,0,1,0,0,0,0,1,0,0,0,0,1],"contentsRect":{"y":0,"x":0,"width":1,"height":1},"opacity":1,"edgeAntialiasingMask":0,"height":400,"hidden":false,"anchorPoint":{"pointX":0.5,"pointY":0.5}},"texture":"498BFFE29D177C75EA254879B1D68B01"},{"animations":[],"initialState":{"affineTransform":[1,0,0,1,0,0],"masksToBounds":false,"rotation":0,"scale":1,"position":{"pointX":425.3688958740235,"pointY":198.0940704345703},"width":836.9672387695313,"sublayerTransform":[1,0,0,0,0,1,0,0,0,0,1,-0.0004922987690640373,0,0,0,1],"contentsRect":{"y":0,"x":0,"width":1,"height":1},"opacity":1,"edgeAntialiasingMask":15,"height":396.1881408691406,"hidden":false,"anchorPoint":{"pointX":0.5082264587791754,"pointY":0.5}},"layers":[{"animations":[{"repeatCount":0,"animations":[{"from":{"scalar":0},"beginTime":0,"repeatCount":0,"fillMode":"both","property":"opacity","duration":0.2,"timingFunction":"easeInEaseOut","to":{"scalar":1}},{"from":{"scalar":false},"beginTime":0,"repeatCount":0,"fillMode":"forwards","property":"hidden","duration":0.2,"to":{"scalar":false}}],"beginTime":1e-100,"fillMode":"both","duration":0.2}],"layers":[],"initialState":{"affineTransform":[1,0,0,1,0,0],"masksToBounds":false,"rotation":0,"scale":1,"position":{"pointX":226.3688958740235,"pointY":303.0940704345703},"width":32,"sublayerTransform":[1,0,0,0,0,1,0,0,0,0,1,0,0,0,0,1],"contentsRect":{"y":0,"x":0,"width":1,"height":1},"opacity":1,"edgeAntialiasingMask":0,"height":132,"hidden":true,"anchorPoint":{"pointX":0.5,"pointY":0.5}},"texture":"FDCAC47E912839EA09BCF5D3743CEE80"}]},{"animations":[],"layers":[],"initialState":{"affineTransform":[1,0,0,1,0,0],"masksToBounds":false,"rotation":0,"scale":1,"position":{"pointX":427.3688958740235,"pointY":208.5940704345703},"width":748,"sublayerTransform":[1,0,0,0,0,1,0,0,0,0,1,0,0,0,0,1],"contentsRect":{"y":0,"x":0,"width":1,"height":1},"opacity":1,"edgeAntialiasingMask":0,"height":321,"hidden":false,"anchorPoint":{"pointX":0.5,"pointY":0.5}},"texture":"31B54A2CCBFD2A15F94E78D5CB97A4A8"}]},"effects":[{"beginTime":0,"baseLayer":{"animations":[],"initialState":{"affineTransform":[1,0,0,1,0,0],"masksToBounds":false,"rotation":0,"scale":1,"position":{"pointX":505.1147235107422,"pointY":384},"width":836.9672387695313,"sublayerTransform":[1,0,0,0,0,1,0,0,0,0,1,0,0,0,0,1],"contentsRect":{"y":0,"x":0,"width":1,"height":1},"opacity":1,"edgeAntialiasingMask":15,"height":396.1881408691406,"hidden":false,"anchorPoint":{"pointX":0.5,"pointY":0.5}},"objectID":"41241C1B-06E0-430F-9B3E-019B8F4968D7","layers":[{"animations":[],"layers":[],"initialState":{"affineTransform":[1,0,0,1,0,0],"masksToBounds":false,"rotation":0,"scale":1,"position":{"pointX":418.3688958740235,"pointY":198.0940704345703},"width":840,"sublayerTransform":[1,0,0,0,0,1,0,0,0,0,1,0,0,0,0,1],"contentsRect":{"y":0,"x":0,"width":1,"height":1},"opacity":1,"edgeAntialiasingMask":0,"height":400,"hidden":false,"anchorPoint":{"pointX":0.5,"pointY":0.5}},"texture":"498BFFE29D177C75EA254879B1D68B01"},{"animations":[],"initialState":{"affineTransform":[1,0,0,1,0,0],"masksToBounds":false,"rotation":0,"scale":1,"position":{"pointX":425.3688958740235,"pointY":198.0940704345703},"width":836.9672387695313,"sublayerTransform":[1,0,0,0,0,1,0,0,0,0,1,-0.0004922987690640373,0,0,0,1],"contentsRect":{"y":0,"x":0,"width":1,"height":1},"opacity":1,"edgeAntialiasingMask":15,"height":396.1881408691406,"hidden":false,"anchorPoint":{"pointX":0.5082264587791754,"pointY":0.5}},"layers":[{"animations":[{"repeatCount":0,"animations":[{"from":{"scalar":0},"beginTime":0,"repeatCount":0,"fillMode":"both","property":"opacity","duration":0.2,"timingFunction":"easeInEaseOut","to":{"scalar":1}},{"from":{"scalar":false},"beginTime":0,"repeatCount":0,"fillMode":"forwards","property":"hidden","duration":0.2,"to":{"scalar":false}}],"beginTime":1e-100,"fillMode":"both","duration":0.2}],"layers":[],"initialState":{"affineTransform":[1,0,0,1,0,0],"masksToBounds":false,"rotation":0,"scale":1,"position":{"pointX":422.8688958740235,"pointY":334.5940704345703},"width":31,"sublayerTransform":[1,0,0,0,0,1,0,0,0,0,1,0,0,0,0,1],"contentsRect":{"y":0,"x":0,"width":1,"height":1},"opacity":1,"edgeAntialiasingMask":0,"height":69,"hidden":true,"anchorPoint":{"pointX":0.5,"pointY":0.5}},"texture":"5437DB34A4774E634A3C7C26B7E4B118"}]},{"animations":[],"layers":[],"initialState":{"affineTransform":[1,0,0,1,0,0],"masksToBounds":false,"rotation":0,"scale":1,"position":{"pointX":427.3688958740235,"pointY":208.5940704345703},"width":748,"sublayerTransform":[1,0,0,0,0,1,0,0,0,0,1,0,0,0,0,1],"contentsRect":{"y":0,"x":0,"width":1,"height":1},"opacity":1,"edgeAntialiasingMask":0,"height":321,"hidden":false,"anchorPoint":{"pointX":0.5,"pointY":0.5}},"texture":"74AEC28F5F2EEEA212D6D789993505F8"}]},"effects":[{"beginTime":0,"baseLayer":{"animations":[],"initialState":{"affineTransform":[1,0,0,1,0,0],"masksToBounds":false,"rotation":0,"scale":1,"position":{"pointX":505.1147235107422,"pointY":384},"width":836.9672387695313,"sublayerTransform":[1,0,0,0,0,1,0,0,0,0,1,0,0,0,0,1],"contentsRect":{"y":0,"x":0,"width":1,"height":1},"opacity":1,"edgeAntialiasingMask":15,"height":396.1881408691406,"hidden":false,"anchorPoint":{"pointX":0.5,"pointY":0.5}},"objectID":"41241C1B-06E0-430F-9B3E-019B8F4968D7","layers":[{"animations":[],"layers":[],"initialState":{"affineTransform":[1,0,0,1,0,0],"masksToBounds":false,"rotation":0,"scale":1,"position":{"pointX":418.3688958740235,"pointY":198.0940704345703},"width":840,"sublayerTransform":[1,0,0,0,0,1,0,0,0,0,1,0,0,0,0,1],"contentsRect":{"y":0,"x":0,"width":1,"height":1},"opacity":1,"edgeAntialiasingMask":0,"height":400,"hidden":false,"anchorPoint":{"pointX":0.5,"pointY":0.5}},"texture":"498BFFE29D177C75EA254879B1D68B01"},{"animations":[],"initialState":{"affineTransform":[1,0,0,1,0,0],"masksToBounds":false,"rotation":0,"scale":1,"position":{"pointX":425.3688958740235,"pointY":198.0940704345703},"width":836.9672387695313,"sublayerTransform":[1,0,0,0,0,1,0,0,0,0,1,-0.0004922987690640373,0,0,0,1],"contentsRect":{"y":0,"x":0,"width":1,"height":1},"opacity":1,"edgeAntialiasingMask":15,"height":396.1881408691406,"hidden":false,"anchorPoint":{"pointX":0.5082264587791754,"pointY":0.5}},"layers":[{"animations":[{"repeatCount":0,"animations":[{"from":{"scalar":0},"beginTime":0,"repeatCount":0,"fillMode":"both","property":"opacity","duration":0.2,"timingFunction":"easeInEaseOut","to":{"scalar":1}},{"from":{"scalar":false},"beginTime":0,"repeatCount":0,"fillMode":"forwards","property":"hidden","duration":0.2,"to":{"scalar":false}}],"beginTime":1e-100,"fillMode":"both","duration":0.2}],"layers":[],"initialState":{"affineTransform":[1,0,0,1,0,0],"masksToBounds":false,"rotation":0,"scale":1,"position":{"pointX":619.8688958740235,"pointY":258.5940704345703},"width":31,"sublayerTransform":[1,0,0,0,0,1,0,0,0,0,1,0,0,0,0,1],"contentsRect":{"y":0,"x":0,"width":1,"height":1},"opacity":1,"edgeAntialiasingMask":0,"height":221,"hidden":true,"anchorPoint":{"pointX":0.5,"pointY":0.5}},"texture":"950A6D773EE765E5606E1F952051D154"}]},{"animations":[],"layers":[],"initialState":{"affineTransform":[1,0,0,1,0,0],"masksToBounds":false,"rotation":0,"scale":1,"position":{"pointX":427.3688958740235,"pointY":208.5940704345703},"width":748,"sublayerTransform":[1,0,0,0,0,1,0,0,0,0,1,0,0,0,0,1],"contentsRect":{"y":0,"x":0,"width":1,"height":1},"opacity":1,"edgeAntialiasingMask":0,"height":321,"hidden":false,"anchorPoint":{"pointX":0.5,"pointY":0.5}},"texture":"15A3BB0000E4E9A180C4CAED07045C46"}]},"effects":[{"beginTime":0,"baseLayer":{"animations":[],"initialState":{"affineTransform":[1,0,0,1,0,0],"masksToBounds":false,"rotation":0,"scale":1,"position":{"pointX":505.1147235107422,"pointY":384},"width":836.9672387695313,"sublayerTransform":[1,0,0,0,0,1,0,0,0,0,1,0,0,0,0,1],"contentsRect":{"y":0,"x":0,"width":1,"height":1},"opacity":1,"edgeAntialiasingMask":15,"height":396.1881408691406,"hidden":false,"anchorPoint":{"pointX":0.5,"pointY":0.5}},"objectID":"41241C1B-06E0-430F-9B3E-019B8F4968D7","layers":[{"animations":[],"layers":[],"initialState":{"affineTransform":[1,0,0,1,0,0],"masksToBounds":false,"rotation":0,"scale":1,"position":{"pointX":418.3688958740235,"pointY":198.0940704345703},"width":840,"sublayerTransform":[1,0,0,0,0,1,0,0,0,0,1,0,0,0,0,1],"contentsRect":{"y":0,"x":0,"width":1,"height":1},"opacity":1,"edgeAntialiasingMask":0,"height":400,"hidden":false,"anchorPoint":{"pointX":0.5,"pointY":0.5}},"texture":"498BFFE29D177C75EA254879B1D68B01"},{"animations":[],"initialState":{"affineTransform":[1,0,0,1,0,0],"masksToBounds":false,"rotation":0,"scale":1,"position":{"pointX":425.3688958740235,"pointY":198.0940704345703},"width":836.9672387695313,"sublayerTransform":[1,0,0,0,0,1,0,0,0,0,1,-0.0004922987690640373,0,0,0,1],"contentsRect":{"y":0,"x":0,"width":1,"height":1},"opacity":1,"edgeAntialiasingMask":15,"height":396.1881408691406,"hidden":false,"anchorPoint":{"pointX":0.5082264587791754,"pointY":0.5}},"layers":[{"animations":[{"repeatCount":0,"animations":[{"from":{"scalar":0},"beginTime":0,"repeatCount":0,"fillMode":"both","property":"opacity","duration":0.2,"timingFunction":"easeInEaseOut","to":{"scalar":1}},{"from":{"scalar":false},"beginTime":0,"repeatCount":0,"fillMode":"forwards","property":"hidden","duration":0.2,"to":{"scalar":false}}],"beginTime":1e-100,"fillMode":"both","duration":0.2}],"layers":[],"initialState":{"affineTransform":[1,0,0,1,0,0],"masksToBounds":false,"rotation":0,"scale":1,"position":{"pointX":816.3688958740235,"pointY":271.5940704345703},"width":32,"sublayerTransform":[1,0,0,0,0,1,0,0,0,0,1,0,0,0,0,1],"contentsRect":{"y":0,"x":0,"width":1,"height":1},"opacity":1,"edgeAntialiasingMask":0,"height":195,"hidden":true,"anchorPoint":{"pointX":0.5,"pointY":0.5}},"texture":"F2BC09FB94B19D9BD9C5D30C85D84520"}]},{"animations":[],"layers":[],"initialState":{"affineTransform":[1,0,0,1,0,0],"masksToBounds":false,"rotation":0,"scale":1,"position":{"pointX":427.3688958740235,"pointY":208.5940704345703},"width":748,"sublayerTransform":[1,0,0,0,0,1,0,0,0,0,1,0,0,0,0,1],"contentsRect":{"y":0,"x":0,"width":1,"height":1},"opacity":1,"edgeAntialiasingMask":0,"height":321,"hidden":false,"anchorPoint":{"pointX":0.5,"pointY":0.5}},"texture":"797368DD64D6921895CD2D8CF094F43F"}]},"effects":[],"duration":0.2,"type":"buildIn","attributes":{"direction":14},"name":"apple:wipe","objectID":"41241C1B-06E0-430F-9B3E-019B8F4968D7"}],"duration":0.2,"type":"buildIn","attributes":{"direction":14},"name":"apple:wipe","objectID":"41241C1B-06E0-430F-9B3E-019B8F4968D7"}],"duration":0.2,"type":"buildIn","attributes":{"direction":14},"name":"apple:wipe","objectID":"41241C1B-06E0-430F-9B3E-019B8F4968D7"}],"duration":0.2,"type":"buildIn","attributes":{"direction":14},"name":"apple:wipe","objectID":"41241C1B-06E0-430F-9B3E-019B8F4968D7"}],"duration":0.2,"type":"buildIn","attributes":{"direction":14},"name":"apple:wipe","objectID":"41241C1B-06E0-430F-9B3E-019B8F4968D7"}],"duration":0.2,"type":"buildIn","attributes":{"direction":14},"name":"apple:wipe","objectID":"41241C1B-06E0-430F-9B3E-019B8F4968D7"}],"duration":0.2,"type":"buildIn","attributes":{"direction":14},"name":"apple:wipe","objectID":"41241C1B-06E0-430F-9B3E-019B8F4968D7"}],"duration":0.2,"type":"buildIn","attributes":{"direction":14},"name":"apple:wipe","objectID":"41241C1B-06E0-430F-9B3E-019B8F4968D7"}],"duration":0.2,"type":"buildIn","attributes":{"direction":14},"name":"apple:wipe","objectID":"41241C1B-06E0-430F-9B3E-019B8F4968D7"}],"duration":0.2,"type":"buildIn","attributes":{"direction":14},"name":"apple:wipe","objectID":"41241C1B-06E0-430F-9B3E-019B8F4968D7"}],"duration":0.2,"type":"buildIn","attributes":{"direction":14},"name":"apple:wipe","objectID":"41241C1B-06E0-430F-9B3E-019B8F4968D7"}],"duration":0.2,"type":"buildIn","attributes":{"direction":14},"name":"apple:wipe","objectID":"41241C1B-06E0-430F-9B3E-019B8F4968D7"}],"duration":0.2,"type":"buildIn","attributes":{"direction":14},"name":"apple:wipe","objectID":"41241C1B-06E0-430F-9B3E-019B8F4968D7"}],"duration":0.2,"type":"buildIn","attributes":{"direction":14},"name":"apple:wipe","objectID":"41241C1B-06E0-430F-9B3E-019B8F4968D7"}],"duration":0.2,"type":"buildIn","attributes":{"direction":14},"name":"apple:wipe","objectID":"41241C1B-06E0-430F-9B3E-019B8F4968D7"}],"duration":0.2,"type":"buildIn","attributes":{"direction":14},"name":"apple:wipe","objectID":"41241C1B-06E0-430F-9B3E-019B8F4968D7"}],"duration":0.2,"type":"buildIn","attributes":{"direction":14},"name":"apple:wipe","objectID":"41241C1B-06E0-430F-9B3E-019B8F4968D7"}],"duration":0.2,"type":"buildIn","attributes":{"direction":14},"name":"apple:wipe","objectID":"41241C1B-06E0-430F-9B3E-019B8F4968D7"}],"duration":0.2,"type":"buildIn","attributes":{"direction":14},"name":"apple:wipe","objectID":"41241C1B-06E0-430F-9B3E-019B8F4968D7"}],"duration":0.2,"type":"buildIn","attributes":{"direction":14},"name":"apple:wipe","objectID":"41241C1B-06E0-430F-9B3E-019B8F4968D7"}],"duration":0.2,"type":"buildIn","attributes":{"direction":14},"name":"apple:wipe","objectID":"41241C1B-06E0-430F-9B3E-019B8F4968D7"}],"duration":0.2,"type":"buildIn","attributes":{"direction":14},"name":"apple:wipe","objectID":"41241C1B-06E0-430F-9B3E-019B8F4968D7"}],"duration":0.2,"type":"buildIn","attributes":{"direction":14},"name":"apple:wipe","objectID":"41241C1B-06E0-430F-9B3E-019B8F4968D7"}],"duration":0.2,"type":"buildIn","attributes":{"direction":14},"name":"apple:wipe","objectID":"41241C1B-06E0-430F-9B3E-019B8F4968D7"}],"duration":0.2,"type":"buildIn","attributes":{"direction":14},"name":"apple:wipe","objectID":"41241C1B-06E0-430F-9B3E-019B8F4968D7"}],"duration":0.01,"type":"buildIn","name":"apple:appear","objectID":"845A98AF-12CA-4DF4-9046-433AE68D2B4E"}],"automaticPlay":true,"hyperlinks":[],"accessibility":[{"text":"TEG","targetRectangle":{"y":669.9597477018833,"x":358.7967315912247,"width":21.39499999999998,"height":13}},{"text":"IEG","targetRectangle":{"y":669.472030874759,"x":625.2293601632118,"width":20.00400000000002,"height":14}},{"text":"qqicon-yz.png","targetRectangle":{"y":630.7466431165508,"x":442.0876922607422,"width":31.97788667277064,"height":35.28853619098663}},{"text":"qqicon-yz.png","targetRectangle":{"y":631.2589493393898,"x":168.0519256591797,"width":31.97128295898438,"height":35.28125}},{"text":"qqicon-yz.png","targetRectangle":{"y":631.2589723467827,"x":530.6734161376953,"width":31.97128295898438,"height":35.28125}},{"text":"TEG","targetRectangle":{"y":669.9597478210926,"x":535.9615570306778,"width":21.39499999999998,"height":13}},{"text":"qqicon-yz.png","targetRectangle":{"y":631.2589721679688,"x":707.8382415771484,"width":31.97128295898438,"height":35.28125}},{"text":"TEG","targetRectangle":{"y":669.9597476422787,"x":713.1263824701309,"width":21.39499999999998,"height":13}},{"text":"qqicon-yz.png","targetRectangle":{"y":630.7466430664062,"x":796.4173431396484,"width":31.97788667277064,"height":35.28853619098663}},{"text":"TEG","targetRectangle":{"y":669.9597248136997,"x":173.3400665521622,"width":21.39500000000001,"height":13}},{"text":"qqicon-yz.png","targetRectangle":{"y":630.7466433946666,"x":256.6310348510742,"width":31.97788667277064,"height":35.28853619098663}},{"text":"IEG","targetRectangle":{"y":669.4720306992531,"x":802.3941550850868,"width":20.00400000000002,"height":14}},{"text":"IEG","targetRectangle":{"y":669.4720310275135,"x":262.6078467965126,"width":20.00400000000002,"height":14}},{"text":"IEG","targetRectangle":{"y":669.4720307493976,"x":448.0645042061806,"width":20.00400000000002,"height":14}},{"text":"程序鹅 优势特点 人均产量","targetRectangle":{"y":90,"x":79,"width":577.783203125,"height":60}},{"text":"qqicon-yz.png","targetRectangle":{"y":631.2589722275734,"x":353.5085906982422,"width":31.97128295898438,"height":35.28125}},{"text":"qqicon-yz.png","targetRectangle":{"y":630.7466432419121,"x":619.2525482177734,"width":31.97788667277064,"height":35.28853619098663}}],"baseLayer":{"animations":[],"initialState":{"affineTransform":[1,0,0,1,0,0],"masksToBounds":true,"rotation":0,"scale":1,"position":{"pointX":512,"pointY":384},"width":1024,"sublayerTransform":[1,0,0,0,0,1,0,0,0,0,1,0,0,0,0,1],"contentsRect":{"y":0,"x":0,"width":1,"height":1},"opacity":1,"edgeAntialiasingMask":0,"height":768,"hidden":false,"anchorPoint":{"pointX":0.5,"pointY":0.5}},"layers":[{"animations":[],"initialState":{"affineTransform":[1,0,0,1,0,0],"masksToBounds":false,"rotation":0,"scale":1,"position":{"pointX":512,"pointY":384},"width":1024,"sublayerTransform":[1,0,0,0,0,1,0,0,0,0,1,0,0,0,0,1],"contentsRect":{"y":0,"x":0,"width":1,"height":1},"opacity":1,"edgeAntialiasingMask":15,"height":768,"hidden":false,"anchorPoint":{"pointX":0.5,"pointY":0.5}},"layers":[{"animations":[],"initialState":{"affineTransform":[1,0,0,1,0,0],"masksToBounds":false,"rotation":0,"scale":1,"position":{"pointX":512,"pointY":384},"width":1024,"sublayerTransform":[1,0,0,0,0,1,0,0,0,0,1,0,0,0,0,1],"contentsRect":{"y":0,"x":0,"width":1,"height":1},"opacity":1,"edgeAntialiasingMask":15,"height":768,"hidden":false,"anchorPoint":{"pointX":0.5,"pointY":0.5}},"layers":[{"animations":[],"layers":[],"initialState":{"affineTransform":[1,0,0,1,0,0],"masksToBounds":false,"rotation":0,"scale":1,"position":{"pointX":512,"pointY":384},"width":1024,"sublayerTransform":[1,0,0,0,0,1,0,0,0,0,1,0,0,0,0,1],"contentsRect":{"y":0,"x":0,"width":1,"height":1},"opacity":1,"edgeAntialiasingMask":0,"height":768,"hidden":false,"anchorPoint":{"pointX":0.5,"pointY":0.5}},"texture":"498E23C82CA78A4BCD7BA88E5243B6FC"}]}]},{"animations":[],"initialState":{"affineTransform":[1,0,0,1,0,0],"masksToBounds":false,"rotation":0,"scale":1,"position":{"pointX":512,"pointY":384},"width":1024,"sublayerTransform":[1,0,0,0,0,1,0,0,0,0,1,0,0,0,0,1],"contentsRect":{"y":0,"x":0,"width":1,"height":1},"opacity":1,"edgeAntialiasingMask":15,"height":768,"hidden":false,"anchorPoint":{"pointX":0.5,"pointY":0.5}},"layers":[{"animations":[],"initialState":{"affineTransform":[1,0,0,1,0,0],"masksToBounds":false,"rotation":0,"scale":1,"position":{"pointX":512,"pointY":120},"width":874,"sublayerTransform":[1,0,0,0,0,1,0,0,0,0,1,0,0,0,0,1],"contentsRect":{"y":0,"x":0,"width":1,"height":1},"opacity":1,"edgeAntialiasingMask":15,"height":170,"hidden":false,"anchorPoint":{"pointX":0.5,"pointY":0.5}},"objectID":"1380F54C-39F1-4761-A293-2929E64AC01F","layers":[{"animations":[],"layers":[],"initialState":{"affineTransform":[1,0,0,1,0,0],"masksToBounds":false,"rotation":0,"scale":1,"position":{"pointX":292.5,"pointY":86},"width":575,"sublayerTransform":[1,0,0,0,0,1,0,0,0,0,1,0,0,0,0,1],"contentsRect":{"y":0,"x":0,"width":1,"height":1},"opacity":1,"edgeAntialiasingMask":0,"height":50,"hidden":false,"anchorPoint":{"pointX":0.5,"pointY":0.5}},"texture":"89CC44B83CA453A9C80588AFF90153D1"}]}]},{"animations":[],"initialState":{"affineTransform":[1,0,0,1,0,0],"masksToBounds":false,"rotation":0,"scale":1,"position":{"pointX":512,"pointY":384},"width":1024,"sublayerTransform":[1,0,0,0,0,1,0,0,0,0,1,0,0,0,0,1],"contentsRect":{"y":0,"x":0,"width":1,"height":1},"opacity":1,"edgeAntialiasingMask":15,"height":768,"hidden":false,"anchorPoint":{"pointX":0.5,"pointY":0.5}},"layers":[{"animations":[],"initialState":{"affineTransform":[1,0,0,1,0,0],"masksToBounds":false,"rotation":0,"scale":1,"position":{"pointX":505.1147235107422,"pointY":384},"width":836.9672387695313,"sublayerTransform":[1,0,0,0,0,1,0,0,0,0,1,0,0,0,0,1],"contentsRect":{"y":0,"x":0,"width":1,"height":1},"opacity":1,"edgeAntialiasingMask":15,"height":396.1881408691406,"hidden":false,"anchorPoint":{"pointX":0.5,"pointY":0.5}},"objectID":"41241C1B-06E0-430F-9B3E-019B8F4968D7","layers":[{"animations":[],"layers":[],"initialState":{"affineTransform":[1,0,0,1,0,0],"masksToBounds":false,"rotation":0,"scale":1,"position":{"pointX":418.3688958740235,"pointY":198.0940704345703},"width":840,"sublayerTransform":[1,0,0,0,0,1,0,0,0,0,1,0,0,0,0,1],"contentsRect":{"y":0,"x":0,"width":1,"height":1},"opacity":1,"edgeAntialiasingMask":0,"height":400,"hidden":true,"anchorPoint":{"pointX":0.5,"pointY":0.5}},"texture":"498BFFE29D177C75EA254879B1D68B01"}]}]},{"animations":[],"initialState":{"affineTransform":[1,0,0,1,0,0],"masksToBounds":false,"rotation":0,"scale":1,"position":{"pointX":512,"pointY":384},"width":1024,"sublayerTransform":[1,0,0,0,0,1,0,0,0,0,1,0,0,0,0,1],"contentsRect":{"y":0,"x":0,"width":1,"height":1},"opacity":1,"edgeAntialiasingMask":15,"height":768,"hidden":false,"anchorPoint":{"pointX":0.5,"pointY":0.5}},"layers":[{"animations":[],"initialState":{"affineTransform":[1,0,0,1,0,0],"masksToBounds":false,"rotation":0,"scale":1,"position":{"pointX":512.0000152587891,"pointY":659.1093368530273},"width":687.8961791992188,"sublayerTransform":[1,0,0,0,0,1,0,0,0,0,1,0,0,0,0,1],"contentsRect":{"y":0,"x":0,"width":1,"height":1},"opacity":1,"edgeAntialiasingMask":15,"height":56.72538757324219,"hidden":false,"anchorPoint":{"pointX":0.5,"pointY":0.5}},"objectID":"845A98AF-12CA-4DF4-9046-433AE68D2B4E","layers":[{"animations":[],"layers":[],"initialState":{"affineTransform":[1,0,0,1,0,0],"masksToBounds":false,"rotation":0,"scale":1,"position":{"pointX":346.4480743408203,"pointY":28.75335693359375},"width":695,"sublayerTransform":[1,0,0,0,0,1,0,0,0,0,1,0,0,0,0,1],"contentsRect":{"y":0,"x":0,"width":1,"height":1},"opacity":1,"edgeAntialiasingMask":0,"height":59,"hidden":true,"anchorPoint":{"pointX":0.5,"pointY":0.5}},"texture":"0F8AF35A98C6721B398A02B4CAF7E488"}]}]}]}},{"effects":[{"beginTime":0,"baseLayer":{"animations":[],"initialState":{"affineTransform":[1,0,0,1,0,0],"masksToBounds":true,"rotation":0,"scale":1,"position":{"pointX":512,"pointY":384},"width":1024,"sublayerTransform":[1,0,0,0,0,1,0,0,0,0,1,0,0,0,0,1],"contentsRect":{"y":0,"x":0,"width":1,"height":1},"opacity":1,"edgeAntialiasingMask":0,"height":768,"hidden":false,"anchorPoint":{"pointX":0.5,"pointY":0.5}},"objectID":"0","layers":[{"animations":[],"initialState":{"affineTransform":[1,0,0,1,0,0],"masksToBounds":false,"rotation":0,"scale":1,"position":{"pointX":512,"pointY":384},"width":1024,"sublayerTransform":[1,0,0,0,0,1,0,0,0,0,1,-0.0004922987690640373,0,0,0,1],"contentsRect":{"y":0,"x":0,"width":1,"height":1},"opacity":1,"edgeAntialiasingMask":15,"height":768,"hidden":false,"anchorPoint":{"pointX":0.5,"pointY":0.5}},"layers":[{"animations":[],"layers":[],"initialState":{"affineTransform":[1,0,0,1,0,0],"masksToBounds":false,"rotation":0,"scale":1,"position":{"pointX":512,"pointY":384},"width":1024,"sublayerTransform":[1,0,0,0,0,1,0,0,0,0,1,0,0,0,0,1],"contentsRect":{"y":0,"x":0,"width":1,"height":1},"opacity":1,"edgeAntialiasingMask":0,"height":768,"hidden":false,"anchorPoint":{"pointX":0.5,"pointY":0.5}},"texture":"1032368FBCD96869AE8503AF02799988"},{"animations":[{"from":{"scalar":false},"beginTime":0,"repeatCount":0,"fillMode":"both","property":"hidden","duration":0.01,"to":{"scalar":true}}],"layers":[],"initialState":{"affineTransform":[1,0,0,1,0,0],"masksToBounds":false,"rotation":0,"scale":1,"position":{"pointX":512,"pointY":384},"width":1024,"sublayerTransform":[1,0,0,0,0,1,0,0,0,0,1,0,0,0,0,1],"contentsRect":{"y":0,"x":0,"width":1,"height":1},"opacity":1,"edgeAntialiasingMask":0,"height":768,"hidden":false,"anchorPoint":{"pointX":0.5,"pointY":0.5}},"texture":"7CD81F8C648F8A63EB80FC68982E8AFD"}]}]},"effects":[],"duration":0.01,"type":"transition","name":"none","objectID":"0"}],"automaticPlay":false,"hyperlinks":[],"accessibility":[{"text":"TEG","targetRectangle":{"y":669.9597477018833,"x":358.7967315912247,"width":21.39499999999998,"height":13}},{"text":"IEG","targetRectangle":{"y":669.472030874759,"x":625.2293601632118,"width":20.00400000000002,"height":14}},{"text":"qqicon-yz.png","targetRectangle":{"y":630.7466431165508,"x":442.0876922607422,"width":31.97788667277064,"height":35.28853619098663}},{"text":"qqicon-yz.png","targetRectangle":{"y":631.2589493393898,"x":168.0519256591797,"width":31.97128295898438,"height":35.28125}},{"text":"qqicon-yz.png","targetRectangle":{"y":631.2589723467827,"x":530.6734161376953,"width":31.97128295898438,"height":35.28125}},{"text":"TEG","targetRectangle":{"y":669.9597478210926,"x":535.9615570306778,"width":21.39499999999998,"height":13}},{"text":"qqicon-yz.png","targetRectangle":{"y":631.2589721679688,"x":707.8382415771484,"width":31.97128295898438,"height":35.28125}},{"text":"TEG","targetRectangle":{"y":669.9597476422787,"x":713.1263824701309,"width":21.39499999999998,"height":13}},{"text":"qqicon-yz.png","targetRectangle":{"y":630.7466430664062,"x":796.4173431396484,"width":31.97788667277064,"height":35.28853619098663}},{"text":"TEG","targetRectangle":{"y":669.9597248136997,"x":173.3400665521622,"width":21.39500000000001,"height":13}},{"text":"qqicon-yz.png","targetRectangle":{"y":630.7466433946666,"x":256.6310348510742,"width":31.97788667277064,"height":35.28853619098663}},{"text":"IEG","targetRectangle":{"y":669.4720306992531,"x":802.3941550850868,"width":20.00400000000002,"height":14}},{"text":"IEG","targetRectangle":{"y":669.4720310275135,"x":262.6078467965126,"width":20.00400000000002,"height":14}},{"text":"IEG","targetRectangle":{"y":669.4720307493976,"x":448.0645042061806,"width":20.00400000000002,"height":14}},{"text":"程序鹅 优势特点 人均产量","targetRectangle":{"y":90,"x":79,"width":577.783203125,"height":60}},{"text":"qqicon-yz.png","targetRectangle":{"y":631.2589722275734,"x":353.5085906982422,"width":31.97128295898438,"height":35.28125}},{"text":"qqicon-yz.png","targetRectangle":{"y":630.7466432419121,"x":619.2525482177734,"width":31.97788667277064,"height":35.28853619098663}}],"baseLayer":{"animations":[],"initialState":{"affineTransform":[1,0,0,1,0,0],"masksToBounds":true,"rotation":0,"scale":1,"position":{"pointX":512,"pointY":384},"width":1024,"sublayerTransform":[1,0,0,0,0,1,0,0,0,0,1,0,0,0,0,1],"contentsRect":{"y":0,"x":0,"width":1,"height":1},"opacity":1,"edgeAntialiasingMask":0,"height":768,"hidden":false,"anchorPoint":{"pointX":0.5,"pointY":0.5}},"objectID":"0","layers":[{"animations":[],"initialState":{"affineTransform":[1,0,0,1,0,0],"masksToBounds":false,"rotation":0,"scale":1,"position":{"pointX":512,"pointY":384},"width":1024,"sublayerTransform":[1,0,0,0,0,1,0,0,0,0,1,-0.0004922987690640373,0,0,0,1],"contentsRect":{"y":0,"x":0,"width":1,"height":1},"opacity":1,"edgeAntialiasingMask":15,"height":768,"hidden":false,"anchorPoint":{"pointX":0.5,"pointY":0.5}},"layers":[{"animations":[],"layers":[],"initialState":{"affineTransform":[1,0,0,1,0,0],"masksToBounds":false,"rotation":0,"scale":1,"position":{"pointX":512,"pointY":384},"width":1024,"sublayerTransform":[1,0,0,0,0,1,0,0,0,0,1,0,0,0,0,1],"contentsRect":{"y":0,"x":0,"width":1,"height":1},"opacity":1,"edgeAntialiasingMask":0,"height":768,"hidden":false,"anchorPoint":{"pointX":0.5,"pointY":0.5}},"texture":"7CD81F8C648F8A63EB80FC68982E8AFD"}]}]}}]}