{"assets":{"2E33F6FEA91E0899C5C57405770C8182":{"type":"texture","index":37,"assetRequest":{"type":"slide","state":"incoming","slide":"CCB8DF5E-5861-4C9A-9AE9-87B3DD27942B"},"url":"assets/2E33F6FEA91E0899C5C57405770C8182.png","width":1024,"height":768},"011BF08C7A8BE76963B9751E83D151E3":{"type":"texture","index":34,"assetRequest":{"type":"slide","state":"contents","slide":"CDC68F84-EDC3-4539-8371-BF56C4ABB76E"},"url":"assets/011BF08C7A8BE76963B9751E83D151E3.svg","width":734,"height":382},"F6D583C7D6B6CBF601506EAFD330EB70":{"type":"texture","index":33,"assetRequest":{"type":"slide","state":"contents","slide":"CDC68F84-EDC3-4539-8371-BF56C4ABB76E"},"url":"assets/F6D583C7D6B6CBF601506EAFD330EB70.png","width":576,"height":50},"3DA9A572F80BCE8CB10D97B1B01D28E7":{"type":"texture","index":35,"assetRequest":{"type":"slide","state":"contents","slide":"CDC68F84-EDC3-4539-8371-BF56C4ABB76E"},"url":"assets/3DA9A572F80BCE8CB10D97B1B01D28E7.png","width":124,"height":15},"868B3A62C4621B390F8BB021812CF37F":{"type":"texture","index":36,"assetRequest":{"type":"slide","state":"outgoing","slide":"CDC68F84-EDC3-4539-8371-BF56C4ABB76E"},"url":"assets/868B3A62C4621B390F8BB021812CF37F.png","width":1024,"height":768},"498E23C82CA78A4BCD7BA88E5243B6FC":{"type":"texture","index":32,"assetRequest":{"type":"slide","state":"contents","slide":"CDC68F84-EDC3-4539-8371-BF56C4ABB76E"},"url":"assets/498E23C82CA78A4BCD7BA88E5243B6FC.svg","width":1024,"height":768}},"events":[{"effects":[{"beginTime":0,"baseLayer":{"animations":[],"initialState":{"affineTransform":[1,0,0,1,0,0],"masksToBounds":false,"rotation":0,"scale":1,"position":{"pointX":474.8112564086914,"pointY":453.1304931640625},"width":722.4539184570312,"sublayerTransform":[1,0,0,0,0,1,0,0,0,0,1,0,0,0,0,1],"contentsRect":{"y":0,"x":0,"width":1,"height":1},"opacity":1,"edgeAntialiasingMask":15,"height":364.7390747070312,"hidden":false,"anchorPoint":{"pointX":0.5,"pointY":0.5}},"objectID":"1FEC1DD5-47A6-4071-87B0-49FBEC7F0B09","layers":[{"animations":[],"initialState":{"affineTransform":[1,0,0,1,0,0],"masksToBounds":false,"rotation":0,"scale":1,"position":{"pointX":398.4157028198242,"pointY":113.2390441894531},"width":722.4539184570312,"sublayerTransform":[1,0,0,0,0,1,0,0,0,0,1,-0.0004922987690640373,0,0,0,1],"contentsRect":{"y":0,"x":0,"width":1,"height":1},"opacity":1,"edgeAntialiasingMask":15,"height":364.7390747070312,"hidden":false,"anchorPoint":{"pointX":0.5514755926173587,"pointY":0.3104658975197816}},"layers":[{"animations":[{"repeatCount":0,"animations":[{"repeatCount":0,"timingControlPoint2y":1,"from":{"scalar":0},"timingFunction":"custom","timingControlPoint1x":0.3943220674991608,"property":"opacity","fillMode":"both","duration":0.26,"beginTime":0,"timingControlPoint2x":0.7070766687393188,"timingControlPoint1y":0.4715255498886108,"to":{"scalar":1}},{"from":{"scalar":-367},"beginTime":0,"repeatCount":0,"fillMode":"removed","property":"anchorPointZ","duration":0.5,"to":{"scalar":-367}},{"from":{"scalar":-367},"beginTime":0,"repeatCount":0,"fillMode":"removed","property":"zPosition","duration":0.5,"to":{"scalar":-367}},{"from":{"scalar":false},"beginTime":0,"repeatCount":0,"fillMode":"removed","property":"doubleSided","duration":0.5,"to":{"scalar":false}},{"from":{"scalar":false},"beginTime":0,"repeatCount":0,"fillMode":"both","property":"hidden","duration":0.5,"to":{"scalar":false}},{"timingFunctions":[{"timingFunction":"custom","timingControlPoint1y":0.4715255498886108,"timingControlPoint2x":0.7070766687393188,"timingControlPoint1x":0.3943220674991608,"timingControlPoint2y":1},{"timingFunction":"custom","timingControlPoint1y":0,"timingControlPoint2x":0.6924436092376709,"timingControlPoint1x":0.3015185594558716,"timingControlPoint2y":1},{"timingFunction":"custom","timingControlPoint1y":0,"timingControlPoint2x":0.6113315224647522,"timingControlPoint1x":0.2856428921222687,"timingControlPoint2y":1}],"values":[{"scalar":-1.570796326794897},{"scalar":0.161640625},{"scalar":-0.05},{"scalar":-0}],"beginTime":0,"repeatCount":0,"keyTimes":[0,0.52,0.76,1],"property":"transform.rotation.y","fillMode":"removed","duration":0.5}],"beginTime":1e-100,"fillMode":"both","duration":0.5}],"layers":[],"initialState":{"affineTransform":[1,0,0,1,0,0],"masksToBounds":false,"rotation":0,"scale":1,"position":{"pointX":365.4157028198242,"pointY":181.2390441894531},"width":734,"sublayerTransform":[1,0,0,0,0,1,0,0,0,0,1,0,0,0,0,1],"contentsRect":{"y":0,"x":0,"width":1,"height":1},"opacity":1,"edgeAntialiasingMask":0,"height":382,"hidden":true,"anchorPoint":{"pointX":0.5,"pointY":0.5}},"texture":"011BF08C7A8BE76963B9751E83D151E3"}]}]},"effects":[],"duration":0.5,"type":"buildIn","name":"apple:3D-cube","objectID":"1FEC1DD5-47A6-4071-87B0-49FBEC7F0B09"}],"automaticPlay":false,"hyperlinks":[],"accessibility":[{"text":"qqicon-yz.png","targetRectangle":{"y":286.7992057800293,"x":673.2695338726044,"width":42.58452606201172,"height":46.9932746887207}},{"text":"qqicon-yz.png","targetRectangle":{"y":558.7992248535156,"x":115.2695345282555,"width":42.58452606201172,"height":46.9932746887207}},{"text":"TEG","targetRectangle":{"y":608.5000113248825,"x":118.0842971801758,"width":36.95499999999998,"height":23}},{"text":"TEG","targetRectangle":{"y":336.4999922513962,"x":676.0842965245247,"width":36.95500000000004,"height":23}},{"text":"qqicon-yz.png","targetRectangle":{"y":558.7992248535156,"x":366.2695338726044,"width":42.58452606201172,"height":46.9932746887207}},{"text":"qqicon-yz.png","targetRectangle":{"y":422.7992248535156,"x":116.2695345878601,"width":42.58452606201172,"height":46.9932746887207}},{"text":"TEG","targetRectangle":{"y":608.5000113248825,"x":369.0842965245247,"width":36.95499999999998,"height":23}},{"text":"qqicon-yz.png","targetRectangle":{"y":286.7992057800293,"x":118.2695319652557,"width":42.58452606201172,"height":46.9932746887207}},{"text":"qqicon-yz.png","targetRectangle":{"y":422.7992248535156,"x":367.2695338726044,"width":42.58452606201172,"height":46.9932746887207}},{"text":"TEG","targetRectangle":{"y":472.5000113248825,"x":370.0842965245247,"width":36.95499999999998,"height":23}},{"text":"TEG","targetRectangle":{"y":336.4999922513962,"x":121.0842946171761,"width":36.95499999999998,"height":23}},{"text":"qqicon-yz.png","targetRectangle":{"y":558.7992248535156,"x":670.2695338726044,"width":42.58452606201172,"height":46.9932746887207}},{"text":"TEG","targetRectangle":{"y":608.5000113248825,"x":673.0842965245247,"width":36.95500000000004,"height":23}},{"text":"* 不同BG的程序鹅占比","targetRectangle":{"y":711.5000000596046,"x":876.6599698066711,"width":121.3440000000001,"height":14}},{"text":"TEG","targetRectangle":{"y":472.5000113248825,"x":119.0842972397804,"width":36.95499999999998,"height":23}},{"text":"qqicon-yz.png","targetRectangle":{"y":422.7992248535156,"x":671.2695338726044,"width":42.58452606201172,"height":46.9932746887207}},{"text":"qqicon-yz.png","targetRectangle":{"y":286.7992057800293,"x":369.2695338726044,"width":42.58452606201172,"height":46.9932746887207}},{"text":"TEG","targetRectangle":{"y":472.5000113248825,"x":674.0842965245247,"width":36.95500000000004,"height":23}},{"text":"TEG","targetRectangle":{"y":336.4999922513962,"x":372.0842965245247,"width":36.95499999999998,"height":23}},{"text":"程序鹅 生存环境 鹅圈圈养","targetRectangle":{"y":90,"x":79,"width":577.783203125,"height":60}}],"baseLayer":{"animations":[],"initialState":{"affineTransform":[1,0,0,1,0,0],"masksToBounds":true,"rotation":0,"scale":1,"position":{"pointX":512,"pointY":384},"width":1024,"sublayerTransform":[1,0,0,0,0,1,0,0,0,0,1,0,0,0,0,1],"contentsRect":{"y":0,"x":0,"width":1,"height":1},"opacity":1,"edgeAntialiasingMask":0,"height":768,"hidden":false,"anchorPoint":{"pointX":0.5,"pointY":0.5}},"layers":[{"animations":[],"initialState":{"affineTransform":[1,0,0,1,0,0],"masksToBounds":false,"rotation":0,"scale":1,"position":{"pointX":512,"pointY":384},"width":1024,"sublayerTransform":[1,0,0,0,0,1,0,0,0,0,1,0,0,0,0,1],"contentsRect":{"y":0,"x":0,"width":1,"height":1},"opacity":1,"edgeAntialiasingMask":15,"height":768,"hidden":false,"anchorPoint":{"pointX":0.5,"pointY":0.5}},"layers":[{"animations":[],"initialState":{"affineTransform":[1,0,0,1,0,0],"masksToBounds":false,"rotation":0,"scale":1,"position":{"pointX":512,"pointY":384},"width":1024,"sublayerTransform":[1,0,0,0,0,1,0,0,0,0,1,0,0,0,0,1],"contentsRect":{"y":0,"x":0,"width":1,"height":1},"opacity":1,"edgeAntialiasingMask":15,"height":768,"hidden":false,"anchorPoint":{"pointX":0.5,"pointY":0.5}},"layers":[{"animations":[],"layers":[],"initialState":{"affineTransform":[1,0,0,1,0,0],"masksToBounds":false,"rotation":0,"scale":1,"position":{"pointX":512,"pointY":384},"width":1024,"sublayerTransform":[1,0,0,0,0,1,0,0,0,0,1,0,0,0,0,1],"contentsRect":{"y":0,"x":0,"width":1,"height":1},"opacity":1,"edgeAntialiasingMask":0,"height":768,"hidden":false,"anchorPoint":{"pointX":0.5,"pointY":0.5}},"texture":"498E23C82CA78A4BCD7BA88E5243B6FC"}]}]},{"animations":[],"initialState":{"affineTransform":[1,0,0,1,0,0],"masksToBounds":false,"rotation":0,"scale":1,"position":{"pointX":512,"pointY":384},"width":1024,"sublayerTransform":[1,0,0,0,0,1,0,0,0,0,1,0,0,0,0,1],"contentsRect":{"y":0,"x":0,"width":1,"height":1},"opacity":1,"edgeAntialiasingMask":15,"height":768,"hidden":false,"anchorPoint":{"pointX":0.5,"pointY":0.5}},"layers":[{"animations":[],"initialState":{"affineTransform":[1,0,0,1,0,0],"masksToBounds":false,"rotation":0,"scale":1,"position":{"pointX":512,"pointY":120},"width":874,"sublayerTransform":[1,0,0,0,0,1,0,0,0,0,1,0,0,0,0,1],"contentsRect":{"y":0,"x":0,"width":1,"height":1},"opacity":1,"edgeAntialiasingMask":15,"height":170,"hidden":false,"anchorPoint":{"pointX":0.5,"pointY":0.5}},"objectID":"8329C45C-D9FB-4E06-B657-FEE707FC7CEC","layers":[{"animations":[],"layers":[],"initialState":{"affineTransform":[1,0,0,1,0,0],"masksToBounds":false,"rotation":0,"scale":1,"position":{"pointX":293,"pointY":86},"width":576,"sublayerTransform":[1,0,0,0,0,1,0,0,0,0,1,0,0,0,0,1],"contentsRect":{"y":0,"x":0,"width":1,"height":1},"opacity":1,"edgeAntialiasingMask":0,"height":50,"hidden":false,"anchorPoint":{"pointX":0.5,"pointY":0.5}},"texture":"F6D583C7D6B6CBF601506EAFD330EB70"}]}]},{"animations":[],"initialState":{"affineTransform":[1,0,0,1,0,0],"masksToBounds":false,"rotation":0,"scale":1,"position":{"pointX":512,"pointY":384},"width":1024,"sublayerTransform":[1,0,0,0,0,1,0,0,0,0,1,0,0,0,0,1],"contentsRect":{"y":0,"x":0,"width":1,"height":1},"opacity":1,"edgeAntialiasingMask":15,"height":768,"hidden":false,"anchorPoint":{"pointX":0.5,"pointY":0.5}},"layers":[{"animations":[],"initialState":{"affineTransform":[1,0,0,1,0,0],"masksToBounds":false,"rotation":0,"scale":1,"position":{"pointX":474.8112564086914,"pointY":453.1304931640625},"width":722.4539184570312,"sublayerTransform":[1,0,0,0,0,1,0,0,0,0,1,0,0,0,0,1],"contentsRect":{"y":0,"x":0,"width":1,"height":1},"opacity":1,"edgeAntialiasingMask":15,"height":364.7390747070312,"hidden":false,"anchorPoint":{"pointX":0.5,"pointY":0.5}},"objectID":"1FEC1DD5-47A6-4071-87B0-49FBEC7F0B09","layers":[{"animations":[],"layers":[],"initialState":{"affineTransform":[1,0,0,1,0,0],"masksToBounds":false,"rotation":0,"scale":1,"position":{"pointX":365.4157028198242,"pointY":181.2390441894531},"width":734,"sublayerTransform":[1,0,0,0,0,1,0,0,0,0,1,0,0,0,0,1],"contentsRect":{"y":0,"x":0,"width":1,"height":1},"opacity":1,"edgeAntialiasingMask":0,"height":382,"hidden":true,"anchorPoint":{"pointX":0.5,"pointY":0.5}},"texture":"011BF08C7A8BE76963B9751E83D151E3"}]}]},{"animations":[],"initialState":{"affineTransform":[1,0,0,1,0,0],"masksToBounds":false,"rotation":0,"scale":1,"position":{"pointX":512,"pointY":384},"width":1024,"sublayerTransform":[1,0,0,0,0,1,0,0,0,0,1,0,0,0,0,1],"contentsRect":{"y":0,"x":0,"width":1,"height":1},"opacity":1,"edgeAntialiasingMask":15,"height":768,"hidden":false,"anchorPoint":{"pointX":0.5,"pointY":0.5}},"layers":[{"animations":[],"initialState":{"affineTransform":[1,0,0,1,0,0],"masksToBounds":false,"rotation":0,"scale":1,"position":{"pointX":936.8319685459137,"pointY":718.5},"width":130.3439974784851,"sublayerTransform":[1,0,0,0,0,1,0,0,0,0,1,0,0,0,0,1],"contentsRect":{"y":0,"x":0,"width":1,"height":1},"opacity":1,"edgeAntialiasingMask":15,"height":21.99999988079071,"hidden":false,"anchorPoint":{"pointX":0.5,"pointY":0.5}},"objectID":"CF321151-74F1-433E-9152-AD3343397CE2","layers":[{"animations":[],"layers":[],"initialState":{"affineTransform":[1,0,0,1,0,0],"masksToBounds":false,"rotation":0,"scale":1,"position":{"pointX":65.34003019332886,"pointY":10.99999994039536},"width":124,"sublayerTransform":[1,0,0,0,0,1,0,0,0,0,1,0,0,0,0,1],"contentsRect":{"y":0,"x":0,"width":1,"height":1},"opacity":1,"edgeAntialiasingMask":0,"height":15,"hidden":false,"anchorPoint":{"pointX":0.5,"pointY":0.5}},"texture":"3DA9A572F80BCE8CB10D97B1B01D28E7"}]}]}]}},{"effects":[{"beginTime":0,"baseLayer":{"animations":[],"initialState":{"affineTransform":[1,0,0,1,0,0],"masksToBounds":true,"rotation":0,"scale":1,"position":{"pointX":512,"pointY":384},"width":1024,"sublayerTransform":[1,0,0,0,0,1,0,0,0,0,1,0,0,0,0,1],"contentsRect":{"y":0,"x":0,"width":1,"height":1},"opacity":1,"edgeAntialiasingMask":0,"height":768,"hidden":false,"anchorPoint":{"pointX":0.5,"pointY":0.5}},"objectID":"0","layers":[{"animations":[],"initialState":{"affineTransform":[1,0,0,1,0,0],"masksToBounds":false,"rotation":0,"scale":1,"position":{"pointX":512,"pointY":384},"width":1024,"sublayerTransform":[1,0,0,0,0,1,0,0,0,0,1,-0.0004922987690640373,0,0,0,1],"contentsRect":{"y":0,"x":0,"width":1,"height":1},"opacity":1,"edgeAntialiasingMask":15,"height":768,"hidden":false,"anchorPoint":{"pointX":0.5,"pointY":0.5}},"layers":[{"animations":[],"layers":[],"initialState":{"affineTransform":[1,0,0,1,0,0],"masksToBounds":false,"rotation":0,"scale":1,"position":{"pointX":512,"pointY":384},"width":1024,"sublayerTransform":[1,0,0,0,0,1,0,0,0,0,1,0,0,0,0,1],"contentsRect":{"y":0,"x":0,"width":1,"height":1},"opacity":1,"edgeAntialiasingMask":0,"height":768,"hidden":false,"anchorPoint":{"pointX":0.5,"pointY":0.5}},"texture":"2E33F6FEA91E0899C5C57405770C8182"},{"animations":[{"from":{"scalar":false},"beginTime":0,"repeatCount":0,"fillMode":"both","property":"hidden","duration":0.01,"to":{"scalar":true}}],"layers":[],"initialState":{"affineTransform":[1,0,0,1,0,0],"masksToBounds":false,"rotation":0,"scale":1,"position":{"pointX":512,"pointY":384},"width":1024,"sublayerTransform":[1,0,0,0,0,1,0,0,0,0,1,0,0,0,0,1],"contentsRect":{"y":0,"x":0,"width":1,"height":1},"opacity":1,"edgeAntialiasingMask":0,"height":768,"hidden":false,"anchorPoint":{"pointX":0.5,"pointY":0.5}},"texture":"868B3A62C4621B390F8BB021812CF37F"}]}]},"effects":[],"duration":0.01,"type":"transition","name":"none","objectID":"0"}],"automaticPlay":false,"hyperlinks":[],"accessibility":[{"text":"qqicon-yz.png","targetRectangle":{"y":286.7992057800293,"x":673.2695338726044,"width":42.58452606201172,"height":46.9932746887207}},{"text":"qqicon-yz.png","targetRectangle":{"y":558.7992248535156,"x":115.2695345282555,"width":42.58452606201172,"height":46.9932746887207}},{"text":"TEG","targetRectangle":{"y":608.5000113248825,"x":118.0842971801758,"width":36.95499999999998,"height":23}},{"text":"TEG","targetRectangle":{"y":336.4999922513962,"x":676.0842965245247,"width":36.95500000000004,"height":23}},{"text":"qqicon-yz.png","targetRectangle":{"y":558.7992248535156,"x":366.2695338726044,"width":42.58452606201172,"height":46.9932746887207}},{"text":"qqicon-yz.png","targetRectangle":{"y":422.7992248535156,"x":116.2695345878601,"width":42.58452606201172,"height":46.9932746887207}},{"text":"TEG","targetRectangle":{"y":608.5000113248825,"x":369.0842965245247,"width":36.95499999999998,"height":23}},{"text":"qqicon-yz.png","targetRectangle":{"y":286.7992057800293,"x":118.2695319652557,"width":42.58452606201172,"height":46.9932746887207}},{"text":"qqicon-yz.png","targetRectangle":{"y":422.7992248535156,"x":367.2695338726044,"width":42.58452606201172,"height":46.9932746887207}},{"text":"TEG","targetRectangle":{"y":472.5000113248825,"x":370.0842965245247,"width":36.95499999999998,"height":23}},{"text":"TEG","targetRectangle":{"y":336.4999922513962,"x":121.0842946171761,"width":36.95499999999998,"height":23}},{"text":"qqicon-yz.png","targetRectangle":{"y":558.7992248535156,"x":670.2695338726044,"width":42.58452606201172,"height":46.9932746887207}},{"text":"TEG","targetRectangle":{"y":608.5000113248825,"x":673.0842965245247,"width":36.95500000000004,"height":23}},{"text":"* 不同BG的程序鹅占比","targetRectangle":{"y":711.5000000596046,"x":876.6599698066711,"width":121.3440000000001,"height":14}},{"text":"TEG","targetRectangle":{"y":472.5000113248825,"x":119.0842972397804,"width":36.95499999999998,"height":23}},{"text":"qqicon-yz.png","targetRectangle":{"y":422.7992248535156,"x":671.2695338726044,"width":42.58452606201172,"height":46.9932746887207}},{"text":"qqicon-yz.png","targetRectangle":{"y":286.7992057800293,"x":369.2695338726044,"width":42.58452606201172,"height":46.9932746887207}},{"text":"TEG","targetRectangle":{"y":472.5000113248825,"x":674.0842965245247,"width":36.95500000000004,"height":23}},{"text":"TEG","targetRectangle":{"y":336.4999922513962,"x":372.0842965245247,"width":36.95499999999998,"height":23}},{"text":"程序鹅 生存环境 鹅圈圈养","targetRectangle":{"y":90,"x":79,"width":577.783203125,"height":60}}],"baseLayer":{"animations":[],"initialState":{"affineTransform":[1,0,0,1,0,0],"masksToBounds":true,"rotation":0,"scale":1,"position":{"pointX":512,"pointY":384},"width":1024,"sublayerTransform":[1,0,0,0,0,1,0,0,0,0,1,0,0,0,0,1],"contentsRect":{"y":0,"x":0,"width":1,"height":1},"opacity":1,"edgeAntialiasingMask":0,"height":768,"hidden":false,"anchorPoint":{"pointX":0.5,"pointY":0.5}},"objectID":"0","layers":[{"animations":[],"initialState":{"affineTransform":[1,0,0,1,0,0],"masksToBounds":false,"rotation":0,"scale":1,"position":{"pointX":512,"pointY":384},"width":1024,"sublayerTransform":[1,0,0,0,0,1,0,0,0,0,1,-0.0004922987690640373,0,0,0,1],"contentsRect":{"y":0,"x":0,"width":1,"height":1},"opacity":1,"edgeAntialiasingMask":15,"height":768,"hidden":false,"anchorPoint":{"pointX":0.5,"pointY":0.5}},"layers":[{"animations":[],"layers":[],"initialState":{"affineTransform":[1,0,0,1,0,0],"masksToBounds":false,"rotation":0,"scale":1,"position":{"pointX":512,"pointY":384},"width":1024,"sublayerTransform":[1,0,0,0,0,1,0,0,0,0,1,0,0,0,0,1],"contentsRect":{"y":0,"x":0,"width":1,"height":1},"opacity":1,"edgeAntialiasingMask":0,"height":768,"hidden":false,"anchorPoint":{"pointX":0.5,"pointY":0.5}},"texture":"868B3A62C4621B390F8BB021812CF37F"}]}]}}]}