{"assets":{"12D83B276416DACEFF98DA189C51FC02":{"type":"texture","index":151,"assetRequest":{"byGlyphStyle":0,"deliveryStyle":105,"chunkIndex":0,"type":"chunk","chunkCount":6,"stageIndex":2,"stageCount":3},"url":"assets/12D83B276416DACEFF98DA189C51FC02.svg","width":827,"height":417},"616A2EBD5D5E70E2999F777F370716B2":{"type":"texture","index":155,"assetRequest":{"stageIndex":3,"stageCount":5,"chunkIndex":1,"type":"final","chunkCount":6},"url":"assets/616A2EBD5D5E70E2999F777F370716B2.svg","width":827,"height":417},"D2D95E10A16BE39B290210AF225FFADE":{"type":"texture","index":153,"assetRequest":{"stageIndex":2,"stageCount":4,"chunkIndex":1,"type":"final","chunkCount":6},"url":"assets/D2D95E10A16BE39B290210AF225FFADE.svg","width":827,"height":417},"8AAF5E5A898BDA652C8E23CBFC1BF442":{"type":"texture","index":152,"assetRequest":{"byGlyphStyle":0,"deliveryStyle":105,"chunkIndex":0,"type":"chunk","chunkCount":6,"stageIndex":3,"stageCount":4},"url":"assets/8AAF5E5A898BDA652C8E23CBFC1BF442.svg","width":827,"height":408},"775AEF6592364B2508A1134CA4221436":{"type":"texture","index":154,"assetRequest":{"byGlyphStyle":0,"deliveryStyle":105,"chunkIndex":0,"type":"chunk","chunkCount":6,"stageIndex":4,"stageCount":5},"url":"assets/775AEF6592364B2508A1134CA4221436.svg","width":827,"height":408},"4C53291D65E9E282409EF13336B64BC0":{"type":"texture","index":149,"assetRequest":{"type":"slide","state":"contents","slide":"8F822734-A89A-444B-8983-86D260690974"},"url":"assets/4C53291D65E9E282409EF13336B64BC0.svg","width":867,"height":449},"498E23C82CA78A4BCD7BA88E5243B6FC":{"type":"texture","index":146,"assetRequest":{"type":"slide","state":"contents","slide":"8F822734-A89A-444B-8983-86D260690974"},"url":"assets/498E23C82CA78A4BCD7BA88E5243B6FC.svg","width":1024,"height":768},"65C39C103705B23D2D048C7A7675C9D1":{"type":"texture","index":156,"assetRequest":{"byGlyphStyle":0,"deliveryStyle":105,"chunkIndex":0,"type":"chunk","chunkCount":6,"stageIndex":5,"stageCount":6},"url":"assets/65C39C103705B23D2D048C7A7675C9D1.svg","width":827,"height":408},"C6840C2E9EB88A13BD7CD09C0BE4B36C":{"type":"texture","index":150,"assetRequest":{"byGlyphStyle":0,"deliveryStyle":105,"chunkIndex":0,"type":"chunk","chunkCount":6,"stageIndex":1,"stageCount":2},"url":"assets/C6840C2E9EB88A13BD7CD09C0BE4B36C.svg","width":827,"height":408},"0C9F6346C8D5CD247CAD297C2849F104":{"type":"texture","index":157,"assetRequest":{"stageIndex":4,"stageCount":6,"chunkIndex":1,"type":"final","chunkCount":6},"url":"assets/0C9F6346C8D5CD247CAD297C2849F104.svg","width":827,"height":417},"46F633F5D20F7B789F1FEF1F0E253154":{"type":"texture","index":158,"assetRequest":{"type":"slide","state":"outgoing","slide":"8F822734-A89A-444B-8983-86D260690974"},"url":"assets/46F633F5D20F7B789F1FEF1F0E253154.png","width":1024,"height":768},"AEA3C2E75350C3C52A27338CF960F6FF":{"type":"texture","index":159,"assetRequest":{"type":"slide","state":"incoming","slide":"3225DC89-6A84-4A6B-957A-143B3DB20600"},"url":"assets/AEA3C2E75350C3C52A27338CF960F6FF.png","width":1024,"height":768},"B6FACC8BFF1D16CAC13F45F2126A9B72":{"type":"texture","index":147,"assetRequest":{"type":"slide","state":"contents","slide":"8F822734-A89A-444B-8983-86D260690974"},"url":"assets/B6FACC8BFF1D16CAC13F45F2126A9B72.png","width":575,"height":50},"3692165FC1F2B573495B54E6F5C7C87B":{"type":"texture","index":148,"assetRequest":{"type":"slide","state":"contents","slide":"8F822734-A89A-444B-8983-86D260690974"},"url":"assets/3692165FC1F2B573495B54E6F5C7C87B.svg","width":695,"height":59}},"events":[{"effects":[{"beginTime":0,"baseLayer":{"animations":[],"initialState":{"affineTransform":[1,0,0,1,0,0],"masksToBounds":false,"rotation":0,"scale":1,"position":{"pointX":512.0000152587891,"pointY":685.0334091186523},"width":687.8961791992188,"sublayerTransform":[1,0,0,0,0,1,0,0,0,0,1,0,0,0,0,1],"contentsRect":{"y":0,"x":0,"width":1,"height":1},"opacity":1,"edgeAntialiasingMask":15,"height":56.72538757324219,"hidden":false,"anchorPoint":{"pointX":0.5,"pointY":0.5}},"objectID":"80D28A1C-BBB9-45F1-B88D-EB8D3842E87B","layers":[{"animations":[],"initialState":{"affineTransform":[1,0,0,1,0,0],"masksToBounds":false,"rotation":0,"scale":1,"position":{"pointX":343.9480743408203,"pointY":-272.6707153320312},"width":687.8961791992188,"sublayerTransform":[1,0,0,0,0,1,0,0,0,0,1,-0.0004922987690640373,0,0,0,1],"contentsRect":{"y":0,"x":0,"width":1,"height":1},"opacity":1,"edgeAntialiasingMask":15,"height":56.72538757324219,"hidden":false,"anchorPoint":{"pointX":0.4999999778181802,"pointY":-4.806855043166813}},"layers":[{"animations":[{"from":{"scalar":true},"beginTime":1e-100,"repeatCount":0,"fillMode":"both","property":"hidden","duration":0.01,"to":{"scalar":false}}],"layers":[],"initialState":{"affineTransform":[1,0,0,1,0,0],"masksToBounds":false,"rotation":0,"scale":1,"position":{"pointX":346.4480743408203,"pointY":28.82928466796875},"width":695,"sublayerTransform":[1,0,0,0,0,1,0,0,0,0,1,0,0,0,0,1],"contentsRect":{"y":0,"x":0,"width":1,"height":1},"opacity":1,"edgeAntialiasingMask":0,"height":59,"hidden":true,"anchorPoint":{"pointX":0.5,"pointY":0.5}},"texture":"3692165FC1F2B573495B54E6F5C7C87B"}]}]},"effects":[{"beginTime":0,"baseLayer":{"animations":[],"initialState":{"affineTransform":[1,0,0,1,0,0],"masksToBounds":false,"rotation":0,"scale":1,"position":{"pointX":513.1475457763672,"pointY":406.4100036621094},"width":864.0830590820312,"sublayerTransform":[1,0,0,0,0,1,0,0,0,0,1,0,0,0,0,1],"contentsRect":{"y":0,"x":0,"width":1,"height":1},"opacity":1,"edgeAntialiasingMask":15,"height":446.3799438476562,"hidden":false,"anchorPoint":{"pointX":0.5,"pointY":0.5}},"objectID":"8431F096-4EF9-40A7-9A04-2816476710D3","layers":[{"animations":[],"initialState":{"affineTransform":[1,0,0,1,0,0],"masksToBounds":false,"rotation":0,"scale":1,"position":{"pointX":430.8939837646484,"pointY":200.7799682617188},"width":864.0830590820312,"sublayerTransform":[1,0,0,0,0,1,0,0,0,0,1,-0.0004922987690640373,0,0,0,1],"contentsRect":{"y":0,"x":0,"width":1,"height":1},"opacity":1,"edgeAntialiasingMask":15,"height":446.3799438476562,"hidden":false,"anchorPoint":{"pointX":0.4986719496878155,"pointY":0.4497961233003837}},"layers":[{"animations":[{"repeatCount":0,"animations":[{"from":{"scalar":0},"beginTime":0,"repeatCount":0,"fillMode":"both","property":"opacity","duration":0.5,"timingFunction":"easeInEaseOut","to":{"scalar":1}},{"from":{"scalar":false},"beginTime":0,"repeatCount":0,"fillMode":"forwards","property":"hidden","duration":0.5,"to":{"scalar":false}}],"beginTime":1e-100,"fillMode":"both","duration":0.5}],"layers":[],"initialState":{"affineTransform":[1,0,0,1,0,0],"masksToBounds":false,"rotation":0,"scale":1,"position":{"pointX":432.3939837646485,"pointY":223.2799682617188},"width":867,"sublayerTransform":[1,0,0,0,0,1,0,0,0,0,1,0,0,0,0,1],"contentsRect":{"y":0,"x":0,"width":1,"height":1},"opacity":1,"edgeAntialiasingMask":0,"height":449,"hidden":true,"anchorPoint":{"pointX":0.5,"pointY":0.5}},"texture":"4C53291D65E9E282409EF13336B64BC0"}]}]},"effects":[{"beginTime":0,"baseLayer":{"animations":[],"initialState":{"affineTransform":[1,0,0,1,0,0],"masksToBounds":false,"rotation":0,"scale":1,"position":{"pointX":513.1475457763672,"pointY":406.4100036621094},"width":864.0830590820312,"sublayerTransform":[1,0,0,0,0,1,0,0,0,0,1,0,0,0,0,1],"contentsRect":{"y":0,"x":0,"width":1,"height":1},"opacity":1,"edgeAntialiasingMask":15,"height":446.3799438476562,"hidden":false,"anchorPoint":{"pointX":0.5,"pointY":0.5}},"objectID":"8431F096-4EF9-40A7-9A04-2816476710D3","layers":[{"animations":[],"layers":[],"initialState":{"affineTransform":[1,0,0,1,0,0],"masksToBounds":false,"rotation":0,"scale":1,"position":{"pointX":432.3939837646485,"pointY":223.2799682617188},"width":867,"sublayerTransform":[1,0,0,0,0,1,0,0,0,0,1,0,0,0,0,1],"contentsRect":{"y":0,"x":0,"width":1,"height":1},"opacity":1,"edgeAntialiasingMask":0,"height":449,"hidden":false,"anchorPoint":{"pointX":0.5,"pointY":0.5}},"texture":"4C53291D65E9E282409EF13336B64BC0"},{"animations":[],"initialState":{"affineTransform":[1,0,0,1,0,0],"masksToBounds":false,"rotation":0,"scale":1,"position":{"pointX":430.8939837646484,"pointY":200.7799682617188},"width":864.0830590820312,"sublayerTransform":[1,0,0,0,0,1,0,0,0,0,1,-0.0004922987690640373,0,0,0,1],"contentsRect":{"y":0,"x":0,"width":1,"height":1},"opacity":1,"edgeAntialiasingMask":15,"height":446.3799438476562,"hidden":false,"anchorPoint":{"pointX":0.4986719496878155,"pointY":0.4497961233003837}},"layers":[{"animations":[{"repeatCount":0,"animations":[{"from":{"scalar":0},"beginTime":0,"repeatCount":0,"fillMode":"both","property":"opacity","duration":0.5,"timingFunction":"easeInEaseOut","to":{"scalar":1}},{"from":{"scalar":false},"beginTime":0,"repeatCount":0,"fillMode":"forwards","property":"hidden","duration":0.5,"to":{"scalar":false}}],"beginTime":1e-100,"fillMode":"both","duration":0.5}],"layers":[],"initialState":{"affineTransform":[1,0,0,1,0,0],"masksToBounds":false,"rotation":0,"scale":1,"position":{"pointX":450.3939837646485,"pointY":220.7799682617188},"width":827,"sublayerTransform":[1,0,0,0,0,1,0,0,0,0,1,0,0,0,0,1],"contentsRect":{"y":0,"x":0,"width":1,"height":1},"opacity":1,"edgeAntialiasingMask":0,"height":408,"hidden":true,"anchorPoint":{"pointX":0.5,"pointY":0.5}},"texture":"C6840C2E9EB88A13BD7CD09C0BE4B36C"}]}]},"effects":[{"beginTime":0,"baseLayer":{"animations":[],"initialState":{"affineTransform":[1,0,0,1,0,0],"masksToBounds":false,"rotation":0,"scale":1,"position":{"pointX":513.1475457763672,"pointY":406.4100036621094},"width":864.0830590820312,"sublayerTransform":[1,0,0,0,0,1,0,0,0,0,1,0,0,0,0,1],"contentsRect":{"y":0,"x":0,"width":1,"height":1},"opacity":1,"edgeAntialiasingMask":15,"height":446.3799438476562,"hidden":false,"anchorPoint":{"pointX":0.5,"pointY":0.5}},"objectID":"8431F096-4EF9-40A7-9A04-2816476710D3","layers":[{"animations":[],"layers":[],"initialState":{"affineTransform":[1,0,0,1,0,0],"masksToBounds":false,"rotation":0,"scale":1,"position":{"pointX":432.3939837646485,"pointY":223.2799682617188},"width":867,"sublayerTransform":[1,0,0,0,0,1,0,0,0,0,1,0,0,0,0,1],"contentsRect":{"y":0,"x":0,"width":1,"height":1},"opacity":1,"edgeAntialiasingMask":0,"height":449,"hidden":false,"anchorPoint":{"pointX":0.5,"pointY":0.5}},"texture":"4C53291D65E9E282409EF13336B64BC0"},{"animations":[],"initialState":{"affineTransform":[1,0,0,1,0,0],"masksToBounds":false,"rotation":0,"scale":1,"position":{"pointX":430.8939837646484,"pointY":200.7799682617188},"width":864.0830590820312,"sublayerTransform":[1,0,0,0,0,1,0,0,0,0,1,-0.0004922987690640373,0,0,0,1],"contentsRect":{"y":0,"x":0,"width":1,"height":1},"opacity":1,"edgeAntialiasingMask":15,"height":446.3799438476562,"hidden":false,"anchorPoint":{"pointX":0.4986719496878155,"pointY":0.4497961233003837}},"layers":[{"animations":[{"repeatCount":0,"animations":[{"from":{"scalar":0},"beginTime":0,"repeatCount":0,"fillMode":"both","property":"opacity","duration":0.5,"timingFunction":"easeInEaseOut","to":{"scalar":1}},{"from":{"scalar":false},"beginTime":0,"repeatCount":0,"fillMode":"forwards","property":"hidden","duration":0.5,"to":{"scalar":false}}],"beginTime":1e-100,"fillMode":"both","duration":0.5}],"layers":[],"initialState":{"affineTransform":[1,0,0,1,0,0],"masksToBounds":false,"rotation":0,"scale":1,"position":{"pointX":450.3939837646485,"pointY":216.2799682617188},"width":827,"sublayerTransform":[1,0,0,0,0,1,0,0,0,0,1,0,0,0,0,1],"contentsRect":{"y":0,"x":0,"width":1,"height":1},"opacity":1,"edgeAntialiasingMask":0,"height":417,"hidden":true,"anchorPoint":{"pointX":0.5,"pointY":0.5}},"texture":"12D83B276416DACEFF98DA189C51FC02"}]},{"animations":[],"layers":[],"initialState":{"affineTransform":[1,0,0,1,0,0],"masksToBounds":false,"rotation":0,"scale":1,"position":{"pointX":450.3939837646485,"pointY":220.7799682617188},"width":827,"sublayerTransform":[1,0,0,0,0,1,0,0,0,0,1,0,0,0,0,1],"contentsRect":{"y":0,"x":0,"width":1,"height":1},"opacity":1,"edgeAntialiasingMask":0,"height":408,"hidden":false,"anchorPoint":{"pointX":0.5,"pointY":0.5}},"texture":"C6840C2E9EB88A13BD7CD09C0BE4B36C"}]},"effects":[{"beginTime":0,"baseLayer":{"animations":[],"initialState":{"affineTransform":[1,0,0,1,0,0],"masksToBounds":false,"rotation":0,"scale":1,"position":{"pointX":513.1475457763672,"pointY":406.4100036621094},"width":864.0830590820312,"sublayerTransform":[1,0,0,0,0,1,0,0,0,0,1,0,0,0,0,1],"contentsRect":{"y":0,"x":0,"width":1,"height":1},"opacity":1,"edgeAntialiasingMask":15,"height":446.3799438476562,"hidden":false,"anchorPoint":{"pointX":0.5,"pointY":0.5}},"objectID":"8431F096-4EF9-40A7-9A04-2816476710D3","layers":[{"animations":[],"layers":[],"initialState":{"affineTransform":[1,0,0,1,0,0],"masksToBounds":false,"rotation":0,"scale":1,"position":{"pointX":432.3939837646485,"pointY":223.2799682617188},"width":867,"sublayerTransform":[1,0,0,0,0,1,0,0,0,0,1,0,0,0,0,1],"contentsRect":{"y":0,"x":0,"width":1,"height":1},"opacity":1,"edgeAntialiasingMask":0,"height":449,"hidden":false,"anchorPoint":{"pointX":0.5,"pointY":0.5}},"texture":"4C53291D65E9E282409EF13336B64BC0"},{"animations":[],"initialState":{"affineTransform":[1,0,0,1,0,0],"masksToBounds":false,"rotation":0,"scale":1,"position":{"pointX":430.8939837646484,"pointY":200.7799682617188},"width":864.0830590820312,"sublayerTransform":[1,0,0,0,0,1,0,0,0,0,1,-0.0004922987690640373,0,0,0,1],"contentsRect":{"y":0,"x":0,"width":1,"height":1},"opacity":1,"edgeAntialiasingMask":15,"height":446.3799438476562,"hidden":false,"anchorPoint":{"pointX":0.4986719496878155,"pointY":0.4497961233003837}},"layers":[{"animations":[{"repeatCount":0,"animations":[{"from":{"scalar":0},"beginTime":0,"repeatCount":0,"fillMode":"both","property":"opacity","duration":0.5,"timingFunction":"easeInEaseOut","to":{"scalar":1}},{"from":{"scalar":false},"beginTime":0,"repeatCount":0,"fillMode":"forwards","property":"hidden","duration":0.5,"to":{"scalar":false}}],"beginTime":1e-100,"fillMode":"both","duration":0.5}],"layers":[],"initialState":{"affineTransform":[1,0,0,1,0,0],"masksToBounds":false,"rotation":0,"scale":1,"position":{"pointX":450.3939837646485,"pointY":220.7799682617188},"width":827,"sublayerTransform":[1,0,0,0,0,1,0,0,0,0,1,0,0,0,0,1],"contentsRect":{"y":0,"x":0,"width":1,"height":1},"opacity":1,"edgeAntialiasingMask":0,"height":408,"hidden":true,"anchorPoint":{"pointX":0.5,"pointY":0.5}},"texture":"8AAF5E5A898BDA652C8E23CBFC1BF442"}]},{"animations":[],"layers":[],"initialState":{"affineTransform":[1,0,0,1,0,0],"masksToBounds":false,"rotation":0,"scale":1,"position":{"pointX":450.3939837646485,"pointY":216.2799682617188},"width":827,"sublayerTransform":[1,0,0,0,0,1,0,0,0,0,1,0,0,0,0,1],"contentsRect":{"y":0,"x":0,"width":1,"height":1},"opacity":1,"edgeAntialiasingMask":0,"height":417,"hidden":false,"anchorPoint":{"pointX":0.5,"pointY":0.5}},"texture":"D2D95E10A16BE39B290210AF225FFADE"}]},"effects":[{"beginTime":0,"baseLayer":{"animations":[],"initialState":{"affineTransform":[1,0,0,1,0,0],"masksToBounds":false,"rotation":0,"scale":1,"position":{"pointX":513.1475457763672,"pointY":406.4100036621094},"width":864.0830590820312,"sublayerTransform":[1,0,0,0,0,1,0,0,0,0,1,0,0,0,0,1],"contentsRect":{"y":0,"x":0,"width":1,"height":1},"opacity":1,"edgeAntialiasingMask":15,"height":446.3799438476562,"hidden":false,"anchorPoint":{"pointX":0.5,"pointY":0.5}},"objectID":"8431F096-4EF9-40A7-9A04-2816476710D3","layers":[{"animations":[],"layers":[],"initialState":{"affineTransform":[1,0,0,1,0,0],"masksToBounds":false,"rotation":0,"scale":1,"position":{"pointX":432.3939837646485,"pointY":223.2799682617188},"width":867,"sublayerTransform":[1,0,0,0,0,1,0,0,0,0,1,0,0,0,0,1],"contentsRect":{"y":0,"x":0,"width":1,"height":1},"opacity":1,"edgeAntialiasingMask":0,"height":449,"hidden":false,"anchorPoint":{"pointX":0.5,"pointY":0.5}},"texture":"4C53291D65E9E282409EF13336B64BC0"},{"animations":[],"initialState":{"affineTransform":[1,0,0,1,0,0],"masksToBounds":false,"rotation":0,"scale":1,"position":{"pointX":430.8939837646484,"pointY":200.7799682617188},"width":864.0830590820312,"sublayerTransform":[1,0,0,0,0,1,0,0,0,0,1,-0.0004922987690640373,0,0,0,1],"contentsRect":{"y":0,"x":0,"width":1,"height":1},"opacity":1,"edgeAntialiasingMask":15,"height":446.3799438476562,"hidden":false,"anchorPoint":{"pointX":0.4986719496878155,"pointY":0.4497961233003837}},"layers":[{"animations":[{"repeatCount":0,"animations":[{"from":{"scalar":0},"beginTime":0,"repeatCount":0,"fillMode":"both","property":"opacity","duration":0.5,"timingFunction":"easeInEaseOut","to":{"scalar":1}},{"from":{"scalar":false},"beginTime":0,"repeatCount":0,"fillMode":"forwards","property":"hidden","duration":0.5,"to":{"scalar":false}}],"beginTime":1e-100,"fillMode":"both","duration":0.5}],"layers":[],"initialState":{"affineTransform":[1,0,0,1,0,0],"masksToBounds":false,"rotation":0,"scale":1,"position":{"pointX":450.3939837646485,"pointY":220.7799682617188},"width":827,"sublayerTransform":[1,0,0,0,0,1,0,0,0,0,1,0,0,0,0,1],"contentsRect":{"y":0,"x":0,"width":1,"height":1},"opacity":1,"edgeAntialiasingMask":0,"height":408,"hidden":true,"anchorPoint":{"pointX":0.5,"pointY":0.5}},"texture":"775AEF6592364B2508A1134CA4221436"}]},{"animations":[],"layers":[],"initialState":{"affineTransform":[1,0,0,1,0,0],"masksToBounds":false,"rotation":0,"scale":1,"position":{"pointX":450.3939837646485,"pointY":216.2799682617188},"width":827,"sublayerTransform":[1,0,0,0,0,1,0,0,0,0,1,0,0,0,0,1],"contentsRect":{"y":0,"x":0,"width":1,"height":1},"opacity":1,"edgeAntialiasingMask":0,"height":417,"hidden":false,"anchorPoint":{"pointX":0.5,"pointY":0.5}},"texture":"616A2EBD5D5E70E2999F777F370716B2"}]},"effects":[{"beginTime":0,"baseLayer":{"animations":[],"initialState":{"affineTransform":[1,0,0,1,0,0],"masksToBounds":false,"rotation":0,"scale":1,"position":{"pointX":513.1475457763672,"pointY":406.4100036621094},"width":864.0830590820312,"sublayerTransform":[1,0,0,0,0,1,0,0,0,0,1,0,0,0,0,1],"contentsRect":{"y":0,"x":0,"width":1,"height":1},"opacity":1,"edgeAntialiasingMask":15,"height":446.3799438476562,"hidden":false,"anchorPoint":{"pointX":0.5,"pointY":0.5}},"objectID":"8431F096-4EF9-40A7-9A04-2816476710D3","layers":[{"animations":[],"layers":[],"initialState":{"affineTransform":[1,0,0,1,0,0],"masksToBounds":false,"rotation":0,"scale":1,"position":{"pointX":432.3939837646485,"pointY":223.2799682617188},"width":867,"sublayerTransform":[1,0,0,0,0,1,0,0,0,0,1,0,0,0,0,1],"contentsRect":{"y":0,"x":0,"width":1,"height":1},"opacity":1,"edgeAntialiasingMask":0,"height":449,"hidden":false,"anchorPoint":{"pointX":0.5,"pointY":0.5}},"texture":"4C53291D65E9E282409EF13336B64BC0"},{"animations":[],"initialState":{"affineTransform":[1,0,0,1,0,0],"masksToBounds":false,"rotation":0,"scale":1,"position":{"pointX":430.8939837646484,"pointY":200.7799682617188},"width":864.0830590820312,"sublayerTransform":[1,0,0,0,0,1,0,0,0,0,1,-0.0004922987690640373,0,0,0,1],"contentsRect":{"y":0,"x":0,"width":1,"height":1},"opacity":1,"edgeAntialiasingMask":15,"height":446.3799438476562,"hidden":false,"anchorPoint":{"pointX":0.4986719496878155,"pointY":0.4497961233003837}},"layers":[{"animations":[{"repeatCount":0,"animations":[{"from":{"scalar":0},"beginTime":0,"repeatCount":0,"fillMode":"both","property":"opacity","duration":0.5,"timingFunction":"easeInEaseOut","to":{"scalar":1}},{"from":{"scalar":false},"beginTime":0,"repeatCount":0,"fillMode":"forwards","property":"hidden","duration":0.5,"to":{"scalar":false}}],"beginTime":1e-100,"fillMode":"both","duration":0.5}],"layers":[],"initialState":{"affineTransform":[1,0,0,1,0,0],"masksToBounds":false,"rotation":0,"scale":1,"position":{"pointX":450.3939837646485,"pointY":220.7799682617188},"width":827,"sublayerTransform":[1,0,0,0,0,1,0,0,0,0,1,0,0,0,0,1],"contentsRect":{"y":0,"x":0,"width":1,"height":1},"opacity":1,"edgeAntialiasingMask":0,"height":408,"hidden":true,"anchorPoint":{"pointX":0.5,"pointY":0.5}},"texture":"65C39C103705B23D2D048C7A7675C9D1"}]},{"animations":[],"layers":[],"initialState":{"affineTransform":[1,0,0,1,0,0],"masksToBounds":false,"rotation":0,"scale":1,"position":{"pointX":450.3939837646485,"pointY":216.2799682617188},"width":827,"sublayerTransform":[1,0,0,0,0,1,0,0,0,0,1,0,0,0,0,1],"contentsRect":{"y":0,"x":0,"width":1,"height":1},"opacity":1,"edgeAntialiasingMask":0,"height":417,"hidden":false,"anchorPoint":{"pointX":0.5,"pointY":0.5}},"texture":"0C9F6346C8D5CD247CAD297C2849F104"}]},"effects":[],"duration":0.5,"type":"buildIn","attributes":{"direction":11},"name":"apple:wipe","objectID":"8431F096-4EF9-40A7-9A04-2816476710D3"}],"duration":0.5,"type":"buildIn","attributes":{"direction":11},"name":"apple:wipe","objectID":"8431F096-4EF9-40A7-9A04-2816476710D3"}],"duration":0.5,"type":"buildIn","attributes":{"direction":11},"name":"apple:wipe","objectID":"8431F096-4EF9-40A7-9A04-2816476710D3"}],"duration":0.5,"type":"buildIn","attributes":{"direction":11},"name":"apple:wipe","objectID":"8431F096-4EF9-40A7-9A04-2816476710D3"}],"duration":0.5,"type":"buildIn","attributes":{"direction":11},"name":"apple:wipe","objectID":"8431F096-4EF9-40A7-9A04-2816476710D3"}],"duration":0.5,"type":"buildIn","attributes":{"direction":11},"name":"apple:wipe","objectID":"8431F096-4EF9-40A7-9A04-2816476710D3"}],"duration":0.01,"type":"buildIn","name":"apple:appear","objectID":"80D28A1C-BBB9-45F1-B88D-EB8D3842E87B"}],"automaticPlay":true,"hyperlinks":[],"accessibility":[{"text":"IEG","targetRectangle":{"y":695.3961029648781,"x":802.3941550850868,"width":20.00400000000002,"height":14}},{"text":"TEG","targetRectangle":{"y":695.8838200867176,"x":535.9615570306778,"width":21.39499999999998,"height":13}},{"text":"TEG","targetRectangle":{"y":695.8838199675083,"x":358.7967315912247,"width":21.39499999999998,"height":13}},{"text":"qqicon-yz.png","targetRectangle":{"y":656.6707153821758,"x":442.0876922607422,"width":31.97788667277064,"height":35.28853619098663}},{"text":"qqicon-yz.png","targetRectangle":{"y":656.6707155075371,"x":619.2525482177734,"width":31.97788667277064,"height":35.28853619098663}},{"text":"IEG","targetRectangle":{"y":695.3961030150226,"x":448.0645042061806,"width":20.00400000000002,"height":14}},{"text":"qqicon-yz.png","targetRectangle":{"y":657.1830216050148,"x":168.0519256591797,"width":31.97128295898438,"height":35.28125}},{"text":"程序鹅 优势特点 每月高峰","targetRectangle":{"y":90,"x":79,"width":577.783203125,"height":60}},{"text":"IEG","targetRectangle":{"y":695.396103140384,"x":625.2293601632118,"width":20.00400000000002,"height":14}},{"text":"TEG","targetRectangle":{"y":695.8837970793247,"x":173.3400665521622,"width":21.39500000000001,"height":13}},{"text":"qqicon-yz.png","targetRectangle":{"y":657.1830446124077,"x":530.6734161376953,"width":31.97128295898438,"height":35.28125}},{"text":"qqicon-yz.png","targetRectangle":{"y":656.6707156602916,"x":256.6310348510742,"width":31.97788667277064,"height":35.28853619098663}},{"text":"qqicon-yz.png","targetRectangle":{"y":657.1830444335938,"x":707.8382415771484,"width":31.97128295898438,"height":35.28125}},{"text":"IEG","targetRectangle":{"y":695.3961032931385,"x":262.6078467965126,"width":20.00400000000002,"height":14}},{"text":"TEG","targetRectangle":{"y":695.8838199079037,"x":713.1263824701309,"width":21.39499999999998,"height":13}},{"text":"qqicon-yz.png","targetRectangle":{"y":656.6707153320312,"x":796.4173431396484,"width":31.97788667277064,"height":35.28853619098663}},{"text":"qqicon-yz.png","targetRectangle":{"y":657.1830444931984,"x":353.5085906982422,"width":31.97128295898438,"height":35.28125}}],"baseLayer":{"animations":[],"initialState":{"affineTransform":[1,0,0,1,0,0],"masksToBounds":true,"rotation":0,"scale":1,"position":{"pointX":512,"pointY":384},"width":1024,"sublayerTransform":[1,0,0,0,0,1,0,0,0,0,1,0,0,0,0,1],"contentsRect":{"y":0,"x":0,"width":1,"height":1},"opacity":1,"edgeAntialiasingMask":0,"height":768,"hidden":false,"anchorPoint":{"pointX":0.5,"pointY":0.5}},"layers":[{"animations":[],"initialState":{"affineTransform":[1,0,0,1,0,0],"masksToBounds":false,"rotation":0,"scale":1,"position":{"pointX":512,"pointY":384},"width":1024,"sublayerTransform":[1,0,0,0,0,1,0,0,0,0,1,0,0,0,0,1],"contentsRect":{"y":0,"x":0,"width":1,"height":1},"opacity":1,"edgeAntialiasingMask":15,"height":768,"hidden":false,"anchorPoint":{"pointX":0.5,"pointY":0.5}},"layers":[{"animations":[],"initialState":{"affineTransform":[1,0,0,1,0,0],"masksToBounds":false,"rotation":0,"scale":1,"position":{"pointX":512,"pointY":384},"width":1024,"sublayerTransform":[1,0,0,0,0,1,0,0,0,0,1,0,0,0,0,1],"contentsRect":{"y":0,"x":0,"width":1,"height":1},"opacity":1,"edgeAntialiasingMask":15,"height":768,"hidden":false,"anchorPoint":{"pointX":0.5,"pointY":0.5}},"layers":[{"animations":[],"layers":[],"initialState":{"affineTransform":[1,0,0,1,0,0],"masksToBounds":false,"rotation":0,"scale":1,"position":{"pointX":512,"pointY":384},"width":1024,"sublayerTransform":[1,0,0,0,0,1,0,0,0,0,1,0,0,0,0,1],"contentsRect":{"y":0,"x":0,"width":1,"height":1},"opacity":1,"edgeAntialiasingMask":0,"height":768,"hidden":false,"anchorPoint":{"pointX":0.5,"pointY":0.5}},"texture":"498E23C82CA78A4BCD7BA88E5243B6FC"}]}]},{"animations":[],"initialState":{"affineTransform":[1,0,0,1,0,0],"masksToBounds":false,"rotation":0,"scale":1,"position":{"pointX":512,"pointY":384},"width":1024,"sublayerTransform":[1,0,0,0,0,1,0,0,0,0,1,0,0,0,0,1],"contentsRect":{"y":0,"x":0,"width":1,"height":1},"opacity":1,"edgeAntialiasingMask":15,"height":768,"hidden":false,"anchorPoint":{"pointX":0.5,"pointY":0.5}},"layers":[{"animations":[],"initialState":{"affineTransform":[1,0,0,1,0,0],"masksToBounds":false,"rotation":0,"scale":1,"position":{"pointX":512,"pointY":120},"width":874,"sublayerTransform":[1,0,0,0,0,1,0,0,0,0,1,0,0,0,0,1],"contentsRect":{"y":0,"x":0,"width":1,"height":1},"opacity":1,"edgeAntialiasingMask":15,"height":170,"hidden":false,"anchorPoint":{"pointX":0.5,"pointY":0.5}},"objectID":"F38F16EF-CC60-442F-A4EC-DF872624B306","layers":[{"animations":[],"layers":[],"initialState":{"affineTransform":[1,0,0,1,0,0],"masksToBounds":false,"rotation":0,"scale":1,"position":{"pointX":292.5,"pointY":86},"width":575,"sublayerTransform":[1,0,0,0,0,1,0,0,0,0,1,0,0,0,0,1],"contentsRect":{"y":0,"x":0,"width":1,"height":1},"opacity":1,"edgeAntialiasingMask":0,"height":50,"hidden":false,"anchorPoint":{"pointX":0.5,"pointY":0.5}},"texture":"B6FACC8BFF1D16CAC13F45F2126A9B72"}]}]},{"animations":[],"initialState":{"affineTransform":[1,0,0,1,0,0],"masksToBounds":false,"rotation":0,"scale":1,"position":{"pointX":512,"pointY":384},"width":1024,"sublayerTransform":[1,0,0,0,0,1,0,0,0,0,1,0,0,0,0,1],"contentsRect":{"y":0,"x":0,"width":1,"height":1},"opacity":1,"edgeAntialiasingMask":15,"height":768,"hidden":false,"anchorPoint":{"pointX":0.5,"pointY":0.5}},"layers":[{"animations":[],"initialState":{"affineTransform":[1,0,0,1,0,0],"masksToBounds":false,"rotation":0,"scale":1,"position":{"pointX":512.0000152587891,"pointY":685.0334091186523},"width":687.8961791992188,"sublayerTransform":[1,0,0,0,0,1,0,0,0,0,1,0,0,0,0,1],"contentsRect":{"y":0,"x":0,"width":1,"height":1},"opacity":1,"edgeAntialiasingMask":15,"height":56.72538757324219,"hidden":false,"anchorPoint":{"pointX":0.5,"pointY":0.5}},"objectID":"80D28A1C-BBB9-45F1-B88D-EB8D3842E87B","layers":[{"animations":[],"layers":[],"initialState":{"affineTransform":[1,0,0,1,0,0],"masksToBounds":false,"rotation":0,"scale":1,"position":{"pointX":346.4480743408203,"pointY":28.82928466796875},"width":695,"sublayerTransform":[1,0,0,0,0,1,0,0,0,0,1,0,0,0,0,1],"contentsRect":{"y":0,"x":0,"width":1,"height":1},"opacity":1,"edgeAntialiasingMask":0,"height":59,"hidden":true,"anchorPoint":{"pointX":0.5,"pointY":0.5}},"texture":"3692165FC1F2B573495B54E6F5C7C87B"}]}]},{"animations":[],"initialState":{"affineTransform":[1,0,0,1,0,0],"masksToBounds":false,"rotation":0,"scale":1,"position":{"pointX":512,"pointY":384},"width":1024,"sublayerTransform":[1,0,0,0,0,1,0,0,0,0,1,0,0,0,0,1],"contentsRect":{"y":0,"x":0,"width":1,"height":1},"opacity":1,"edgeAntialiasingMask":15,"height":768,"hidden":false,"anchorPoint":{"pointX":0.5,"pointY":0.5}},"layers":[{"animations":[],"initialState":{"affineTransform":[1,0,0,1,0,0],"masksToBounds":false,"rotation":0,"scale":1,"position":{"pointX":513.1475457763672,"pointY":406.4100036621094},"width":864.0830590820312,"sublayerTransform":[1,0,0,0,0,1,0,0,0,0,1,0,0,0,0,1],"contentsRect":{"y":0,"x":0,"width":1,"height":1},"opacity":1,"edgeAntialiasingMask":15,"height":446.3799438476562,"hidden":false,"anchorPoint":{"pointX":0.5,"pointY":0.5}},"objectID":"8431F096-4EF9-40A7-9A04-2816476710D3","layers":[{"animations":[],"layers":[],"initialState":{"affineTransform":[1,0,0,1,0,0],"masksToBounds":false,"rotation":0,"scale":1,"position":{"pointX":432.3939837646485,"pointY":223.2799682617188},"width":867,"sublayerTransform":[1,0,0,0,0,1,0,0,0,0,1,0,0,0,0,1],"contentsRect":{"y":0,"x":0,"width":1,"height":1},"opacity":1,"edgeAntialiasingMask":0,"height":449,"hidden":true,"anchorPoint":{"pointX":0.5,"pointY":0.5}},"texture":"4C53291D65E9E282409EF13336B64BC0"}]}]}]}},{"effects":[{"beginTime":0,"baseLayer":{"animations":[],"initialState":{"affineTransform":[1,0,0,1,0,0],"masksToBounds":true,"rotation":0,"scale":1,"position":{"pointX":512,"pointY":384},"width":1024,"sublayerTransform":[1,0,0,0,0,1,0,0,0,0,1,0,0,0,0,1],"contentsRect":{"y":0,"x":0,"width":1,"height":1},"opacity":1,"edgeAntialiasingMask":0,"height":768,"hidden":false,"anchorPoint":{"pointX":0.5,"pointY":0.5}},"objectID":"0","layers":[{"animations":[],"initialState":{"affineTransform":[1,0,0,1,0,0],"masksToBounds":false,"rotation":0,"scale":1,"position":{"pointX":512,"pointY":384},"width":1024,"sublayerTransform":[1,0,0,0,0,1,0,0,0,0,1,-0.0004922987690640373,0,0,0,1],"contentsRect":{"y":0,"x":0,"width":1,"height":1},"opacity":1,"edgeAntialiasingMask":15,"height":768,"hidden":false,"anchorPoint":{"pointX":0.5,"pointY":0.5}},"layers":[{"animations":[],"layers":[],"initialState":{"affineTransform":[1,0,0,1,0,0],"masksToBounds":false,"rotation":0,"scale":1,"position":{"pointX":512,"pointY":384},"width":1024,"sublayerTransform":[1,0,0,0,0,1,0,0,0,0,1,0,0,0,0,1],"contentsRect":{"y":0,"x":0,"width":1,"height":1},"opacity":1,"edgeAntialiasingMask":0,"height":768,"hidden":false,"anchorPoint":{"pointX":0.5,"pointY":0.5}},"texture":"AEA3C2E75350C3C52A27338CF960F6FF"},{"animations":[{"from":{"scalar":false},"beginTime":0,"repeatCount":0,"fillMode":"both","property":"hidden","duration":0.01,"to":{"scalar":true}}],"layers":[],"initialState":{"affineTransform":[1,0,0,1,0,0],"masksToBounds":false,"rotation":0,"scale":1,"position":{"pointX":512,"pointY":384},"width":1024,"sublayerTransform":[1,0,0,0,0,1,0,0,0,0,1,0,0,0,0,1],"contentsRect":{"y":0,"x":0,"width":1,"height":1},"opacity":1,"edgeAntialiasingMask":0,"height":768,"hidden":false,"anchorPoint":{"pointX":0.5,"pointY":0.5}},"texture":"46F633F5D20F7B789F1FEF1F0E253154"}]}]},"effects":[],"duration":0.01,"type":"transition","name":"none","objectID":"0"}],"automaticPlay":false,"hyperlinks":[],"accessibility":[{"text":"IEG","targetRectangle":{"y":695.3961029648781,"x":802.3941550850868,"width":20.00400000000002,"height":14}},{"text":"TEG","targetRectangle":{"y":695.8838200867176,"x":535.9615570306778,"width":21.39499999999998,"height":13}},{"text":"TEG","targetRectangle":{"y":695.8838199675083,"x":358.7967315912247,"width":21.39499999999998,"height":13}},{"text":"qqicon-yz.png","targetRectangle":{"y":656.6707153821758,"x":442.0876922607422,"width":31.97788667277064,"height":35.28853619098663}},{"text":"qqicon-yz.png","targetRectangle":{"y":656.6707155075371,"x":619.2525482177734,"width":31.97788667277064,"height":35.28853619098663}},{"text":"IEG","targetRectangle":{"y":695.3961030150226,"x":448.0645042061806,"width":20.00400000000002,"height":14}},{"text":"qqicon-yz.png","targetRectangle":{"y":657.1830216050148,"x":168.0519256591797,"width":31.97128295898438,"height":35.28125}},{"text":"程序鹅 优势特点 每月高峰","targetRectangle":{"y":90,"x":79,"width":577.783203125,"height":60}},{"text":"IEG","targetRectangle":{"y":695.396103140384,"x":625.2293601632118,"width":20.00400000000002,"height":14}},{"text":"TEG","targetRectangle":{"y":695.8837970793247,"x":173.3400665521622,"width":21.39500000000001,"height":13}},{"text":"qqicon-yz.png","targetRectangle":{"y":657.1830446124077,"x":530.6734161376953,"width":31.97128295898438,"height":35.28125}},{"text":"qqicon-yz.png","targetRectangle":{"y":656.6707156602916,"x":256.6310348510742,"width":31.97788667277064,"height":35.28853619098663}},{"text":"qqicon-yz.png","targetRectangle":{"y":657.1830444335938,"x":707.8382415771484,"width":31.97128295898438,"height":35.28125}},{"text":"IEG","targetRectangle":{"y":695.3961032931385,"x":262.6078467965126,"width":20.00400000000002,"height":14}},{"text":"TEG","targetRectangle":{"y":695.8838199079037,"x":713.1263824701309,"width":21.39499999999998,"height":13}},{"text":"qqicon-yz.png","targetRectangle":{"y":656.6707153320312,"x":796.4173431396484,"width":31.97788667277064,"height":35.28853619098663}},{"text":"qqicon-yz.png","targetRectangle":{"y":657.1830444931984,"x":353.5085906982422,"width":31.97128295898438,"height":35.28125}}],"baseLayer":{"animations":[],"initialState":{"affineTransform":[1,0,0,1,0,0],"masksToBounds":true,"rotation":0,"scale":1,"position":{"pointX":512,"pointY":384},"width":1024,"sublayerTransform":[1,0,0,0,0,1,0,0,0,0,1,0,0,0,0,1],"contentsRect":{"y":0,"x":0,"width":1,"height":1},"opacity":1,"edgeAntialiasingMask":0,"height":768,"hidden":false,"anchorPoint":{"pointX":0.5,"pointY":0.5}},"objectID":"0","layers":[{"animations":[],"initialState":{"affineTransform":[1,0,0,1,0,0],"masksToBounds":false,"rotation":0,"scale":1,"position":{"pointX":512,"pointY":384},"width":1024,"sublayerTransform":[1,0,0,0,0,1,0,0,0,0,1,-0.0004922987690640373,0,0,0,1],"contentsRect":{"y":0,"x":0,"width":1,"height":1},"opacity":1,"edgeAntialiasingMask":15,"height":768,"hidden":false,"anchorPoint":{"pointX":0.5,"pointY":0.5}},"layers":[{"animations":[],"layers":[],"initialState":{"affineTransform":[1,0,0,1,0,0],"masksToBounds":false,"rotation":0,"scale":1,"position":{"pointX":512,"pointY":384},"width":1024,"sublayerTransform":[1,0,0,0,0,1,0,0,0,0,1,0,0,0,0,1],"contentsRect":{"y":0,"x":0,"width":1,"height":1},"opacity":1,"edgeAntialiasingMask":0,"height":768,"hidden":false,"anchorPoint":{"pointX":0.5,"pointY":0.5}},"texture":"46F633F5D20F7B789F1FEF1F0E253154"}]}]}}]}