{"assets":{"66B9D3BB0C4D556D2767BA6B2E2DA12F":{"type":"texture","index":164,"assetRequest":{"byGlyphStyle":0,"deliveryStyle":105,"chunkIndex":0,"type":"chunk","chunkCount":6,"stageIndex":1,"stageCount":2},"url":"assets/66B9D3BB0C4D556D2767BA6B2E2DA12F.svg","width":709,"height":307},"B8D062E552FE2C1D6C184E495846E6AB":{"type":"texture","index":170,"assetRequest":{"stageIndex":2,"stageCount":4,"chunkIndex":1,"type":"final","chunkCount":6},"url":"assets/B8D062E552FE2C1D6C184E495846E6AB.svg","width":734,"height":401},"49DBFDD1C43C42003501BAA120F44102":{"type":"texture","index":174,"assetRequest":{"byGlyphStyle":0,"deliveryStyle":105,"chunkIndex":1,"type":"chunk","chunkCount":6,"stageIndex":4,"stageCount":5},"url":"assets/49DBFDD1C43C42003501BAA120F44102.svg","width":708,"height":379},"539DD4E37156E06ED916C3C94BF42741":{"type":"texture","index":172,"assetRequest":{"byGlyphStyle":0,"deliveryStyle":105,"chunkIndex":0,"type":"chunk","chunkCount":6,"stageIndex":4,"stageCount":5},"url":"assets/539DD4E37156E06ED916C3C94BF42741.svg","width":708,"height":379},"627AE2A75C92E1526E31BD4CEC50636F":{"type":"texture","index":167,"assetRequest":{"stageIndex":1,"stageCount":3,"chunkIndex":1,"type":"final","chunkCount":6},"url":"assets/627AE2A75C92E1526E31BD4CEC50636F.svg","width":709,"height":307},"3692165FC1F2B573495B54E6F5C7C87B":{"type":"texture","index":162,"assetRequest":{"type":"slide","state":"contents","slide":"3225DC89-6A84-4A6B-957A-143B3DB20600"},"url":"assets/3692165FC1F2B573495B54E6F5C7C87B.svg","width":695,"height":59},"6FF6AF212D21E0B80B0E2D74FDD2CB86":{"type":"texture","index":169,"assetRequest":{"byGlyphStyle":0,"deliveryStyle":105,"chunkIndex":0,"type":"chunk","chunkCount":6,"stageIndex":3,"stageCount":4},"url":"assets/6FF6AF212D21E0B80B0E2D74FDD2CB86.svg","width":709,"height":318},"F208240C69B22550FB77403DE0DCDFAB":{"type":"texture","index":171,"assetRequest":{"byGlyphStyle":0,"deliveryStyle":105,"chunkIndex":1,"type":"chunk","chunkCount":6,"stageIndex":3,"stageCount":4},"url":"assets/F208240C69B22550FB77403DE0DCDFAB.svg","width":709,"height":318},"9065665D0112A56C5AA13EB2D685538E":{"type":"texture","index":179,"assetRequest":{"type":"slide","state":"incoming","slide":"4EE5BC26-DCF7-40DE-8F51-51511FB37A0D"},"url":"assets/9065665D0112A56C5AA13EB2D685538E.png","width":1024,"height":768},"DB0E4783CB57912C2F53ABD7781B4B4B":{"type":"texture","index":176,"assetRequest":{"stageIndex":4,"stageCount":6,"chunkIndex":1,"type":"final","chunkCount":6},"url":"assets/DB0E4783CB57912C2F53ABD7781B4B4B.svg","width":785,"height":401},"5964728C95577FF60A966D1355529315":{"type":"texture","index":161,"assetRequest":{"type":"slide","state":"contents","slide":"3225DC89-6A84-4A6B-957A-143B3DB20600"},"url":"assets/5964728C95577FF60A966D1355529315.png","width":525,"height":50},"DEF9784371803E570563541EE81BC177":{"type":"texture","index":163,"assetRequest":{"type":"slide","state":"contents","slide":"3225DC89-6A84-4A6B-957A-143B3DB20600"},"url":"assets/DEF9784371803E570563541EE81BC177.svg","width":867,"height":449},"6DE2A955AEA11991E7233A7F402A4BB8":{"type":"texture","index":173,"assetRequest":{"stageIndex":3,"stageCount":5,"chunkIndex":1,"type":"final","chunkCount":6},"url":"assets/6DE2A955AEA11991E7233A7F402A4BB8.svg","width":760,"height":401},"EDDF4B45725868C9CA791E46A8856C8A":{"type":"texture","index":165,"assetRequest":{"byGlyphStyle":0,"deliveryStyle":105,"chunkIndex":1,"type":"chunk","chunkCount":6,"stageIndex":1,"stageCount":2},"url":"assets/EDDF4B45725868C9CA791E46A8856C8A.svg","width":709,"height":307},"A2D57446C2E984B3A2D87DCA6A562E08":{"type":"texture","index":168,"assetRequest":{"byGlyphStyle":0,"deliveryStyle":105,"chunkIndex":1,"type":"chunk","chunkCount":6,"stageIndex":2,"stageCount":3},"url":"assets/A2D57446C2E984B3A2D87DCA6A562E08.svg","width":708,"height":401},"0B8317EA809FE95650C409E36B19036A":{"type":"texture","index":177,"assetRequest":{"byGlyphStyle":0,"deliveryStyle":105,"chunkIndex":1,"type":"chunk","chunkCount":6,"stageIndex":5,"stageCount":6},"url":"assets/0B8317EA809FE95650C409E36B19036A.svg","width":709,"height":379},"498E23C82CA78A4BCD7BA88E5243B6FC":{"type":"texture","index":160,"assetRequest":{"type":"slide","state":"contents","slide":"3225DC89-6A84-4A6B-957A-143B3DB20600"},"url":"assets/498E23C82CA78A4BCD7BA88E5243B6FC.svg","width":1024,"height":768},"660B3D43C1902A45BCF929049E2C111D":{"type":"texture","index":178,"assetRequest":{"type":"slide","state":"outgoing","slide":"3225DC89-6A84-4A6B-957A-143B3DB20600"},"url":"assets/660B3D43C1902A45BCF929049E2C111D.png","width":1024,"height":768},"8791862F81EC5CFE87CEEEBB61A8A101":{"type":"texture","index":166,"assetRequest":{"byGlyphStyle":0,"deliveryStyle":105,"chunkIndex":0,"type":"chunk","chunkCount":6,"stageIndex":2,"stageCount":3},"url":"assets/8791862F81EC5CFE87CEEEBB61A8A101.svg","width":708,"height":401},"ADDFCD732B6A3F2128699FBD0343F836":{"type":"texture","index":175,"assetRequest":{"byGlyphStyle":0,"deliveryStyle":105,"chunkIndex":0,"type":"chunk","chunkCount":6,"stageIndex":5,"stageCount":6},"url":"assets/ADDFCD732B6A3F2128699FBD0343F836.svg","width":709,"height":379}},"events":[{"effects":[{"beginTime":0,"baseLayer":{"animations":[],"initialState":{"affineTransform":[1,0,0,1,0,0],"masksToBounds":false,"rotation":0,"scale":1,"position":{"pointX":512.0000152587891,"pointY":685.0334091186523},"width":687.8961791992188,"sublayerTransform":[1,0,0,0,0,1,0,0,0,0,1,0,0,0,0,1],"contentsRect":{"y":0,"x":0,"width":1,"height":1},"opacity":1,"edgeAntialiasingMask":15,"height":56.72538757324219,"hidden":false,"anchorPoint":{"pointX":0.5,"pointY":0.5}},"objectID":"EF97A8BF-4F0A-4CA9-B832-E323697F9632","layers":[{"animations":[],"initialState":{"affineTransform":[1,0,0,1,0,0],"masksToBounds":false,"rotation":0,"scale":1,"position":{"pointX":343.9480743408203,"pointY":-272.6707153320312},"width":687.8961791992188,"sublayerTransform":[1,0,0,0,0,1,0,0,0,0,1,-0.0004922987690640373,0,0,0,1],"contentsRect":{"y":0,"x":0,"width":1,"height":1},"opacity":1,"edgeAntialiasingMask":15,"height":56.72538757324219,"hidden":false,"anchorPoint":{"pointX":0.4999999778181802,"pointY":-4.806855043166813}},"layers":[{"animations":[{"from":{"scalar":true},"beginTime":1e-100,"repeatCount":0,"fillMode":"both","property":"hidden","duration":0.01,"to":{"scalar":false}}],"layers":[],"initialState":{"affineTransform":[1,0,0,1,0,0],"masksToBounds":false,"rotation":0,"scale":1,"position":{"pointX":346.4480743408203,"pointY":28.82928466796875},"width":695,"sublayerTransform":[1,0,0,0,0,1,0,0,0,0,1,0,0,0,0,1],"contentsRect":{"y":0,"x":0,"width":1,"height":1},"opacity":1,"edgeAntialiasingMask":0,"height":59,"hidden":true,"anchorPoint":{"pointX":0.5,"pointY":0.5}},"texture":"3692165FC1F2B573495B54E6F5C7C87B"}]}]},"effects":[{"beginTime":0,"baseLayer":{"animations":[],"initialState":{"affineTransform":[1,0,0,1,0,0],"masksToBounds":false,"rotation":0,"scale":1,"position":{"pointX":513.3975592041015,"pointY":406.4100036621094},"width":864.5830859375,"sublayerTransform":[1,0,0,0,0,1,0,0,0,0,1,0,0,0,0,1],"contentsRect":{"y":0,"x":0,"width":1,"height":1},"opacity":1,"edgeAntialiasingMask":15,"height":446.3799438476562,"hidden":false,"anchorPoint":{"pointX":0.5,"pointY":0.5}},"objectID":"799CA48C-A87B-4230-8E27-1CD7631E88A3","layers":[{"animations":[],"initialState":{"affineTransform":[1,0,0,1,0,0],"masksToBounds":false,"rotation":0,"scale":1,"position":{"pointX":430.8939837646485,"pointY":200.7799682617188},"width":864.5830859375,"sublayerTransform":[1,0,0,0,0,1,0,0,0,0,1,-0.0004922987690640373,0,0,0,1],"contentsRect":{"y":0,"x":0,"width":1,"height":1},"opacity":1,"edgeAntialiasingMask":15,"height":446.3799438476562,"hidden":false,"anchorPoint":{"pointX":0.4983835455182585,"pointY":0.4497961233003837}},"layers":[{"animations":[{"repeatCount":0,"animations":[{"from":{"scalar":0},"beginTime":0,"repeatCount":0,"fillMode":"both","property":"opacity","duration":0.5,"timingFunction":"easeInEaseOut","to":{"scalar":1}},{"from":{"scalar":false},"beginTime":0,"repeatCount":0,"fillMode":"forwards","property":"hidden","duration":0.5,"to":{"scalar":false}}],"beginTime":1e-100,"fillMode":"both","duration":0.5}],"layers":[],"initialState":{"affineTransform":[1,0,0,1,0,0],"masksToBounds":false,"rotation":0,"scale":1,"position":{"pointX":432.3939837646485,"pointY":223.2799682617188},"width":867,"sublayerTransform":[1,0,0,0,0,1,0,0,0,0,1,0,0,0,0,1],"contentsRect":{"y":0,"x":0,"width":1,"height":1},"opacity":1,"edgeAntialiasingMask":0,"height":449,"hidden":true,"anchorPoint":{"pointX":0.5,"pointY":0.5}},"texture":"DEF9784371803E570563541EE81BC177"}]}]},"effects":[{"beginTime":0,"baseLayer":{"animations":[],"initialState":{"affineTransform":[1,0,0,1,0,0],"masksToBounds":false,"rotation":0,"scale":1,"position":{"pointX":513.3975592041015,"pointY":406.4100036621094},"width":864.5830859375,"sublayerTransform":[1,0,0,0,0,1,0,0,0,0,1,0,0,0,0,1],"contentsRect":{"y":0,"x":0,"width":1,"height":1},"opacity":1,"edgeAntialiasingMask":15,"height":446.3799438476562,"hidden":false,"anchorPoint":{"pointX":0.5,"pointY":0.5}},"objectID":"799CA48C-A87B-4230-8E27-1CD7631E88A3","layers":[{"animations":[],"initialState":{"affineTransform":[1,0,0,1,0,0],"masksToBounds":false,"rotation":0,"scale":1,"position":{"pointX":430.8939837646485,"pointY":200.7799682617188},"width":864.5830859375,"sublayerTransform":[1,0,0,0,0,1,0,0,0,0,1,-0.0004922987690640373,0,0,0,1],"contentsRect":{"y":0,"x":0,"width":1,"height":1},"opacity":1,"edgeAntialiasingMask":15,"height":446.3799438476562,"hidden":false,"anchorPoint":{"pointX":0.4983835455182585,"pointY":0.4497961233003837}},"layers":[{"animations":[{"repeatCount":0,"animations":[{"from":{"scalar":0},"beginTime":0,"repeatCount":0,"fillMode":"both","property":"opacity","duration":0.5,"timingFunction":"easeInEaseOut","to":{"scalar":1}},{"from":{"scalar":false},"beginTime":0,"repeatCount":0,"fillMode":"forwards","property":"hidden","duration":0.5,"to":{"scalar":false}}],"beginTime":1e-100,"fillMode":"both","duration":0.5}],"layers":[],"initialState":{"affineTransform":[1,0,0,1,0,0],"masksToBounds":false,"rotation":0,"scale":1,"position":{"pointX":408.3939837646485,"pointY":268.2799682617188},"width":709,"sublayerTransform":[1,0,0,0,0,1,0,0,0,0,1,0,0,0,0,1],"contentsRect":{"y":0,"x":0,"width":1,"height":1},"opacity":1,"edgeAntialiasingMask":0,"height":307,"hidden":true,"anchorPoint":{"pointX":0.5,"pointY":0.5}},"texture":"66B9D3BB0C4D556D2767BA6B2E2DA12F"}]},{"animations":[],"layers":[],"initialState":{"affineTransform":[1,0,0,1,0,0],"masksToBounds":false,"rotation":0,"scale":1,"position":{"pointX":432.3939837646485,"pointY":223.2799682617188},"width":867,"sublayerTransform":[1,0,0,0,0,1,0,0,0,0,1,0,0,0,0,1],"contentsRect":{"y":0,"x":0,"width":1,"height":1},"opacity":1,"edgeAntialiasingMask":0,"height":449,"hidden":false,"anchorPoint":{"pointX":0.5,"pointY":0.5}},"texture":"DEF9784371803E570563541EE81BC177"},{"animations":[],"initialState":{"affineTransform":[1,0,0,1,0,0],"masksToBounds":false,"rotation":0,"scale":1,"position":{"pointX":430.8939837646485,"pointY":200.7799682617188},"width":864.5830859375,"sublayerTransform":[1,0,0,0,0,1,0,0,0,0,1,-0.0004922987690640373,0,0,0,1],"contentsRect":{"y":0,"x":0,"width":1,"height":1},"opacity":1,"edgeAntialiasingMask":15,"height":446.3799438476562,"hidden":false,"anchorPoint":{"pointX":0.4983835455182585,"pointY":0.4497961233003837}},"layers":[{"animations":[{"repeatCount":0,"animations":[{"from":{"scalar":0},"beginTime":0,"repeatCount":0,"fillMode":"both","property":"opacity","duration":0.5,"timingFunction":"easeInEaseOut","to":{"scalar":1}},{"from":{"scalar":false},"beginTime":0,"repeatCount":0,"fillMode":"forwards","property":"hidden","duration":0.5,"to":{"scalar":false}}],"beginTime":1e-100,"fillMode":"both","duration":0.5}],"layers":[],"initialState":{"affineTransform":[1,0,0,1,0,0],"masksToBounds":false,"rotation":0,"scale":1,"position":{"pointX":408.3939837646485,"pointY":268.2799682617188},"width":709,"sublayerTransform":[1,0,0,0,0,1,0,0,0,0,1,0,0,0,0,1],"contentsRect":{"y":0,"x":0,"width":1,"height":1},"opacity":1,"edgeAntialiasingMask":0,"height":307,"hidden":true,"anchorPoint":{"pointX":0.5,"pointY":0.5}},"texture":"EDDF4B45725868C9CA791E46A8856C8A"}]}]},"effects":[{"beginTime":0,"baseLayer":{"animations":[],"initialState":{"affineTransform":[1,0,0,1,0,0],"masksToBounds":false,"rotation":0,"scale":1,"position":{"pointX":513.3975592041015,"pointY":406.4100036621094},"width":864.5830859375,"sublayerTransform":[1,0,0,0,0,1,0,0,0,0,1,0,0,0,0,1],"contentsRect":{"y":0,"x":0,"width":1,"height":1},"opacity":1,"edgeAntialiasingMask":15,"height":446.3799438476562,"hidden":false,"anchorPoint":{"pointX":0.5,"pointY":0.5}},"objectID":"799CA48C-A87B-4230-8E27-1CD7631E88A3","layers":[{"animations":[],"initialState":{"affineTransform":[1,0,0,1,0,0],"masksToBounds":false,"rotation":0,"scale":1,"position":{"pointX":430.8939837646485,"pointY":200.7799682617188},"width":864.5830859375,"sublayerTransform":[1,0,0,0,0,1,0,0,0,0,1,-0.0004922987690640373,0,0,0,1],"contentsRect":{"y":0,"x":0,"width":1,"height":1},"opacity":1,"edgeAntialiasingMask":15,"height":446.3799438476562,"hidden":false,"anchorPoint":{"pointX":0.4983835455182585,"pointY":0.4497961233003837}},"layers":[{"animations":[{"repeatCount":0,"animations":[{"from":{"scalar":0},"beginTime":0,"repeatCount":0,"fillMode":"both","property":"opacity","duration":0.5,"timingFunction":"easeInEaseOut","to":{"scalar":1}},{"from":{"scalar":false},"beginTime":0,"repeatCount":0,"fillMode":"forwards","property":"hidden","duration":0.5,"to":{"scalar":false}}],"beginTime":1e-100,"fillMode":"both","duration":0.5}],"layers":[],"initialState":{"affineTransform":[1,0,0,1,0,0],"masksToBounds":false,"rotation":0,"scale":1,"position":{"pointX":433.8939837646485,"pointY":221.2799682617188},"width":708,"sublayerTransform":[1,0,0,0,0,1,0,0,0,0,1,0,0,0,0,1],"contentsRect":{"y":0,"x":0,"width":1,"height":1},"opacity":1,"edgeAntialiasingMask":0,"height":401,"hidden":true,"anchorPoint":{"pointX":0.5,"pointY":0.5}},"texture":"8791862F81EC5CFE87CEEEBB61A8A101"}]},{"animations":[],"layers":[],"initialState":{"affineTransform":[1,0,0,1,0,0],"masksToBounds":false,"rotation":0,"scale":1,"position":{"pointX":432.3939837646485,"pointY":223.2799682617188},"width":867,"sublayerTransform":[1,0,0,0,0,1,0,0,0,0,1,0,0,0,0,1],"contentsRect":{"y":0,"x":0,"width":1,"height":1},"opacity":1,"edgeAntialiasingMask":0,"height":449,"hidden":false,"anchorPoint":{"pointX":0.5,"pointY":0.5}},"texture":"DEF9784371803E570563541EE81BC177"},{"animations":[],"layers":[],"initialState":{"affineTransform":[1,0,0,1,0,0],"masksToBounds":false,"rotation":0,"scale":1,"position":{"pointX":408.3939837646485,"pointY":268.2799682617188},"width":709,"sublayerTransform":[1,0,0,0,0,1,0,0,0,0,1,0,0,0,0,1],"contentsRect":{"y":0,"x":0,"width":1,"height":1},"opacity":1,"edgeAntialiasingMask":0,"height":307,"hidden":false,"anchorPoint":{"pointX":0.5,"pointY":0.5}},"texture":"627AE2A75C92E1526E31BD4CEC50636F"},{"animations":[],"initialState":{"affineTransform":[1,0,0,1,0,0],"masksToBounds":false,"rotation":0,"scale":1,"position":{"pointX":430.8939837646485,"pointY":200.7799682617188},"width":864.5830859375,"sublayerTransform":[1,0,0,0,0,1,0,0,0,0,1,-0.0004922987690640373,0,0,0,1],"contentsRect":{"y":0,"x":0,"width":1,"height":1},"opacity":1,"edgeAntialiasingMask":15,"height":446.3799438476562,"hidden":false,"anchorPoint":{"pointX":0.4983835455182585,"pointY":0.4497961233003837}},"layers":[{"animations":[{"repeatCount":0,"animations":[{"from":{"scalar":0},"beginTime":0,"repeatCount":0,"fillMode":"both","property":"opacity","duration":0.5,"timingFunction":"easeInEaseOut","to":{"scalar":1}},{"from":{"scalar":false},"beginTime":0,"repeatCount":0,"fillMode":"forwards","property":"hidden","duration":0.5,"to":{"scalar":false}}],"beginTime":1e-100,"fillMode":"both","duration":0.5}],"layers":[],"initialState":{"affineTransform":[1,0,0,1,0,0],"masksToBounds":false,"rotation":0,"scale":1,"position":{"pointX":433.8939837646485,"pointY":221.2799682617188},"width":708,"sublayerTransform":[1,0,0,0,0,1,0,0,0,0,1,0,0,0,0,1],"contentsRect":{"y":0,"x":0,"width":1,"height":1},"opacity":1,"edgeAntialiasingMask":0,"height":401,"hidden":true,"anchorPoint":{"pointX":0.5,"pointY":0.5}},"texture":"A2D57446C2E984B3A2D87DCA6A562E08"}]}]},"effects":[{"beginTime":0,"baseLayer":{"animations":[],"initialState":{"affineTransform":[1,0,0,1,0,0],"masksToBounds":false,"rotation":0,"scale":1,"position":{"pointX":513.3975592041015,"pointY":406.4100036621094},"width":864.5830859375,"sublayerTransform":[1,0,0,0,0,1,0,0,0,0,1,0,0,0,0,1],"contentsRect":{"y":0,"x":0,"width":1,"height":1},"opacity":1,"edgeAntialiasingMask":15,"height":446.3799438476562,"hidden":false,"anchorPoint":{"pointX":0.5,"pointY":0.5}},"objectID":"799CA48C-A87B-4230-8E27-1CD7631E88A3","layers":[{"animations":[],"initialState":{"affineTransform":[1,0,0,1,0,0],"masksToBounds":false,"rotation":0,"scale":1,"position":{"pointX":430.8939837646485,"pointY":200.7799682617188},"width":864.5830859375,"sublayerTransform":[1,0,0,0,0,1,0,0,0,0,1,-0.0004922987690640373,0,0,0,1],"contentsRect":{"y":0,"x":0,"width":1,"height":1},"opacity":1,"edgeAntialiasingMask":15,"height":446.3799438476562,"hidden":false,"anchorPoint":{"pointX":0.4983835455182585,"pointY":0.4497961233003837}},"layers":[{"animations":[{"repeatCount":0,"animations":[{"from":{"scalar":0},"beginTime":0,"repeatCount":0,"fillMode":"both","property":"opacity","duration":0.5,"timingFunction":"easeInEaseOut","to":{"scalar":1}},{"from":{"scalar":false},"beginTime":0,"repeatCount":0,"fillMode":"forwards","property":"hidden","duration":0.5,"to":{"scalar":false}}],"beginTime":1e-100,"fillMode":"both","duration":0.5}],"layers":[],"initialState":{"affineTransform":[1,0,0,1,0,0],"masksToBounds":false,"rotation":0,"scale":1,"position":{"pointX":459.3939837646485,"pointY":262.7799682617188},"width":709,"sublayerTransform":[1,0,0,0,0,1,0,0,0,0,1,0,0,0,0,1],"contentsRect":{"y":0,"x":0,"width":1,"height":1},"opacity":1,"edgeAntialiasingMask":0,"height":318,"hidden":true,"anchorPoint":{"pointX":0.5,"pointY":0.5}},"texture":"6FF6AF212D21E0B80B0E2D74FDD2CB86"}]},{"animations":[],"layers":[],"initialState":{"affineTransform":[1,0,0,1,0,0],"masksToBounds":false,"rotation":0,"scale":1,"position":{"pointX":432.3939837646485,"pointY":223.2799682617188},"width":867,"sublayerTransform":[1,0,0,0,0,1,0,0,0,0,1,0,0,0,0,1],"contentsRect":{"y":0,"x":0,"width":1,"height":1},"opacity":1,"edgeAntialiasingMask":0,"height":449,"hidden":false,"anchorPoint":{"pointX":0.5,"pointY":0.5}},"texture":"DEF9784371803E570563541EE81BC177"},{"animations":[],"layers":[],"initialState":{"affineTransform":[1,0,0,1,0,0],"masksToBounds":false,"rotation":0,"scale":1,"position":{"pointX":420.8939837646485,"pointY":221.2799682617188},"width":734,"sublayerTransform":[1,0,0,0,0,1,0,0,0,0,1,0,0,0,0,1],"contentsRect":{"y":0,"x":0,"width":1,"height":1},"opacity":1,"edgeAntialiasingMask":0,"height":401,"hidden":false,"anchorPoint":{"pointX":0.5,"pointY":0.5}},"texture":"B8D062E552FE2C1D6C184E495846E6AB"},{"animations":[],"initialState":{"affineTransform":[1,0,0,1,0,0],"masksToBounds":false,"rotation":0,"scale":1,"position":{"pointX":430.8939837646485,"pointY":200.7799682617188},"width":864.5830859375,"sublayerTransform":[1,0,0,0,0,1,0,0,0,0,1,-0.0004922987690640373,0,0,0,1],"contentsRect":{"y":0,"x":0,"width":1,"height":1},"opacity":1,"edgeAntialiasingMask":15,"height":446.3799438476562,"hidden":false,"anchorPoint":{"pointX":0.4983835455182585,"pointY":0.4497961233003837}},"layers":[{"animations":[{"repeatCount":0,"animations":[{"from":{"scalar":0},"beginTime":0,"repeatCount":0,"fillMode":"both","property":"opacity","duration":0.5,"timingFunction":"easeInEaseOut","to":{"scalar":1}},{"from":{"scalar":false},"beginTime":0,"repeatCount":0,"fillMode":"forwards","property":"hidden","duration":0.5,"to":{"scalar":false}}],"beginTime":1e-100,"fillMode":"both","duration":0.5}],"layers":[],"initialState":{"affineTransform":[1,0,0,1,0,0],"masksToBounds":false,"rotation":0,"scale":1,"position":{"pointX":459.3939837646485,"pointY":262.7799682617188},"width":709,"sublayerTransform":[1,0,0,0,0,1,0,0,0,0,1,0,0,0,0,1],"contentsRect":{"y":0,"x":0,"width":1,"height":1},"opacity":1,"edgeAntialiasingMask":0,"height":318,"hidden":true,"anchorPoint":{"pointX":0.5,"pointY":0.5}},"texture":"F208240C69B22550FB77403DE0DCDFAB"}]}]},"effects":[{"beginTime":0,"baseLayer":{"animations":[],"initialState":{"affineTransform":[1,0,0,1,0,0],"masksToBounds":false,"rotation":0,"scale":1,"position":{"pointX":513.3975592041015,"pointY":406.4100036621094},"width":864.5830859375,"sublayerTransform":[1,0,0,0,0,1,0,0,0,0,1,0,0,0,0,1],"contentsRect":{"y":0,"x":0,"width":1,"height":1},"opacity":1,"edgeAntialiasingMask":15,"height":446.3799438476562,"hidden":false,"anchorPoint":{"pointX":0.5,"pointY":0.5}},"objectID":"799CA48C-A87B-4230-8E27-1CD7631E88A3","layers":[{"animations":[],"initialState":{"affineTransform":[1,0,0,1,0,0],"masksToBounds":false,"rotation":0,"scale":1,"position":{"pointX":430.8939837646485,"pointY":200.7799682617188},"width":864.5830859375,"sublayerTransform":[1,0,0,0,0,1,0,0,0,0,1,-0.0004922987690640373,0,0,0,1],"contentsRect":{"y":0,"x":0,"width":1,"height":1},"opacity":1,"edgeAntialiasingMask":15,"height":446.3799438476562,"hidden":false,"anchorPoint":{"pointX":0.4983835455182585,"pointY":0.4497961233003837}},"layers":[{"animations":[{"repeatCount":0,"animations":[{"from":{"scalar":0},"beginTime":0,"repeatCount":0,"fillMode":"both","property":"opacity","duration":0.5,"timingFunction":"easeInEaseOut","to":{"scalar":1}},{"from":{"scalar":false},"beginTime":0,"repeatCount":0,"fillMode":"forwards","property":"hidden","duration":0.5,"to":{"scalar":false}}],"beginTime":1e-100,"fillMode":"both","duration":0.5}],"layers":[],"initialState":{"affineTransform":[1,0,0,1,0,0],"masksToBounds":false,"rotation":0,"scale":1,"position":{"pointX":484.8939837646485,"pointY":232.2799682617188},"width":708,"sublayerTransform":[1,0,0,0,0,1,0,0,0,0,1,0,0,0,0,1],"contentsRect":{"y":0,"x":0,"width":1,"height":1},"opacity":1,"edgeAntialiasingMask":0,"height":379,"hidden":true,"anchorPoint":{"pointX":0.5,"pointY":0.5}},"texture":"539DD4E37156E06ED916C3C94BF42741"}]},{"animations":[],"layers":[],"initialState":{"affineTransform":[1,0,0,1,0,0],"masksToBounds":false,"rotation":0,"scale":1,"position":{"pointX":432.3939837646485,"pointY":223.2799682617188},"width":867,"sublayerTransform":[1,0,0,0,0,1,0,0,0,0,1,0,0,0,0,1],"contentsRect":{"y":0,"x":0,"width":1,"height":1},"opacity":1,"edgeAntialiasingMask":0,"height":449,"hidden":false,"anchorPoint":{"pointX":0.5,"pointY":0.5}},"texture":"DEF9784371803E570563541EE81BC177"},{"animations":[],"layers":[],"initialState":{"affineTransform":[1,0,0,1,0,0],"masksToBounds":false,"rotation":0,"scale":1,"position":{"pointX":433.8939837646485,"pointY":221.2799682617188},"width":760,"sublayerTransform":[1,0,0,0,0,1,0,0,0,0,1,0,0,0,0,1],"contentsRect":{"y":0,"x":0,"width":1,"height":1},"opacity":1,"edgeAntialiasingMask":0,"height":401,"hidden":false,"anchorPoint":{"pointX":0.5,"pointY":0.5}},"texture":"6DE2A955AEA11991E7233A7F402A4BB8"},{"animations":[],"initialState":{"affineTransform":[1,0,0,1,0,0],"masksToBounds":false,"rotation":0,"scale":1,"position":{"pointX":430.8939837646485,"pointY":200.7799682617188},"width":864.5830859375,"sublayerTransform":[1,0,0,0,0,1,0,0,0,0,1,-0.0004922987690640373,0,0,0,1],"contentsRect":{"y":0,"x":0,"width":1,"height":1},"opacity":1,"edgeAntialiasingMask":15,"height":446.3799438476562,"hidden":false,"anchorPoint":{"pointX":0.4983835455182585,"pointY":0.4497961233003837}},"layers":[{"animations":[{"repeatCount":0,"animations":[{"from":{"scalar":0},"beginTime":0,"repeatCount":0,"fillMode":"both","property":"opacity","duration":0.5,"timingFunction":"easeInEaseOut","to":{"scalar":1}},{"from":{"scalar":false},"beginTime":0,"repeatCount":0,"fillMode":"forwards","property":"hidden","duration":0.5,"to":{"scalar":false}}],"beginTime":1e-100,"fillMode":"both","duration":0.5}],"layers":[],"initialState":{"affineTransform":[1,0,0,1,0,0],"masksToBounds":false,"rotation":0,"scale":1,"position":{"pointX":484.8939837646485,"pointY":232.2799682617188},"width":708,"sublayerTransform":[1,0,0,0,0,1,0,0,0,0,1,0,0,0,0,1],"contentsRect":{"y":0,"x":0,"width":1,"height":1},"opacity":1,"edgeAntialiasingMask":0,"height":379,"hidden":true,"anchorPoint":{"pointX":0.5,"pointY":0.5}},"texture":"49DBFDD1C43C42003501BAA120F44102"}]}]},"effects":[{"beginTime":0,"baseLayer":{"animations":[],"initialState":{"affineTransform":[1,0,0,1,0,0],"masksToBounds":false,"rotation":0,"scale":1,"position":{"pointX":513.3975592041015,"pointY":406.4100036621094},"width":864.5830859375,"sublayerTransform":[1,0,0,0,0,1,0,0,0,0,1,0,0,0,0,1],"contentsRect":{"y":0,"x":0,"width":1,"height":1},"opacity":1,"edgeAntialiasingMask":15,"height":446.3799438476562,"hidden":false,"anchorPoint":{"pointX":0.5,"pointY":0.5}},"objectID":"799CA48C-A87B-4230-8E27-1CD7631E88A3","layers":[{"animations":[],"initialState":{"affineTransform":[1,0,0,1,0,0],"masksToBounds":false,"rotation":0,"scale":1,"position":{"pointX":430.8939837646485,"pointY":200.7799682617188},"width":864.5830859375,"sublayerTransform":[1,0,0,0,0,1,0,0,0,0,1,-0.0004922987690640373,0,0,0,1],"contentsRect":{"y":0,"x":0,"width":1,"height":1},"opacity":1,"edgeAntialiasingMask":15,"height":446.3799438476562,"hidden":false,"anchorPoint":{"pointX":0.4983835455182585,"pointY":0.4497961233003837}},"layers":[{"animations":[{"repeatCount":0,"animations":[{"from":{"scalar":0},"beginTime":0,"repeatCount":0,"fillMode":"both","property":"opacity","duration":0.5,"timingFunction":"easeInEaseOut","to":{"scalar":1}},{"from":{"scalar":false},"beginTime":0,"repeatCount":0,"fillMode":"forwards","property":"hidden","duration":0.5,"to":{"scalar":false}}],"beginTime":1e-100,"fillMode":"both","duration":0.5}],"layers":[],"initialState":{"affineTransform":[1,0,0,1,0,0],"masksToBounds":false,"rotation":0,"scale":1,"position":{"pointX":510.3939837646485,"pointY":232.2799682617188},"width":709,"sublayerTransform":[1,0,0,0,0,1,0,0,0,0,1,0,0,0,0,1],"contentsRect":{"y":0,"x":0,"width":1,"height":1},"opacity":1,"edgeAntialiasingMask":0,"height":379,"hidden":true,"anchorPoint":{"pointX":0.5,"pointY":0.5}},"texture":"ADDFCD732B6A3F2128699FBD0343F836"}]},{"animations":[],"layers":[],"initialState":{"affineTransform":[1,0,0,1,0,0],"masksToBounds":false,"rotation":0,"scale":1,"position":{"pointX":432.3939837646485,"pointY":223.2799682617188},"width":867,"sublayerTransform":[1,0,0,0,0,1,0,0,0,0,1,0,0,0,0,1],"contentsRect":{"y":0,"x":0,"width":1,"height":1},"opacity":1,"edgeAntialiasingMask":0,"height":449,"hidden":false,"anchorPoint":{"pointX":0.5,"pointY":0.5}},"texture":"DEF9784371803E570563541EE81BC177"},{"animations":[],"layers":[],"initialState":{"affineTransform":[1,0,0,1,0,0],"masksToBounds":false,"rotation":0,"scale":1,"position":{"pointX":446.3939837646485,"pointY":221.2799682617188},"width":785,"sublayerTransform":[1,0,0,0,0,1,0,0,0,0,1,0,0,0,0,1],"contentsRect":{"y":0,"x":0,"width":1,"height":1},"opacity":1,"edgeAntialiasingMask":0,"height":401,"hidden":false,"anchorPoint":{"pointX":0.5,"pointY":0.5}},"texture":"DB0E4783CB57912C2F53ABD7781B4B4B"},{"animations":[],"initialState":{"affineTransform":[1,0,0,1,0,0],"masksToBounds":false,"rotation":0,"scale":1,"position":{"pointX":430.8939837646485,"pointY":200.7799682617188},"width":864.5830859375,"sublayerTransform":[1,0,0,0,0,1,0,0,0,0,1,-0.0004922987690640373,0,0,0,1],"contentsRect":{"y":0,"x":0,"width":1,"height":1},"opacity":1,"edgeAntialiasingMask":15,"height":446.3799438476562,"hidden":false,"anchorPoint":{"pointX":0.4983835455182585,"pointY":0.4497961233003837}},"layers":[{"animations":[{"repeatCount":0,"animations":[{"from":{"scalar":0},"beginTime":0,"repeatCount":0,"fillMode":"both","property":"opacity","duration":0.5,"timingFunction":"easeInEaseOut","to":{"scalar":1}},{"from":{"scalar":false},"beginTime":0,"repeatCount":0,"fillMode":"forwards","property":"hidden","duration":0.5,"to":{"scalar":false}}],"beginTime":1e-100,"fillMode":"both","duration":0.5}],"layers":[],"initialState":{"affineTransform":[1,0,0,1,0,0],"masksToBounds":false,"rotation":0,"scale":1,"position":{"pointX":510.3939837646485,"pointY":232.2799682617188},"width":709,"sublayerTransform":[1,0,0,0,0,1,0,0,0,0,1,0,0,0,0,1],"contentsRect":{"y":0,"x":0,"width":1,"height":1},"opacity":1,"edgeAntialiasingMask":0,"height":379,"hidden":true,"anchorPoint":{"pointX":0.5,"pointY":0.5}},"texture":"0B8317EA809FE95650C409E36B19036A"}]}]},"effects":[],"duration":0.5,"type":"buildIn","attributes":{"direction":11},"name":"apple:wipe","objectID":"799CA48C-A87B-4230-8E27-1CD7631E88A3"}],"duration":0.5,"type":"buildIn","attributes":{"direction":11},"name":"apple:wipe","objectID":"799CA48C-A87B-4230-8E27-1CD7631E88A3"}],"duration":0.5,"type":"buildIn","attributes":{"direction":11},"name":"apple:wipe","objectID":"799CA48C-A87B-4230-8E27-1CD7631E88A3"}],"duration":0.5,"type":"buildIn","attributes":{"direction":11},"name":"apple:wipe","objectID":"799CA48C-A87B-4230-8E27-1CD7631E88A3"}],"duration":0.5,"type":"buildIn","attributes":{"direction":11},"name":"apple:wipe","objectID":"799CA48C-A87B-4230-8E27-1CD7631E88A3"}],"duration":0.5,"type":"buildIn","attributes":{"direction":11},"name":"apple:wipe","objectID":"799CA48C-A87B-4230-8E27-1CD7631E88A3"}],"duration":0.01,"type":"buildIn","name":"apple:appear","objectID":"EF97A8BF-4F0A-4CA9-B832-E323697F9632"}],"automaticPlay":true,"hyperlinks":[],"accessibility":[{"text":"qqicon-yz.png","targetRectangle":{"y":656.6707155075371,"x":619.2525482177734,"width":31.97788667277064,"height":35.28853619098663}},{"text":"qqicon-yz.png","targetRectangle":{"y":657.1830216050148,"x":168.0519256591797,"width":31.97128295898438,"height":35.28125}},{"text":"IEG","targetRectangle":{"y":695.3961030150226,"x":448.0645042061806,"width":20.00400000000002,"height":14}},{"text":"IEG","targetRectangle":{"y":695.396103140384,"x":625.2293601632118,"width":20.00400000000002,"height":14}},{"text":"TEG","targetRectangle":{"y":695.8837970793247,"x":173.3400665521622,"width":21.39500000000001,"height":13}},{"text":"qqicon-yz.png","targetRectangle":{"y":657.1830446124077,"x":530.6734161376953,"width":31.97128295898438,"height":35.28125}},{"text":"qqicon-yz.png","targetRectangle":{"y":656.6707156602916,"x":256.6310348510742,"width":31.97788667277064,"height":35.28853619098663}},{"text":"qqicon-yz.png","targetRectangle":{"y":657.1830444335938,"x":707.8382415771484,"width":31.97128295898438,"height":35.28125}},{"text":"程序鹅 优势特点 总产量","targetRectangle":{"y":90,"x":79,"width":527.783203125,"height":60}},{"text":"IEG","targetRectangle":{"y":695.3961032931385,"x":262.6078467965126,"width":20.00400000000002,"height":14}},{"text":"TEG","targetRectangle":{"y":695.8838199079037,"x":713.1263824701309,"width":21.39499999999998,"height":13}},{"text":"qqicon-yz.png","targetRectangle":{"y":656.6707153320312,"x":796.4173431396484,"width":31.97788667277064,"height":35.28853619098663}},{"text":"qqicon-yz.png","targetRectangle":{"y":657.1830444931984,"x":353.5085906982422,"width":31.97128295898438,"height":35.28125}},{"text":"IEG","targetRectangle":{"y":695.3961029648781,"x":802.3941550850868,"width":20.00400000000002,"height":14}},{"text":"TEG","targetRectangle":{"y":695.8838200867176,"x":535.9615570306778,"width":21.39499999999998,"height":13}},{"text":"TEG","targetRectangle":{"y":695.8838199675083,"x":358.7967315912247,"width":21.39499999999998,"height":13}},{"text":"qqicon-yz.png","targetRectangle":{"y":656.6707153821758,"x":442.0876922607422,"width":31.97788667277064,"height":35.28853619098663}}],"baseLayer":{"animations":[],"initialState":{"affineTransform":[1,0,0,1,0,0],"masksToBounds":true,"rotation":0,"scale":1,"position":{"pointX":512,"pointY":384},"width":1024,"sublayerTransform":[1,0,0,0,0,1,0,0,0,0,1,0,0,0,0,1],"contentsRect":{"y":0,"x":0,"width":1,"height":1},"opacity":1,"edgeAntialiasingMask":0,"height":768,"hidden":false,"anchorPoint":{"pointX":0.5,"pointY":0.5}},"layers":[{"animations":[],"initialState":{"affineTransform":[1,0,0,1,0,0],"masksToBounds":false,"rotation":0,"scale":1,"position":{"pointX":512,"pointY":384},"width":1024,"sublayerTransform":[1,0,0,0,0,1,0,0,0,0,1,0,0,0,0,1],"contentsRect":{"y":0,"x":0,"width":1,"height":1},"opacity":1,"edgeAntialiasingMask":15,"height":768,"hidden":false,"anchorPoint":{"pointX":0.5,"pointY":0.5}},"layers":[{"animations":[],"initialState":{"affineTransform":[1,0,0,1,0,0],"masksToBounds":false,"rotation":0,"scale":1,"position":{"pointX":512,"pointY":384},"width":1024,"sublayerTransform":[1,0,0,0,0,1,0,0,0,0,1,0,0,0,0,1],"contentsRect":{"y":0,"x":0,"width":1,"height":1},"opacity":1,"edgeAntialiasingMask":15,"height":768,"hidden":false,"anchorPoint":{"pointX":0.5,"pointY":0.5}},"layers":[{"animations":[],"layers":[],"initialState":{"affineTransform":[1,0,0,1,0,0],"masksToBounds":false,"rotation":0,"scale":1,"position":{"pointX":512,"pointY":384},"width":1024,"sublayerTransform":[1,0,0,0,0,1,0,0,0,0,1,0,0,0,0,1],"contentsRect":{"y":0,"x":0,"width":1,"height":1},"opacity":1,"edgeAntialiasingMask":0,"height":768,"hidden":false,"anchorPoint":{"pointX":0.5,"pointY":0.5}},"texture":"498E23C82CA78A4BCD7BA88E5243B6FC"}]}]},{"animations":[],"initialState":{"affineTransform":[1,0,0,1,0,0],"masksToBounds":false,"rotation":0,"scale":1,"position":{"pointX":512,"pointY":384},"width":1024,"sublayerTransform":[1,0,0,0,0,1,0,0,0,0,1,0,0,0,0,1],"contentsRect":{"y":0,"x":0,"width":1,"height":1},"opacity":1,"edgeAntialiasingMask":15,"height":768,"hidden":false,"anchorPoint":{"pointX":0.5,"pointY":0.5}},"layers":[{"animations":[],"initialState":{"affineTransform":[1,0,0,1,0,0],"masksToBounds":false,"rotation":0,"scale":1,"position":{"pointX":512,"pointY":120},"width":874,"sublayerTransform":[1,0,0,0,0,1,0,0,0,0,1,0,0,0,0,1],"contentsRect":{"y":0,"x":0,"width":1,"height":1},"opacity":1,"edgeAntialiasingMask":15,"height":170,"hidden":false,"anchorPoint":{"pointX":0.5,"pointY":0.5}},"objectID":"014B80DA-4703-407D-B0D4-EEE9BE8AFBB7","layers":[{"animations":[],"layers":[],"initialState":{"affineTransform":[1,0,0,1,0,0],"masksToBounds":false,"rotation":0,"scale":1,"position":{"pointX":267.5,"pointY":86},"width":525,"sublayerTransform":[1,0,0,0,0,1,0,0,0,0,1,0,0,0,0,1],"contentsRect":{"y":0,"x":0,"width":1,"height":1},"opacity":1,"edgeAntialiasingMask":0,"height":50,"hidden":false,"anchorPoint":{"pointX":0.5,"pointY":0.5}},"texture":"5964728C95577FF60A966D1355529315"}]}]},{"animations":[],"initialState":{"affineTransform":[1,0,0,1,0,0],"masksToBounds":false,"rotation":0,"scale":1,"position":{"pointX":512,"pointY":384},"width":1024,"sublayerTransform":[1,0,0,0,0,1,0,0,0,0,1,0,0,0,0,1],"contentsRect":{"y":0,"x":0,"width":1,"height":1},"opacity":1,"edgeAntialiasingMask":15,"height":768,"hidden":false,"anchorPoint":{"pointX":0.5,"pointY":0.5}},"layers":[{"animations":[],"initialState":{"affineTransform":[1,0,0,1,0,0],"masksToBounds":false,"rotation":0,"scale":1,"position":{"pointX":512.0000152587891,"pointY":685.0334091186523},"width":687.8961791992188,"sublayerTransform":[1,0,0,0,0,1,0,0,0,0,1,0,0,0,0,1],"contentsRect":{"y":0,"x":0,"width":1,"height":1},"opacity":1,"edgeAntialiasingMask":15,"height":56.72538757324219,"hidden":false,"anchorPoint":{"pointX":0.5,"pointY":0.5}},"objectID":"EF97A8BF-4F0A-4CA9-B832-E323697F9632","layers":[{"animations":[],"layers":[],"initialState":{"affineTransform":[1,0,0,1,0,0],"masksToBounds":false,"rotation":0,"scale":1,"position":{"pointX":346.4480743408203,"pointY":28.82928466796875},"width":695,"sublayerTransform":[1,0,0,0,0,1,0,0,0,0,1,0,0,0,0,1],"contentsRect":{"y":0,"x":0,"width":1,"height":1},"opacity":1,"edgeAntialiasingMask":0,"height":59,"hidden":true,"anchorPoint":{"pointX":0.5,"pointY":0.5}},"texture":"3692165FC1F2B573495B54E6F5C7C87B"}]}]},{"animations":[],"initialState":{"affineTransform":[1,0,0,1,0,0],"masksToBounds":false,"rotation":0,"scale":1,"position":{"pointX":512,"pointY":384},"width":1024,"sublayerTransform":[1,0,0,0,0,1,0,0,0,0,1,0,0,0,0,1],"contentsRect":{"y":0,"x":0,"width":1,"height":1},"opacity":1,"edgeAntialiasingMask":15,"height":768,"hidden":false,"anchorPoint":{"pointX":0.5,"pointY":0.5}},"layers":[{"animations":[],"initialState":{"affineTransform":[1,0,0,1,0,0],"masksToBounds":false,"rotation":0,"scale":1,"position":{"pointX":513.3975592041015,"pointY":406.4100036621094},"width":864.5830859375,"sublayerTransform":[1,0,0,0,0,1,0,0,0,0,1,0,0,0,0,1],"contentsRect":{"y":0,"x":0,"width":1,"height":1},"opacity":1,"edgeAntialiasingMask":15,"height":446.3799438476562,"hidden":false,"anchorPoint":{"pointX":0.5,"pointY":0.5}},"objectID":"799CA48C-A87B-4230-8E27-1CD7631E88A3","layers":[{"animations":[],"layers":[],"initialState":{"affineTransform":[1,0,0,1,0,0],"masksToBounds":false,"rotation":0,"scale":1,"position":{"pointX":432.3939837646485,"pointY":223.2799682617188},"width":867,"sublayerTransform":[1,0,0,0,0,1,0,0,0,0,1,0,0,0,0,1],"contentsRect":{"y":0,"x":0,"width":1,"height":1},"opacity":1,"edgeAntialiasingMask":0,"height":449,"hidden":true,"anchorPoint":{"pointX":0.5,"pointY":0.5}},"texture":"DEF9784371803E570563541EE81BC177"}]}]}]}},{"effects":[{"beginTime":0,"baseLayer":{"animations":[],"initialState":{"affineTransform":[1,0,0,1,0,0],"masksToBounds":true,"rotation":0,"scale":1,"position":{"pointX":512,"pointY":384},"width":1024,"sublayerTransform":[1,0,0,0,0,1,0,0,0,0,1,0,0,0,0,1],"contentsRect":{"y":0,"x":0,"width":1,"height":1},"opacity":1,"edgeAntialiasingMask":0,"height":768,"hidden":false,"anchorPoint":{"pointX":0.5,"pointY":0.5}},"objectID":"0","layers":[{"animations":[],"initialState":{"affineTransform":[1,0,0,1,0,0],"masksToBounds":false,"rotation":0,"scale":1,"position":{"pointX":512,"pointY":384},"width":1024,"sublayerTransform":[1,0,0,0,0,1,0,0,0,0,1,-0.0004922987690640373,0,0,0,1],"contentsRect":{"y":0,"x":0,"width":1,"height":1},"opacity":1,"edgeAntialiasingMask":15,"height":768,"hidden":false,"anchorPoint":{"pointX":0.5,"pointY":0.5}},"layers":[{"animations":[],"layers":[],"initialState":{"affineTransform":[1,0,0,1,0,0],"masksToBounds":false,"rotation":0,"scale":1,"position":{"pointX":512,"pointY":384},"width":1024,"sublayerTransform":[1,0,0,0,0,1,0,0,0,0,1,0,0,0,0,1],"contentsRect":{"y":0,"x":0,"width":1,"height":1},"opacity":1,"edgeAntialiasingMask":0,"height":768,"hidden":false,"anchorPoint":{"pointX":0.5,"pointY":0.5}},"texture":"9065665D0112A56C5AA13EB2D685538E"},{"animations":[{"from":{"scalar":false},"beginTime":0,"repeatCount":0,"fillMode":"both","property":"hidden","duration":0.01,"to":{"scalar":true}}],"layers":[],"initialState":{"affineTransform":[1,0,0,1,0,0],"masksToBounds":false,"rotation":0,"scale":1,"position":{"pointX":512,"pointY":384},"width":1024,"sublayerTransform":[1,0,0,0,0,1,0,0,0,0,1,0,0,0,0,1],"contentsRect":{"y":0,"x":0,"width":1,"height":1},"opacity":1,"edgeAntialiasingMask":0,"height":768,"hidden":false,"anchorPoint":{"pointX":0.5,"pointY":0.5}},"texture":"660B3D43C1902A45BCF929049E2C111D"}]}]},"effects":[],"duration":0.01,"type":"transition","name":"none","objectID":"0"}],"automaticPlay":false,"hyperlinks":[],"accessibility":[{"text":"qqicon-yz.png","targetRectangle":{"y":656.6707155075371,"x":619.2525482177734,"width":31.97788667277064,"height":35.28853619098663}},{"text":"qqicon-yz.png","targetRectangle":{"y":657.1830216050148,"x":168.0519256591797,"width":31.97128295898438,"height":35.28125}},{"text":"IEG","targetRectangle":{"y":695.3961030150226,"x":448.0645042061806,"width":20.00400000000002,"height":14}},{"text":"IEG","targetRectangle":{"y":695.396103140384,"x":625.2293601632118,"width":20.00400000000002,"height":14}},{"text":"TEG","targetRectangle":{"y":695.8837970793247,"x":173.3400665521622,"width":21.39500000000001,"height":13}},{"text":"qqicon-yz.png","targetRectangle":{"y":657.1830446124077,"x":530.6734161376953,"width":31.97128295898438,"height":35.28125}},{"text":"qqicon-yz.png","targetRectangle":{"y":656.6707156602916,"x":256.6310348510742,"width":31.97788667277064,"height":35.28853619098663}},{"text":"qqicon-yz.png","targetRectangle":{"y":657.1830444335938,"x":707.8382415771484,"width":31.97128295898438,"height":35.28125}},{"text":"程序鹅 优势特点 总产量","targetRectangle":{"y":90,"x":79,"width":527.783203125,"height":60}},{"text":"IEG","targetRectangle":{"y":695.3961032931385,"x":262.6078467965126,"width":20.00400000000002,"height":14}},{"text":"TEG","targetRectangle":{"y":695.8838199079037,"x":713.1263824701309,"width":21.39499999999998,"height":13}},{"text":"qqicon-yz.png","targetRectangle":{"y":656.6707153320312,"x":796.4173431396484,"width":31.97788667277064,"height":35.28853619098663}},{"text":"qqicon-yz.png","targetRectangle":{"y":657.1830444931984,"x":353.5085906982422,"width":31.97128295898438,"height":35.28125}},{"text":"IEG","targetRectangle":{"y":695.3961029648781,"x":802.3941550850868,"width":20.00400000000002,"height":14}},{"text":"TEG","targetRectangle":{"y":695.8838200867176,"x":535.9615570306778,"width":21.39499999999998,"height":13}},{"text":"TEG","targetRectangle":{"y":695.8838199675083,"x":358.7967315912247,"width":21.39499999999998,"height":13}},{"text":"qqicon-yz.png","targetRectangle":{"y":656.6707153821758,"x":442.0876922607422,"width":31.97788667277064,"height":35.28853619098663}}],"baseLayer":{"animations":[],"initialState":{"affineTransform":[1,0,0,1,0,0],"masksToBounds":true,"rotation":0,"scale":1,"position":{"pointX":512,"pointY":384},"width":1024,"sublayerTransform":[1,0,0,0,0,1,0,0,0,0,1,0,0,0,0,1],"contentsRect":{"y":0,"x":0,"width":1,"height":1},"opacity":1,"edgeAntialiasingMask":0,"height":768,"hidden":false,"anchorPoint":{"pointX":0.5,"pointY":0.5}},"objectID":"0","layers":[{"animations":[],"initialState":{"affineTransform":[1,0,0,1,0,0],"masksToBounds":false,"rotation":0,"scale":1,"position":{"pointX":512,"pointY":384},"width":1024,"sublayerTransform":[1,0,0,0,0,1,0,0,0,0,1,-0.0004922987690640373,0,0,0,1],"contentsRect":{"y":0,"x":0,"width":1,"height":1},"opacity":1,"edgeAntialiasingMask":15,"height":768,"hidden":false,"anchorPoint":{"pointX":0.5,"pointY":0.5}},"layers":[{"animations":[],"layers":[],"initialState":{"affineTransform":[1,0,0,1,0,0],"masksToBounds":false,"rotation":0,"scale":1,"position":{"pointX":512,"pointY":384},"width":1024,"sublayerTransform":[1,0,0,0,0,1,0,0,0,0,1,0,0,0,0,1],"contentsRect":{"y":0,"x":0,"width":1,"height":1},"opacity":1,"edgeAntialiasingMask":0,"height":768,"hidden":false,"anchorPoint":{"pointX":0.5,"pointY":0.5}},"texture":"660B3D43C1902A45BCF929049E2C111D"}]}]}}]}