{"assets":{"F1AFCAE3BE38EBF179FB090A0CBB7755":{"type":"texture","index":195,"assetRequest":{"byGlyphStyle":0,"deliveryStyle":106,"chunkIndex":0,"type":"chunk","chunkCount":7,"stageIndex":5,"stageCount":6},"url":"assets/F1AFCAE3BE38EBF179FB090A0CBB7755.svg","width":92,"height":292},"09E156F5E68BF3415EE69192D4B33123":{"type":"texture","index":196,"assetRequest":{"stageIndex":4,"stageCount":6,"chunkIndex":1,"type":"final","chunkCount":7},"url":"assets/09E156F5E68BF3415EE69192D4B33123.svg","width":435,"height":281},"05AAF1AFA9339A402EDC9829383C5826":{"type":"texture","index":181,"assetRequest":{"type":"slide","state":"contents","slide":"4EE5BC26-DCF7-40DE-8F51-51511FB37A0D"},"url":"assets/05AAF1AFA9339A402EDC9829383C5826.png","width":574,"height":50},"E084087C2C18CD2F3F3A828FDEB71774":{"type":"texture","index":187,"assetRequest":{"stageIndex":1,"stageCount":3,"chunkIndex":1,"type":"final","chunkCount":7},"url":"assets/E084087C2C18CD2F3F3A828FDEB71774.svg","width":92,"height":59},"F3CFFE55462F018DE0CCF95D1187FE13":{"type":"texture","index":193,"assetRequest":{"stageIndex":3,"stageCount":5,"chunkIndex":1,"type":"final","chunkCount":7},"url":"assets/F3CFFE55462F018DE0CCF95D1187FE13.svg","width":321,"height":160},"F4570BDFD692C790A46F30CA69070871":{"type":"texture","index":190,"assetRequest":{"stageIndex":2,"stageCount":4,"chunkIndex":1,"type":"final","chunkCount":7},"url":"assets/F4570BDFD692C790A46F30CA69070871.svg","width":207,"height":84},"CA31A3BEBD2CDD3910B006DA5DA9AA03":{"type":"texture","index":194,"assetRequest":{"byGlyphStyle":0,"deliveryStyle":106,"chunkIndex":1,"type":"chunk","chunkCount":7,"stageIndex":4,"stageCount":5},"url":"assets/CA31A3BEBD2CDD3910B006DA5DA9AA03.svg","width":93,"height":281},"E4735D70BF3981F0ED56DDB6674F2DFA":{"type":"texture","index":201,"assetRequest":{"type":"slide","state":"outgoing","slide":"4EE5BC26-DCF7-40DE-8F51-51511FB37A0D"},"url":"assets/E4735D70BF3981F0ED56DDB6674F2DFA.png","width":1024,"height":768},"BD36ED01D6B8605D9E78CDCFEE9DC99E":{"type":"texture","index":188,"assetRequest":{"byGlyphStyle":0,"deliveryStyle":106,"chunkIndex":1,"type":"chunk","chunkCount":7,"stageIndex":2,"stageCount":3},"url":"assets/BD36ED01D6B8605D9E78CDCFEE9DC99E.svg","width":93,"height":84},"F8A43B9D50BF0C49A9BF64A26608A955":{"type":"texture","index":189,"assetRequest":{"byGlyphStyle":0,"deliveryStyle":106,"chunkIndex":0,"type":"chunk","chunkCount":7,"stageIndex":3,"stageCount":4},"url":"assets/F8A43B9D50BF0C49A9BF64A26608A955.svg","width":93,"height":160},"5A474D5C093998640BA85A09D5D99BC8":{"type":"texture","index":199,"assetRequest":{"stageIndex":5,"stageCount":7,"chunkIndex":1,"type":"final","chunkCount":7},"url":"assets/5A474D5C093998640BA85A09D5D99BC8.svg","width":549,"height":292},"F86CF09372FD8DB2568BFE0BA7498804":{"type":"texture","index":186,"assetRequest":{"byGlyphStyle":0,"deliveryStyle":106,"chunkIndex":0,"type":"chunk","chunkCount":7,"stageIndex":2,"stageCount":3},"url":"assets/F86CF09372FD8DB2568BFE0BA7498804.svg","width":93,"height":84},"82ED06FA795108C206012A9250D96397":{"type":"texture","index":185,"assetRequest":{"byGlyphStyle":0,"deliveryStyle":106,"chunkIndex":1,"type":"chunk","chunkCount":7,"stageIndex":1,"stageCount":2},"url":"assets/82ED06FA795108C206012A9250D96397.svg","width":92,"height":59},"3F32715A7A1F42D6615A8CE4B353A177":{"type":"texture","index":200,"assetRequest":{"byGlyphStyle":0,"deliveryStyle":106,"chunkIndex":1,"type":"chunk","chunkCount":7,"stageIndex":6,"stageCount":7},"url":"assets/3F32715A7A1F42D6615A8CE4B353A177.svg","width":92,"height":152},"7CDB2D8CFE30C0242AE946CC94139AED":{"type":"texture","index":197,"assetRequest":{"byGlyphStyle":0,"deliveryStyle":106,"chunkIndex":1,"type":"chunk","chunkCount":7,"stageIndex":5,"stageCount":6},"url":"assets/7CDB2D8CFE30C0242AE946CC94139AED.svg","width":92,"height":292},"5CFE95C7F5B66248AFEADAA57A525551":{"type":"texture","index":198,"assetRequest":{"byGlyphStyle":0,"deliveryStyle":106,"chunkIndex":0,"type":"chunk","chunkCount":7,"stageIndex":6,"stageCount":7},"url":"assets/5CFE95C7F5B66248AFEADAA57A525551.svg","width":92,"height":152},"1B14933B3B9AA54B408595B1B666D3E2":{"type":"texture","index":182,"assetRequest":{"type":"slide","state":"contents","slide":"4EE5BC26-DCF7-40DE-8F51-51511FB37A0D"},"url":"assets/1B14933B3B9AA54B408595B1B666D3E2.svg","width":734,"height":124},"1D7695F93C8285DD142CFC15A263723A":{"type":"texture","index":192,"assetRequest":{"byGlyphStyle":0,"deliveryStyle":106,"chunkIndex":0,"type":"chunk","chunkCount":7,"stageIndex":4,"stageCount":5},"url":"assets/1D7695F93C8285DD142CFC15A263723A.svg","width":93,"height":281},"8B4CB43D672F20CF9C462ACA1ECA1869":{"type":"texture","index":184,"assetRequest":{"byGlyphStyle":0,"deliveryStyle":106,"chunkIndex":0,"type":"chunk","chunkCount":7,"stageIndex":1,"stageCount":2},"url":"assets/8B4CB43D672F20CF9C462ACA1ECA1869.svg","width":92,"height":59},"60F3BC1F298508CD44D02D14A387C2B4":{"type":"texture","index":183,"assetRequest":{"type":"slide","state":"contents","slide":"4EE5BC26-DCF7-40DE-8F51-51511FB37A0D"},"url":"assets/60F3BC1F298508CD44D02D14A387C2B4.png","width":738,"height":367},"300D9C5AA257B9F4745CF1E6A6A0D9E1":{"type":"texture","index":191,"assetRequest":{"byGlyphStyle":0,"deliveryStyle":106,"chunkIndex":1,"type":"chunk","chunkCount":7,"stageIndex":3,"stageCount":4},"url":"assets/300D9C5AA257B9F4745CF1E6A6A0D9E1.svg","width":93,"height":160},"498E23C82CA78A4BCD7BA88E5243B6FC":{"type":"texture","index":180,"assetRequest":{"type":"slide","state":"contents","slide":"4EE5BC26-DCF7-40DE-8F51-51511FB37A0D"},"url":"assets/498E23C82CA78A4BCD7BA88E5243B6FC.svg","width":1024,"height":768}},"events":[{"effects":[{"beginTime":0,"baseLayer":{"animations":[],"initialState":{"affineTransform":[1,0,0,1,0,0],"masksToBounds":false,"rotation":0,"scale":1,"position":{"pointX":502.0292053222656,"pointY":242.281135559082},"width":738.2772216796875,"sublayerTransform":[1,0,0,0,0,1,0,0,0,0,1,0,0,0,0,1],"contentsRect":{"y":0,"x":0,"width":1,"height":1},"opacity":1,"edgeAntialiasingMask":15,"height":134.0569610595703,"hidden":false,"anchorPoint":{"pointX":0.5,"pointY":0.5}},"objectID":"43CF3427-A6DA-4EC7-A91F-E5F1E6F82BF2","layers":[{"animations":[],"initialState":{"affineTransform":[1,0,0,1,0,0],"masksToBounds":false,"rotation":0,"scale":1,"position":{"pointX":379.1094055175781,"pointY":208.7473449707031},"width":738.2772216796875,"sublayerTransform":[1,0,0,0,0,1,0,0,0,0,1,-0.0004922987690640373,0,0,0,1],"contentsRect":{"y":0,"x":0,"width":1,"height":1},"opacity":1,"edgeAntialiasingMask":15,"height":134.0569610595703,"hidden":false,"anchorPoint":{"pointX":0.5135054887038901,"pointY":1.55715408823823}},"layers":[{"animations":[{"repeatCount":0,"animations":[{"from":{"scalar":0},"beginTime":0,"repeatCount":0,"fillMode":"both","property":"opacity","duration":1,"timingFunction":"easeInEaseOut","to":{"scalar":1}},{"from":{"scalar":false},"beginTime":0,"repeatCount":0,"fillMode":"forwards","property":"hidden","duration":1,"to":{"scalar":false}}],"beginTime":1e-100,"fillMode":"both","duration":1}],"layers":[],"initialState":{"affineTransform":[1,0,0,1,0,0],"masksToBounds":false,"rotation":0,"scale":1,"position":{"pointX":372.1094055175781,"pointY":73.74734497070312},"width":734,"sublayerTransform":[1,0,0,0,0,1,0,0,0,0,1,0,0,0,0,1],"contentsRect":{"y":0,"x":0,"width":1,"height":1},"opacity":1,"edgeAntialiasingMask":0,"height":124,"hidden":true,"anchorPoint":{"pointX":0.5,"pointY":0.5}},"texture":"1B14933B3B9AA54B408595B1B666D3E2"}]}]},"effects":[{"beginTime":0,"baseLayer":{"animations":[],"initialState":{"affineTransform":[1,0,0,1,0,0],"masksToBounds":false,"rotation":0,"scale":1,"position":{"pointX":505.1234210205078,"pointY":508.8131256103516},"width":735.031630859375,"sublayerTransform":[1,0,0,0,0,1,0,0,0,0,1,0,0,0,0,1],"contentsRect":{"y":0,"x":0,"width":1,"height":1},"opacity":1,"edgeAntialiasingMask":15,"height":363.6963806152344,"hidden":false,"anchorPoint":{"pointX":0.5,"pointY":0.5}},"objectID":"F4E1B366-B193-4A90-85CB-122AFE439A7A","layers":[{"animations":[],"initialState":{"affineTransform":[1,0,0,1,0,0],"masksToBounds":false,"rotation":0,"scale":1,"position":{"pointX":374.3923944091797,"pointY":57.03506469726562},"width":735.031630859375,"sublayerTransform":[1,0,0,0,0,1,0,0,0,0,1,-0.0004922987690640373,0,0,0,1],"contentsRect":{"y":0,"x":0,"width":1,"height":1},"opacity":1,"edgeAntialiasingMask":15,"height":363.6963806152344,"hidden":false,"anchorPoint":{"pointX":0.5093554871529166,"pointY":0.1568205452052732}},"layers":[{"animations":[{"repeatCount":0,"animations":[{"from":{"scalar":0},"beginTime":0,"repeatCount":0,"fillMode":"both","property":"opacity","duration":0.5,"timingFunction":"easeInEaseOut","to":{"scalar":1}},{"from":{"scalar":false},"beginTime":0,"repeatCount":0,"fillMode":"forwards","property":"hidden","duration":0.5,"to":{"scalar":false}}],"beginTime":1e-100,"fillMode":"both","duration":0.5}],"layers":[],"initialState":{"affineTransform":[1,0,0,1,0,0],"masksToBounds":false,"rotation":0,"scale":1,"position":{"pointX":367.3923944091797,"pointY":181.5350646972656},"width":738,"sublayerTransform":[1,0,0,0,0,1,0,0,0,0,1,0,0,0,0,1],"contentsRect":{"y":0,"x":0,"width":1,"height":1},"opacity":1,"edgeAntialiasingMask":0,"height":367,"hidden":true,"anchorPoint":{"pointX":0.5,"pointY":0.5}},"texture":"60F3BC1F298508CD44D02D14A387C2B4"}]}]},"effects":[{"beginTime":0,"baseLayer":{"animations":[],"initialState":{"affineTransform":[1,0,0,1,0,0],"masksToBounds":false,"rotation":0,"scale":1,"position":{"pointX":505.1234210205078,"pointY":508.8131256103516},"width":735.031630859375,"sublayerTransform":[1,0,0,0,0,1,0,0,0,0,1,0,0,0,0,1],"contentsRect":{"y":0,"x":0,"width":1,"height":1},"opacity":1,"edgeAntialiasingMask":15,"height":363.6963806152344,"hidden":false,"anchorPoint":{"pointX":0.5,"pointY":0.5}},"objectID":"F4E1B366-B193-4A90-85CB-122AFE439A7A","layers":[{"animations":[],"initialState":{"affineTransform":[1,0,0,1,0,0],"masksToBounds":false,"rotation":0,"scale":1,"position":{"pointX":374.3923944091797,"pointY":57.03506469726562},"width":735.031630859375,"sublayerTransform":[1,0,0,0,0,1,0,0,0,0,1,-0.0004922987690640373,0,0,0,1],"contentsRect":{"y":0,"x":0,"width":1,"height":1},"opacity":1,"edgeAntialiasingMask":15,"height":363.6963806152344,"hidden":false,"anchorPoint":{"pointX":0.5093554871529166,"pointY":0.1568205452052732}},"layers":[{"animations":[{"repeatCount":0,"animations":[{"from":{"scalar":0},"beginTime":0,"repeatCount":0,"fillMode":"both","property":"opacity","duration":0.5,"timingFunction":"easeInEaseOut","to":{"scalar":1}},{"from":{"scalar":false},"beginTime":0,"repeatCount":0,"fillMode":"forwards","property":"hidden","duration":0.5,"to":{"scalar":false}}],"beginTime":1e-100,"fillMode":"both","duration":0.5}],"layers":[],"initialState":{"affineTransform":[1,0,0,1,0,0],"masksToBounds":false,"rotation":0,"scale":1,"position":{"pointX":106.3923944091797,"pointY":309.5350646972656},"width":92,"sublayerTransform":[1,0,0,0,0,1,0,0,0,0,1,0,0,0,0,1],"contentsRect":{"y":0,"x":0,"width":1,"height":1},"opacity":1,"edgeAntialiasingMask":0,"height":59,"hidden":true,"anchorPoint":{"pointX":0.5,"pointY":0.5}},"texture":"8B4CB43D672F20CF9C462ACA1ECA1869"}]},{"animations":[],"layers":[],"initialState":{"affineTransform":[1,0,0,1,0,0],"masksToBounds":false,"rotation":0,"scale":1,"position":{"pointX":367.3923944091797,"pointY":181.5350646972656},"width":738,"sublayerTransform":[1,0,0,0,0,1,0,0,0,0,1,0,0,0,0,1],"contentsRect":{"y":0,"x":0,"width":1,"height":1},"opacity":1,"edgeAntialiasingMask":0,"height":367,"hidden":false,"anchorPoint":{"pointX":0.5,"pointY":0.5}},"texture":"60F3BC1F298508CD44D02D14A387C2B4"},{"animations":[],"initialState":{"affineTransform":[1,0,0,1,0,0],"masksToBounds":false,"rotation":0,"scale":1,"position":{"pointX":374.3923944091797,"pointY":57.03506469726562},"width":735.031630859375,"sublayerTransform":[1,0,0,0,0,1,0,0,0,0,1,-0.0004922987690640373,0,0,0,1],"contentsRect":{"y":0,"x":0,"width":1,"height":1},"opacity":1,"edgeAntialiasingMask":15,"height":363.6963806152344,"hidden":false,"anchorPoint":{"pointX":0.5093554871529166,"pointY":0.1568205452052732}},"layers":[{"animations":[{"repeatCount":0,"animations":[{"from":{"scalar":0},"beginTime":0,"repeatCount":0,"fillMode":"both","property":"opacity","duration":0.5,"timingFunction":"easeInEaseOut","to":{"scalar":1}},{"from":{"scalar":false},"beginTime":0,"repeatCount":0,"fillMode":"forwards","property":"hidden","duration":0.5,"to":{"scalar":false}}],"beginTime":1e-100,"fillMode":"both","duration":0.5}],"layers":[],"initialState":{"affineTransform":[1,0,0,1,0,0],"masksToBounds":false,"rotation":0,"scale":1,"position":{"pointX":106.3923944091797,"pointY":309.5350646972656},"width":92,"sublayerTransform":[1,0,0,0,0,1,0,0,0,0,1,0,0,0,0,1],"contentsRect":{"y":0,"x":0,"width":1,"height":1},"opacity":1,"edgeAntialiasingMask":0,"height":59,"hidden":true,"anchorPoint":{"pointX":0.5,"pointY":0.5}},"texture":"82ED06FA795108C206012A9250D96397"}]}]},"effects":[{"beginTime":0,"baseLayer":{"animations":[],"initialState":{"affineTransform":[1,0,0,1,0,0],"masksToBounds":false,"rotation":0,"scale":1,"position":{"pointX":505.1234210205078,"pointY":508.8131256103516},"width":735.031630859375,"sublayerTransform":[1,0,0,0,0,1,0,0,0,0,1,0,0,0,0,1],"contentsRect":{"y":0,"x":0,"width":1,"height":1},"opacity":1,"edgeAntialiasingMask":15,"height":363.6963806152344,"hidden":false,"anchorPoint":{"pointX":0.5,"pointY":0.5}},"objectID":"F4E1B366-B193-4A90-85CB-122AFE439A7A","layers":[{"animations":[],"initialState":{"affineTransform":[1,0,0,1,0,0],"masksToBounds":false,"rotation":0,"scale":1,"position":{"pointX":374.3923944091797,"pointY":57.03506469726562},"width":735.031630859375,"sublayerTransform":[1,0,0,0,0,1,0,0,0,0,1,-0.0004922987690640373,0,0,0,1],"contentsRect":{"y":0,"x":0,"width":1,"height":1},"opacity":1,"edgeAntialiasingMask":15,"height":363.6963806152344,"hidden":false,"anchorPoint":{"pointX":0.5093554871529166,"pointY":0.1568205452052732}},"layers":[{"animations":[{"repeatCount":0,"animations":[{"from":{"scalar":0},"beginTime":0,"repeatCount":0,"fillMode":"both","property":"opacity","duration":0.5,"timingFunction":"easeInEaseOut","to":{"scalar":1}},{"from":{"scalar":false},"beginTime":0,"repeatCount":0,"fillMode":"forwards","property":"hidden","duration":0.5,"to":{"scalar":false}}],"beginTime":1e-100,"fillMode":"both","duration":0.5}],"layers":[],"initialState":{"affineTransform":[1,0,0,1,0,0],"masksToBounds":false,"rotation":0,"scale":1,"position":{"pointX":220.8923944091797,"pointY":297.0350646972656},"width":93,"sublayerTransform":[1,0,0,0,0,1,0,0,0,0,1,0,0,0,0,1],"contentsRect":{"y":0,"x":0,"width":1,"height":1},"opacity":1,"edgeAntialiasingMask":0,"height":84,"hidden":true,"anchorPoint":{"pointX":0.5,"pointY":0.5}},"texture":"F86CF09372FD8DB2568BFE0BA7498804"}]},{"animations":[],"layers":[],"initialState":{"affineTransform":[1,0,0,1,0,0],"masksToBounds":false,"rotation":0,"scale":1,"position":{"pointX":367.3923944091797,"pointY":181.5350646972656},"width":738,"sublayerTransform":[1,0,0,0,0,1,0,0,0,0,1,0,0,0,0,1],"contentsRect":{"y":0,"x":0,"width":1,"height":1},"opacity":1,"edgeAntialiasingMask":0,"height":367,"hidden":false,"anchorPoint":{"pointX":0.5,"pointY":0.5}},"texture":"60F3BC1F298508CD44D02D14A387C2B4"},{"animations":[],"layers":[],"initialState":{"affineTransform":[1,0,0,1,0,0],"masksToBounds":false,"rotation":0,"scale":1,"position":{"pointX":106.3923944091797,"pointY":309.5350646972656},"width":92,"sublayerTransform":[1,0,0,0,0,1,0,0,0,0,1,0,0,0,0,1],"contentsRect":{"y":0,"x":0,"width":1,"height":1},"opacity":1,"edgeAntialiasingMask":0,"height":59,"hidden":false,"anchorPoint":{"pointX":0.5,"pointY":0.5}},"texture":"E084087C2C18CD2F3F3A828FDEB71774"},{"animations":[],"initialState":{"affineTransform":[1,0,0,1,0,0],"masksToBounds":false,"rotation":0,"scale":1,"position":{"pointX":374.3923944091797,"pointY":57.03506469726562},"width":735.031630859375,"sublayerTransform":[1,0,0,0,0,1,0,0,0,0,1,-0.0004922987690640373,0,0,0,1],"contentsRect":{"y":0,"x":0,"width":1,"height":1},"opacity":1,"edgeAntialiasingMask":15,"height":363.6963806152344,"hidden":false,"anchorPoint":{"pointX":0.5093554871529166,"pointY":0.1568205452052732}},"layers":[{"animations":[{"repeatCount":0,"animations":[{"from":{"scalar":0},"beginTime":0,"repeatCount":0,"fillMode":"both","property":"opacity","duration":0.5,"timingFunction":"easeInEaseOut","to":{"scalar":1}},{"from":{"scalar":false},"beginTime":0,"repeatCount":0,"fillMode":"forwards","property":"hidden","duration":0.5,"to":{"scalar":false}}],"beginTime":1e-100,"fillMode":"both","duration":0.5}],"layers":[],"initialState":{"affineTransform":[1,0,0,1,0,0],"masksToBounds":false,"rotation":0,"scale":1,"position":{"pointX":220.8923944091797,"pointY":297.0350646972656},"width":93,"sublayerTransform":[1,0,0,0,0,1,0,0,0,0,1,0,0,0,0,1],"contentsRect":{"y":0,"x":0,"width":1,"height":1},"opacity":1,"edgeAntialiasingMask":0,"height":84,"hidden":true,"anchorPoint":{"pointX":0.5,"pointY":0.5}},"texture":"BD36ED01D6B8605D9E78CDCFEE9DC99E"}]}]},"effects":[{"beginTime":0,"baseLayer":{"animations":[],"initialState":{"affineTransform":[1,0,0,1,0,0],"masksToBounds":false,"rotation":0,"scale":1,"position":{"pointX":505.1234210205078,"pointY":508.8131256103516},"width":735.031630859375,"sublayerTransform":[1,0,0,0,0,1,0,0,0,0,1,0,0,0,0,1],"contentsRect":{"y":0,"x":0,"width":1,"height":1},"opacity":1,"edgeAntialiasingMask":15,"height":363.6963806152344,"hidden":false,"anchorPoint":{"pointX":0.5,"pointY":0.5}},"objectID":"F4E1B366-B193-4A90-85CB-122AFE439A7A","layers":[{"animations":[],"initialState":{"affineTransform":[1,0,0,1,0,0],"masksToBounds":false,"rotation":0,"scale":1,"position":{"pointX":374.3923944091797,"pointY":57.03506469726562},"width":735.031630859375,"sublayerTransform":[1,0,0,0,0,1,0,0,0,0,1,-0.0004922987690640373,0,0,0,1],"contentsRect":{"y":0,"x":0,"width":1,"height":1},"opacity":1,"edgeAntialiasingMask":15,"height":363.6963806152344,"hidden":false,"anchorPoint":{"pointX":0.5093554871529166,"pointY":0.1568205452052732}},"layers":[{"animations":[{"repeatCount":0,"animations":[{"from":{"scalar":0},"beginTime":0,"repeatCount":0,"fillMode":"both","property":"opacity","duration":0.5,"timingFunction":"easeInEaseOut","to":{"scalar":1}},{"from":{"scalar":false},"beginTime":0,"repeatCount":0,"fillMode":"forwards","property":"hidden","duration":0.5,"to":{"scalar":false}}],"beginTime":1e-100,"fillMode":"both","duration":0.5}],"layers":[],"initialState":{"affineTransform":[1,0,0,1,0,0],"masksToBounds":false,"rotation":0,"scale":1,"position":{"pointX":334.8923944091797,"pointY":259.0350646972656},"width":93,"sublayerTransform":[1,0,0,0,0,1,0,0,0,0,1,0,0,0,0,1],"contentsRect":{"y":0,"x":0,"width":1,"height":1},"opacity":1,"edgeAntialiasingMask":0,"height":160,"hidden":true,"anchorPoint":{"pointX":0.5,"pointY":0.5}},"texture":"F8A43B9D50BF0C49A9BF64A26608A955"}]},{"animations":[],"layers":[],"initialState":{"affineTransform":[1,0,0,1,0,0],"masksToBounds":false,"rotation":0,"scale":1,"position":{"pointX":367.3923944091797,"pointY":181.5350646972656},"width":738,"sublayerTransform":[1,0,0,0,0,1,0,0,0,0,1,0,0,0,0,1],"contentsRect":{"y":0,"x":0,"width":1,"height":1},"opacity":1,"edgeAntialiasingMask":0,"height":367,"hidden":false,"anchorPoint":{"pointX":0.5,"pointY":0.5}},"texture":"60F3BC1F298508CD44D02D14A387C2B4"},{"animations":[],"layers":[],"initialState":{"affineTransform":[1,0,0,1,0,0],"masksToBounds":false,"rotation":0,"scale":1,"position":{"pointX":163.8923944091797,"pointY":297.0350646972656},"width":207,"sublayerTransform":[1,0,0,0,0,1,0,0,0,0,1,0,0,0,0,1],"contentsRect":{"y":0,"x":0,"width":1,"height":1},"opacity":1,"edgeAntialiasingMask":0,"height":84,"hidden":false,"anchorPoint":{"pointX":0.5,"pointY":0.5}},"texture":"F4570BDFD692C790A46F30CA69070871"},{"animations":[],"initialState":{"affineTransform":[1,0,0,1,0,0],"masksToBounds":false,"rotation":0,"scale":1,"position":{"pointX":374.3923944091797,"pointY":57.03506469726562},"width":735.031630859375,"sublayerTransform":[1,0,0,0,0,1,0,0,0,0,1,-0.0004922987690640373,0,0,0,1],"contentsRect":{"y":0,"x":0,"width":1,"height":1},"opacity":1,"edgeAntialiasingMask":15,"height":363.6963806152344,"hidden":false,"anchorPoint":{"pointX":0.5093554871529166,"pointY":0.1568205452052732}},"layers":[{"animations":[{"repeatCount":0,"animations":[{"from":{"scalar":0},"beginTime":0,"repeatCount":0,"fillMode":"both","property":"opacity","duration":0.5,"timingFunction":"easeInEaseOut","to":{"scalar":1}},{"from":{"scalar":false},"beginTime":0,"repeatCount":0,"fillMode":"forwards","property":"hidden","duration":0.5,"to":{"scalar":false}}],"beginTime":1e-100,"fillMode":"both","duration":0.5}],"layers":[],"initialState":{"affineTransform":[1,0,0,1,0,0],"masksToBounds":false,"rotation":0,"scale":1,"position":{"pointX":334.8923944091797,"pointY":259.0350646972656},"width":93,"sublayerTransform":[1,0,0,0,0,1,0,0,0,0,1,0,0,0,0,1],"contentsRect":{"y":0,"x":0,"width":1,"height":1},"opacity":1,"edgeAntialiasingMask":0,"height":160,"hidden":true,"anchorPoint":{"pointX":0.5,"pointY":0.5}},"texture":"300D9C5AA257B9F4745CF1E6A6A0D9E1"}]}]},"effects":[{"beginTime":0,"baseLayer":{"animations":[],"initialState":{"affineTransform":[1,0,0,1,0,0],"masksToBounds":false,"rotation":0,"scale":1,"position":{"pointX":505.1234210205078,"pointY":508.8131256103516},"width":735.031630859375,"sublayerTransform":[1,0,0,0,0,1,0,0,0,0,1,0,0,0,0,1],"contentsRect":{"y":0,"x":0,"width":1,"height":1},"opacity":1,"edgeAntialiasingMask":15,"height":363.6963806152344,"hidden":false,"anchorPoint":{"pointX":0.5,"pointY":0.5}},"objectID":"F4E1B366-B193-4A90-85CB-122AFE439A7A","layers":[{"animations":[],"initialState":{"affineTransform":[1,0,0,1,0,0],"masksToBounds":false,"rotation":0,"scale":1,"position":{"pointX":374.3923944091797,"pointY":57.03506469726562},"width":735.031630859375,"sublayerTransform":[1,0,0,0,0,1,0,0,0,0,1,-0.0004922987690640373,0,0,0,1],"contentsRect":{"y":0,"x":0,"width":1,"height":1},"opacity":1,"edgeAntialiasingMask":15,"height":363.6963806152344,"hidden":false,"anchorPoint":{"pointX":0.5093554871529166,"pointY":0.1568205452052732}},"layers":[{"animations":[{"repeatCount":0,"animations":[{"from":{"scalar":0},"beginTime":0,"repeatCount":0,"fillMode":"both","property":"opacity","duration":0.5,"timingFunction":"easeInEaseOut","to":{"scalar":1}},{"from":{"scalar":false},"beginTime":0,"repeatCount":0,"fillMode":"forwards","property":"hidden","duration":0.5,"to":{"scalar":false}}],"beginTime":1e-100,"fillMode":"both","duration":0.5}],"layers":[],"initialState":{"affineTransform":[1,0,0,1,0,0],"masksToBounds":false,"rotation":0,"scale":1,"position":{"pointX":448.8923944091797,"pointY":198.5350646972656},"width":93,"sublayerTransform":[1,0,0,0,0,1,0,0,0,0,1,0,0,0,0,1],"contentsRect":{"y":0,"x":0,"width":1,"height":1},"opacity":1,"edgeAntialiasingMask":0,"height":281,"hidden":true,"anchorPoint":{"pointX":0.5,"pointY":0.5}},"texture":"1D7695F93C8285DD142CFC15A263723A"}]},{"animations":[],"layers":[],"initialState":{"affineTransform":[1,0,0,1,0,0],"masksToBounds":false,"rotation":0,"scale":1,"position":{"pointX":367.3923944091797,"pointY":181.5350646972656},"width":738,"sublayerTransform":[1,0,0,0,0,1,0,0,0,0,1,0,0,0,0,1],"contentsRect":{"y":0,"x":0,"width":1,"height":1},"opacity":1,"edgeAntialiasingMask":0,"height":367,"hidden":false,"anchorPoint":{"pointX":0.5,"pointY":0.5}},"texture":"60F3BC1F298508CD44D02D14A387C2B4"},{"animations":[],"layers":[],"initialState":{"affineTransform":[1,0,0,1,0,0],"masksToBounds":false,"rotation":0,"scale":1,"position":{"pointX":220.8923944091797,"pointY":259.0350646972656},"width":321,"sublayerTransform":[1,0,0,0,0,1,0,0,0,0,1,0,0,0,0,1],"contentsRect":{"y":0,"x":0,"width":1,"height":1},"opacity":1,"edgeAntialiasingMask":0,"height":160,"hidden":false,"anchorPoint":{"pointX":0.5,"pointY":0.5}},"texture":"F3CFFE55462F018DE0CCF95D1187FE13"},{"animations":[],"initialState":{"affineTransform":[1,0,0,1,0,0],"masksToBounds":false,"rotation":0,"scale":1,"position":{"pointX":374.3923944091797,"pointY":57.03506469726562},"width":735.031630859375,"sublayerTransform":[1,0,0,0,0,1,0,0,0,0,1,-0.0004922987690640373,0,0,0,1],"contentsRect":{"y":0,"x":0,"width":1,"height":1},"opacity":1,"edgeAntialiasingMask":15,"height":363.6963806152344,"hidden":false,"anchorPoint":{"pointX":0.5093554871529166,"pointY":0.1568205452052732}},"layers":[{"animations":[{"repeatCount":0,"animations":[{"from":{"scalar":0},"beginTime":0,"repeatCount":0,"fillMode":"both","property":"opacity","duration":0.5,"timingFunction":"easeInEaseOut","to":{"scalar":1}},{"from":{"scalar":false},"beginTime":0,"repeatCount":0,"fillMode":"forwards","property":"hidden","duration":0.5,"to":{"scalar":false}}],"beginTime":1e-100,"fillMode":"both","duration":0.5}],"layers":[],"initialState":{"affineTransform":[1,0,0,1,0,0],"masksToBounds":false,"rotation":0,"scale":1,"position":{"pointX":448.8923944091797,"pointY":198.5350646972656},"width":93,"sublayerTransform":[1,0,0,0,0,1,0,0,0,0,1,0,0,0,0,1],"contentsRect":{"y":0,"x":0,"width":1,"height":1},"opacity":1,"edgeAntialiasingMask":0,"height":281,"hidden":true,"anchorPoint":{"pointX":0.5,"pointY":0.5}},"texture":"CA31A3BEBD2CDD3910B006DA5DA9AA03"}]}]},"effects":[{"beginTime":0,"baseLayer":{"animations":[],"initialState":{"affineTransform":[1,0,0,1,0,0],"masksToBounds":false,"rotation":0,"scale":1,"position":{"pointX":505.1234210205078,"pointY":508.8131256103516},"width":735.031630859375,"sublayerTransform":[1,0,0,0,0,1,0,0,0,0,1,0,0,0,0,1],"contentsRect":{"y":0,"x":0,"width":1,"height":1},"opacity":1,"edgeAntialiasingMask":15,"height":363.6963806152344,"hidden":false,"anchorPoint":{"pointX":0.5,"pointY":0.5}},"objectID":"F4E1B366-B193-4A90-85CB-122AFE439A7A","layers":[{"animations":[],"initialState":{"affineTransform":[1,0,0,1,0,0],"masksToBounds":false,"rotation":0,"scale":1,"position":{"pointX":374.3923944091797,"pointY":57.03506469726562},"width":735.031630859375,"sublayerTransform":[1,0,0,0,0,1,0,0,0,0,1,-0.0004922987690640373,0,0,0,1],"contentsRect":{"y":0,"x":0,"width":1,"height":1},"opacity":1,"edgeAntialiasingMask":15,"height":363.6963806152344,"hidden":false,"anchorPoint":{"pointX":0.5093554871529166,"pointY":0.1568205452052732}},"layers":[{"animations":[{"repeatCount":0,"animations":[{"from":{"scalar":0},"beginTime":0,"repeatCount":0,"fillMode":"both","property":"opacity","duration":0.5,"timingFunction":"easeInEaseOut","to":{"scalar":1}},{"from":{"scalar":false},"beginTime":0,"repeatCount":0,"fillMode":"forwards","property":"hidden","duration":0.5,"to":{"scalar":false}}],"beginTime":1e-100,"fillMode":"both","duration":0.5}],"layers":[],"initialState":{"affineTransform":[1,0,0,1,0,0],"masksToBounds":false,"rotation":0,"scale":1,"position":{"pointX":563.3923944091797,"pointY":193.0350646972656},"width":92,"sublayerTransform":[1,0,0,0,0,1,0,0,0,0,1,0,0,0,0,1],"contentsRect":{"y":0,"x":0,"width":1,"height":1},"opacity":1,"edgeAntialiasingMask":0,"height":292,"hidden":true,"anchorPoint":{"pointX":0.5,"pointY":0.5}},"texture":"F1AFCAE3BE38EBF179FB090A0CBB7755"}]},{"animations":[],"layers":[],"initialState":{"affineTransform":[1,0,0,1,0,0],"masksToBounds":false,"rotation":0,"scale":1,"position":{"pointX":367.3923944091797,"pointY":181.5350646972656},"width":738,"sublayerTransform":[1,0,0,0,0,1,0,0,0,0,1,0,0,0,0,1],"contentsRect":{"y":0,"x":0,"width":1,"height":1},"opacity":1,"edgeAntialiasingMask":0,"height":367,"hidden":false,"anchorPoint":{"pointX":0.5,"pointY":0.5}},"texture":"60F3BC1F298508CD44D02D14A387C2B4"},{"animations":[],"layers":[],"initialState":{"affineTransform":[1,0,0,1,0,0],"masksToBounds":false,"rotation":0,"scale":1,"position":{"pointX":277.8923944091797,"pointY":198.5350646972656},"width":435,"sublayerTransform":[1,0,0,0,0,1,0,0,0,0,1,0,0,0,0,1],"contentsRect":{"y":0,"x":0,"width":1,"height":1},"opacity":1,"edgeAntialiasingMask":0,"height":281,"hidden":false,"anchorPoint":{"pointX":0.5,"pointY":0.5}},"texture":"09E156F5E68BF3415EE69192D4B33123"},{"animations":[],"initialState":{"affineTransform":[1,0,0,1,0,0],"masksToBounds":false,"rotation":0,"scale":1,"position":{"pointX":374.3923944091797,"pointY":57.03506469726562},"width":735.031630859375,"sublayerTransform":[1,0,0,0,0,1,0,0,0,0,1,-0.0004922987690640373,0,0,0,1],"contentsRect":{"y":0,"x":0,"width":1,"height":1},"opacity":1,"edgeAntialiasingMask":15,"height":363.6963806152344,"hidden":false,"anchorPoint":{"pointX":0.5093554871529166,"pointY":0.1568205452052732}},"layers":[{"animations":[{"repeatCount":0,"animations":[{"from":{"scalar":0},"beginTime":0,"repeatCount":0,"fillMode":"both","property":"opacity","duration":0.5,"timingFunction":"easeInEaseOut","to":{"scalar":1}},{"from":{"scalar":false},"beginTime":0,"repeatCount":0,"fillMode":"forwards","property":"hidden","duration":0.5,"to":{"scalar":false}}],"beginTime":1e-100,"fillMode":"both","duration":0.5}],"layers":[],"initialState":{"affineTransform":[1,0,0,1,0,0],"masksToBounds":false,"rotation":0,"scale":1,"position":{"pointX":563.3923944091797,"pointY":193.0350646972656},"width":92,"sublayerTransform":[1,0,0,0,0,1,0,0,0,0,1,0,0,0,0,1],"contentsRect":{"y":0,"x":0,"width":1,"height":1},"opacity":1,"edgeAntialiasingMask":0,"height":292,"hidden":true,"anchorPoint":{"pointX":0.5,"pointY":0.5}},"texture":"7CDB2D8CFE30C0242AE946CC94139AED"}]}]},"effects":[{"beginTime":0,"baseLayer":{"animations":[],"initialState":{"affineTransform":[1,0,0,1,0,0],"masksToBounds":false,"rotation":0,"scale":1,"position":{"pointX":505.1234210205078,"pointY":508.8131256103516},"width":735.031630859375,"sublayerTransform":[1,0,0,0,0,1,0,0,0,0,1,0,0,0,0,1],"contentsRect":{"y":0,"x":0,"width":1,"height":1},"opacity":1,"edgeAntialiasingMask":15,"height":363.6963806152344,"hidden":false,"anchorPoint":{"pointX":0.5,"pointY":0.5}},"objectID":"F4E1B366-B193-4A90-85CB-122AFE439A7A","layers":[{"animations":[],"initialState":{"affineTransform":[1,0,0,1,0,0],"masksToBounds":false,"rotation":0,"scale":1,"position":{"pointX":374.3923944091797,"pointY":57.03506469726562},"width":735.031630859375,"sublayerTransform":[1,0,0,0,0,1,0,0,0,0,1,-0.0004922987690640373,0,0,0,1],"contentsRect":{"y":0,"x":0,"width":1,"height":1},"opacity":1,"edgeAntialiasingMask":15,"height":363.6963806152344,"hidden":false,"anchorPoint":{"pointX":0.5093554871529166,"pointY":0.1568205452052732}},"layers":[{"animations":[{"repeatCount":0,"animations":[{"from":{"scalar":0},"beginTime":0,"repeatCount":0,"fillMode":"both","property":"opacity","duration":0.5,"timingFunction":"easeInEaseOut","to":{"scalar":1}},{"from":{"scalar":false},"beginTime":0,"repeatCount":0,"fillMode":"forwards","property":"hidden","duration":0.5,"to":{"scalar":false}}],"beginTime":1e-100,"fillMode":"both","duration":0.5}],"layers":[],"initialState":{"affineTransform":[1,0,0,1,0,0],"masksToBounds":false,"rotation":0,"scale":1,"position":{"pointX":677.3923944091797,"pointY":263.0350646972656},"width":92,"sublayerTransform":[1,0,0,0,0,1,0,0,0,0,1,0,0,0,0,1],"contentsRect":{"y":0,"x":0,"width":1,"height":1},"opacity":1,"edgeAntialiasingMask":0,"height":152,"hidden":true,"anchorPoint":{"pointX":0.5,"pointY":0.5}},"texture":"5CFE95C7F5B66248AFEADAA57A525551"}]},{"animations":[],"layers":[],"initialState":{"affineTransform":[1,0,0,1,0,0],"masksToBounds":false,"rotation":0,"scale":1,"position":{"pointX":367.3923944091797,"pointY":181.5350646972656},"width":738,"sublayerTransform":[1,0,0,0,0,1,0,0,0,0,1,0,0,0,0,1],"contentsRect":{"y":0,"x":0,"width":1,"height":1},"opacity":1,"edgeAntialiasingMask":0,"height":367,"hidden":false,"anchorPoint":{"pointX":0.5,"pointY":0.5}},"texture":"60F3BC1F298508CD44D02D14A387C2B4"},{"animations":[],"layers":[],"initialState":{"affineTransform":[1,0,0,1,0,0],"masksToBounds":false,"rotation":0,"scale":1,"position":{"pointX":334.8923944091797,"pointY":193.0350646972656},"width":549,"sublayerTransform":[1,0,0,0,0,1,0,0,0,0,1,0,0,0,0,1],"contentsRect":{"y":0,"x":0,"width":1,"height":1},"opacity":1,"edgeAntialiasingMask":0,"height":292,"hidden":false,"anchorPoint":{"pointX":0.5,"pointY":0.5}},"texture":"5A474D5C093998640BA85A09D5D99BC8"},{"animations":[],"initialState":{"affineTransform":[1,0,0,1,0,0],"masksToBounds":false,"rotation":0,"scale":1,"position":{"pointX":374.3923944091797,"pointY":57.03506469726562},"width":735.031630859375,"sublayerTransform":[1,0,0,0,0,1,0,0,0,0,1,-0.0004922987690640373,0,0,0,1],"contentsRect":{"y":0,"x":0,"width":1,"height":1},"opacity":1,"edgeAntialiasingMask":15,"height":363.6963806152344,"hidden":false,"anchorPoint":{"pointX":0.5093554871529166,"pointY":0.1568205452052732}},"layers":[{"animations":[{"repeatCount":0,"animations":[{"from":{"scalar":0},"beginTime":0,"repeatCount":0,"fillMode":"both","property":"opacity","duration":0.5,"timingFunction":"easeInEaseOut","to":{"scalar":1}},{"from":{"scalar":false},"beginTime":0,"repeatCount":0,"fillMode":"forwards","property":"hidden","duration":0.5,"to":{"scalar":false}}],"beginTime":1e-100,"fillMode":"both","duration":0.5}],"layers":[],"initialState":{"affineTransform":[1,0,0,1,0,0],"masksToBounds":false,"rotation":0,"scale":1,"position":{"pointX":677.3923944091797,"pointY":263.0350646972656},"width":92,"sublayerTransform":[1,0,0,0,0,1,0,0,0,0,1,0,0,0,0,1],"contentsRect":{"y":0,"x":0,"width":1,"height":1},"opacity":1,"edgeAntialiasingMask":0,"height":152,"hidden":true,"anchorPoint":{"pointX":0.5,"pointY":0.5}},"texture":"3F32715A7A1F42D6615A8CE4B353A177"}]}]},"effects":[],"duration":0.5,"type":"buildIn","attributes":{"direction":14},"name":"apple:wipe","objectID":"F4E1B366-B193-4A90-85CB-122AFE439A7A"}],"duration":0.5,"type":"buildIn","attributes":{"direction":14},"name":"apple:wipe","objectID":"F4E1B366-B193-4A90-85CB-122AFE439A7A"}],"duration":0.5,"type":"buildIn","attributes":{"direction":14},"name":"apple:wipe","objectID":"F4E1B366-B193-4A90-85CB-122AFE439A7A"}],"duration":0.5,"type":"buildIn","attributes":{"direction":14},"name":"apple:wipe","objectID":"F4E1B366-B193-4A90-85CB-122AFE439A7A"}],"duration":0.5,"type":"buildIn","attributes":{"direction":14},"name":"apple:wipe","objectID":"F4E1B366-B193-4A90-85CB-122AFE439A7A"}],"duration":0.5,"type":"buildIn","attributes":{"direction":14},"name":"apple:wipe","objectID":"F4E1B366-B193-4A90-85CB-122AFE439A7A"}],"duration":0.5,"type":"buildIn","attributes":{"direction":14},"name":"apple:wipe","objectID":"F4E1B366-B193-4A90-85CB-122AFE439A7A"}],"duration":1,"type":"buildIn","name":"apple:dissolve","objectID":"43CF3427-A6DA-4EC7-A91F-E5F1E6F82BF2"}],"automaticPlay":false,"hyperlinks":[],"accessibility":[{"text":"qqicon-yz.png","targetRectangle":{"y":187.8073453903198,"x":138.5790214538574,"width":68.03147125244141,"height":75.07473754882812}},{"text":"#C","targetRectangle":{"y":281.3096088171005,"x":686.9099104404449,"width":25.55999999999995,"height":24}},{"text":"qqicon-yz.png","targetRectangle":{"y":187.8073453903198,"x":271.490478515625,"width":68.03147125244141,"height":75.07473754882812}},{"text":".NET","targetRectangle":{"y":281.3096088171005,"x":546.2461067438126,"width":43.34000000000003,"height":24}},{"text":"PYTHON","targetRectangle":{"y":281.3096164464951,"x":396.1423041820526,"width":80,"height":24}},{"text":"qqicon-yz.png","targetRectangle":{"y":187.8073444366455,"x":404.4019470214844,"width":68.03147125244141,"height":75.07473754882812}},{"text":"JS","targetRectangle":{"y":281.3096088171005,"x":293.2585297822952,"width":22.22000000000003,"height":24}},{"text":"qqicon-yz.png","targetRectangle":{"y":187.8073453903198,"x":537.3134155273438,"width":68.03147125244141,"height":75.07473754882812}},{"text":"JAVA","targetRectangle":{"y":281.3096088171005,"x":149.6247584819794,"width":45.94,"height":24}},{"text":"qqicon-yz.png","targetRectangle":{"y":187.8073453903198,"x":670.2248840332031,"width":68.03147125244141,"height":75.07473754882812}},{"text":"qqicon-yz.png","targetRectangle":{"y":187.8073453903198,"x":803.1363220214844,"width":68.03147125244141,"height":75.07473754882812}},{"text":"程序鹅 优势特点 一专多能","targetRectangle":{"y":90,"x":79,"width":577.783203125,"height":60}},{"text":"PERL","targetRectangle":{"y":281.3096088171005,"x":807.013653755188,"width":48.89999999999998,"height":24}}],"baseLayer":{"animations":[],"initialState":{"affineTransform":[1,0,0,1,0,0],"masksToBounds":true,"rotation":0,"scale":1,"position":{"pointX":512,"pointY":384},"width":1024,"sublayerTransform":[1,0,0,0,0,1,0,0,0,0,1,0,0,0,0,1],"contentsRect":{"y":0,"x":0,"width":1,"height":1},"opacity":1,"edgeAntialiasingMask":0,"height":768,"hidden":false,"anchorPoint":{"pointX":0.5,"pointY":0.5}},"layers":[{"animations":[],"initialState":{"affineTransform":[1,0,0,1,0,0],"masksToBounds":false,"rotation":0,"scale":1,"position":{"pointX":512,"pointY":384},"width":1024,"sublayerTransform":[1,0,0,0,0,1,0,0,0,0,1,0,0,0,0,1],"contentsRect":{"y":0,"x":0,"width":1,"height":1},"opacity":1,"edgeAntialiasingMask":15,"height":768,"hidden":false,"anchorPoint":{"pointX":0.5,"pointY":0.5}},"layers":[{"animations":[],"initialState":{"affineTransform":[1,0,0,1,0,0],"masksToBounds":false,"rotation":0,"scale":1,"position":{"pointX":512,"pointY":384},"width":1024,"sublayerTransform":[1,0,0,0,0,1,0,0,0,0,1,0,0,0,0,1],"contentsRect":{"y":0,"x":0,"width":1,"height":1},"opacity":1,"edgeAntialiasingMask":15,"height":768,"hidden":false,"anchorPoint":{"pointX":0.5,"pointY":0.5}},"layers":[{"animations":[],"layers":[],"initialState":{"affineTransform":[1,0,0,1,0,0],"masksToBounds":false,"rotation":0,"scale":1,"position":{"pointX":512,"pointY":384},"width":1024,"sublayerTransform":[1,0,0,0,0,1,0,0,0,0,1,0,0,0,0,1],"contentsRect":{"y":0,"x":0,"width":1,"height":1},"opacity":1,"edgeAntialiasingMask":0,"height":768,"hidden":false,"anchorPoint":{"pointX":0.5,"pointY":0.5}},"texture":"498E23C82CA78A4BCD7BA88E5243B6FC"}]}]},{"animations":[],"initialState":{"affineTransform":[1,0,0,1,0,0],"masksToBounds":false,"rotation":0,"scale":1,"position":{"pointX":512,"pointY":384},"width":1024,"sublayerTransform":[1,0,0,0,0,1,0,0,0,0,1,0,0,0,0,1],"contentsRect":{"y":0,"x":0,"width":1,"height":1},"opacity":1,"edgeAntialiasingMask":15,"height":768,"hidden":false,"anchorPoint":{"pointX":0.5,"pointY":0.5}},"layers":[{"animations":[],"initialState":{"affineTransform":[1,0,0,1,0,0],"masksToBounds":false,"rotation":0,"scale":1,"position":{"pointX":512,"pointY":120},"width":874,"sublayerTransform":[1,0,0,0,0,1,0,0,0,0,1,0,0,0,0,1],"contentsRect":{"y":0,"x":0,"width":1,"height":1},"opacity":1,"edgeAntialiasingMask":15,"height":170,"hidden":false,"anchorPoint":{"pointX":0.5,"pointY":0.5}},"objectID":"130FE2DA-658A-4C99-9E1A-4334F048DF0F","layers":[{"animations":[],"layers":[],"initialState":{"affineTransform":[1,0,0,1,0,0],"masksToBounds":false,"rotation":0,"scale":1,"position":{"pointX":292,"pointY":86},"width":574,"sublayerTransform":[1,0,0,0,0,1,0,0,0,0,1,0,0,0,0,1],"contentsRect":{"y":0,"x":0,"width":1,"height":1},"opacity":1,"edgeAntialiasingMask":0,"height":50,"hidden":false,"anchorPoint":{"pointX":0.5,"pointY":0.5}},"texture":"05AAF1AFA9339A402EDC9829383C5826"}]}]},{"animations":[],"initialState":{"affineTransform":[1,0,0,1,0,0],"masksToBounds":false,"rotation":0,"scale":1,"position":{"pointX":512,"pointY":384},"width":1024,"sublayerTransform":[1,0,0,0,0,1,0,0,0,0,1,0,0,0,0,1],"contentsRect":{"y":0,"x":0,"width":1,"height":1},"opacity":1,"edgeAntialiasingMask":15,"height":768,"hidden":false,"anchorPoint":{"pointX":0.5,"pointY":0.5}},"layers":[{"animations":[],"initialState":{"affineTransform":[1,0,0,1,0,0],"masksToBounds":false,"rotation":0,"scale":1,"position":{"pointX":502.0292053222656,"pointY":242.281135559082},"width":738.2772216796875,"sublayerTransform":[1,0,0,0,0,1,0,0,0,0,1,0,0,0,0,1],"contentsRect":{"y":0,"x":0,"width":1,"height":1},"opacity":1,"edgeAntialiasingMask":15,"height":134.0569610595703,"hidden":false,"anchorPoint":{"pointX":0.5,"pointY":0.5}},"objectID":"43CF3427-A6DA-4EC7-A91F-E5F1E6F82BF2","layers":[{"animations":[],"layers":[],"initialState":{"affineTransform":[1,0,0,1,0,0],"masksToBounds":false,"rotation":0,"scale":1,"position":{"pointX":372.1094055175781,"pointY":73.74734497070312},"width":734,"sublayerTransform":[1,0,0,0,0,1,0,0,0,0,1,0,0,0,0,1],"contentsRect":{"y":0,"x":0,"width":1,"height":1},"opacity":1,"edgeAntialiasingMask":0,"height":124,"hidden":true,"anchorPoint":{"pointX":0.5,"pointY":0.5}},"texture":"1B14933B3B9AA54B408595B1B666D3E2"}]}]},{"animations":[],"initialState":{"affineTransform":[1,0,0,1,0,0],"masksToBounds":false,"rotation":0,"scale":1,"position":{"pointX":512,"pointY":384},"width":1024,"sublayerTransform":[1,0,0,0,0,1,0,0,0,0,1,0,0,0,0,1],"contentsRect":{"y":0,"x":0,"width":1,"height":1},"opacity":1,"edgeAntialiasingMask":15,"height":768,"hidden":false,"anchorPoint":{"pointX":0.5,"pointY":0.5}},"layers":[{"animations":[],"initialState":{"affineTransform":[1,0,0,1,0,0],"masksToBounds":false,"rotation":0,"scale":1,"position":{"pointX":505.1234210205078,"pointY":508.8131256103516},"width":735.031630859375,"sublayerTransform":[1,0,0,0,0,1,0,0,0,0,1,0,0,0,0,1],"contentsRect":{"y":0,"x":0,"width":1,"height":1},"opacity":1,"edgeAntialiasingMask":15,"height":363.6963806152344,"hidden":false,"anchorPoint":{"pointX":0.5,"pointY":0.5}},"objectID":"F4E1B366-B193-4A90-85CB-122AFE439A7A","layers":[{"animations":[],"layers":[],"initialState":{"affineTransform":[1,0,0,1,0,0],"masksToBounds":false,"rotation":0,"scale":1,"position":{"pointX":367.3923944091797,"pointY":181.5350646972656},"width":738,"sublayerTransform":[1,0,0,0,0,1,0,0,0,0,1,0,0,0,0,1],"contentsRect":{"y":0,"x":0,"width":1,"height":1},"opacity":1,"edgeAntialiasingMask":0,"height":367,"hidden":true,"anchorPoint":{"pointX":0.5,"pointY":0.5}},"texture":"60F3BC1F298508CD44D02D14A387C2B4"}]}]}]}},{"effects":[{"beginTime":0,"baseLayer":{"animations":[],"initialState":{"affineTransform":[1,0,0,1,0,0],"masksToBounds":true,"rotation":0,"scale":1,"position":{"pointX":512,"pointY":384},"width":1024,"sublayerTransform":[1,0,0,0,0,1,0,0,0,0,1,0,0,0,0,1],"contentsRect":{"y":0,"x":0,"width":1,"height":1},"opacity":1,"edgeAntialiasingMask":0,"height":768,"hidden":false,"anchorPoint":{"pointX":0.5,"pointY":0.5}},"objectID":"0","layers":[{"animations":[],"initialState":{"affineTransform":[1,0,0,1,0,0],"masksToBounds":false,"rotation":0,"scale":1,"position":{"pointX":512,"pointY":384},"width":1024,"sublayerTransform":[1,0,0,0,0,1,0,0,0,0,1,-0.0004922987690640373,0,0,0,1],"contentsRect":{"y":0,"x":0,"width":1,"height":1},"opacity":1,"edgeAntialiasingMask":15,"height":768,"hidden":false,"anchorPoint":{"pointX":0.5,"pointY":0.5}},"layers":[{"animations":[],"layers":[],"initialState":{"affineTransform":[1,0,0,1,0,0],"masksToBounds":false,"rotation":0,"scale":1,"position":{"pointX":512,"pointY":384},"width":1024,"sublayerTransform":[1,0,0,0,0,1,0,0,0,0,1,0,0,0,0,1],"contentsRect":{"y":0,"x":0,"width":1,"height":1},"opacity":1,"edgeAntialiasingMask":0,"height":768,"hidden":false,"anchorPoint":{"pointX":0.5,"pointY":0.5}},"texture":"498E23C82CA78A4BCD7BA88E5243B6FC"},{"animations":[{"from":{"scalar":false},"beginTime":0,"repeatCount":0,"fillMode":"both","property":"hidden","duration":0.01,"to":{"scalar":true}}],"layers":[],"initialState":{"affineTransform":[1,0,0,1,0,0],"masksToBounds":false,"rotation":0,"scale":1,"position":{"pointX":512,"pointY":384},"width":1024,"sublayerTransform":[1,0,0,0,0,1,0,0,0,0,1,0,0,0,0,1],"contentsRect":{"y":0,"x":0,"width":1,"height":1},"opacity":1,"edgeAntialiasingMask":0,"height":768,"hidden":false,"anchorPoint":{"pointX":0.5,"pointY":0.5}},"texture":"E4735D70BF3981F0ED56DDB6674F2DFA"}]}]},"effects":[],"duration":0.01,"type":"transition","name":"none","objectID":"0"}],"automaticPlay":false,"hyperlinks":[],"accessibility":[{"text":"qqicon-yz.png","targetRectangle":{"y":187.8073453903198,"x":138.5790214538574,"width":68.03147125244141,"height":75.07473754882812}},{"text":"#C","targetRectangle":{"y":281.3096088171005,"x":686.9099104404449,"width":25.55999999999995,"height":24}},{"text":"qqicon-yz.png","targetRectangle":{"y":187.8073453903198,"x":271.490478515625,"width":68.03147125244141,"height":75.07473754882812}},{"text":".NET","targetRectangle":{"y":281.3096088171005,"x":546.2461067438126,"width":43.34000000000003,"height":24}},{"text":"PYTHON","targetRectangle":{"y":281.3096164464951,"x":396.1423041820526,"width":80,"height":24}},{"text":"qqicon-yz.png","targetRectangle":{"y":187.8073444366455,"x":404.4019470214844,"width":68.03147125244141,"height":75.07473754882812}},{"text":"JS","targetRectangle":{"y":281.3096088171005,"x":293.2585297822952,"width":22.22000000000003,"height":24}},{"text":"qqicon-yz.png","targetRectangle":{"y":187.8073453903198,"x":537.3134155273438,"width":68.03147125244141,"height":75.07473754882812}},{"text":"JAVA","targetRectangle":{"y":281.3096088171005,"x":149.6247584819794,"width":45.94,"height":24}},{"text":"qqicon-yz.png","targetRectangle":{"y":187.8073453903198,"x":670.2248840332031,"width":68.03147125244141,"height":75.07473754882812}},{"text":"qqicon-yz.png","targetRectangle":{"y":187.8073453903198,"x":803.1363220214844,"width":68.03147125244141,"height":75.07473754882812}},{"text":"程序鹅 优势特点 一专多能","targetRectangle":{"y":90,"x":79,"width":577.783203125,"height":60}},{"text":"PERL","targetRectangle":{"y":281.3096088171005,"x":807.013653755188,"width":48.89999999999998,"height":24}}],"baseLayer":{"animations":[],"initialState":{"affineTransform":[1,0,0,1,0,0],"masksToBounds":true,"rotation":0,"scale":1,"position":{"pointX":512,"pointY":384},"width":1024,"sublayerTransform":[1,0,0,0,0,1,0,0,0,0,1,0,0,0,0,1],"contentsRect":{"y":0,"x":0,"width":1,"height":1},"opacity":1,"edgeAntialiasingMask":0,"height":768,"hidden":false,"anchorPoint":{"pointX":0.5,"pointY":0.5}},"objectID":"0","layers":[{"animations":[],"initialState":{"affineTransform":[1,0,0,1,0,0],"masksToBounds":false,"rotation":0,"scale":1,"position":{"pointX":512,"pointY":384},"width":1024,"sublayerTransform":[1,0,0,0,0,1,0,0,0,0,1,-0.0004922987690640373,0,0,0,1],"contentsRect":{"y":0,"x":0,"width":1,"height":1},"opacity":1,"edgeAntialiasingMask":15,"height":768,"hidden":false,"anchorPoint":{"pointX":0.5,"pointY":0.5}},"layers":[{"animations":[],"layers":[],"initialState":{"affineTransform":[1,0,0,1,0,0],"masksToBounds":false,"rotation":0,"scale":1,"position":{"pointX":512,"pointY":384},"width":1024,"sublayerTransform":[1,0,0,0,0,1,0,0,0,0,1,0,0,0,0,1],"contentsRect":{"y":0,"x":0,"width":1,"height":1},"opacity":1,"edgeAntialiasingMask":0,"height":768,"hidden":false,"anchorPoint":{"pointX":0.5,"pointY":0.5}},"texture":"E4735D70BF3981F0ED56DDB6674F2DFA"}]}]}}]}